name,forms_strengths,source_list,region,healthcare_level,source_urls,status
Halothane,Liquid for inhalation | Inhalation,"India NLEM 2022, India NLEM 2015",India,"S,T","https://cdn.who.int/media/docs/default-source/essential-medicines/national-essential-medicines-lists-%28neml%29/searo_neml/india-2022.pdf?download=true&sfvrsn=a557cb1d_3, https://cdn.who.int/media/docs/default-source/searo/hsd/edm/neml-ind-2015-govweb-ok.pdf",active
Isoflurane,Liquid for inhalation | Injection 10 mg/mL | Inhalation | Injection 10 mg/ml,"India NLEM 2022, India NLEM 2015",India,"S,T","https://cdn.who.int/media/docs/default-source/essential-medicines/national-essential-medicines-lists-%28neml%29/searo_neml/india-2022.pdf?download=true&sfvrsn=a557cb1d_3, https://cdn.who.int/media/docs/default-source/searo/hsd/edm/neml-ind-2015-govweb-ok.pdf",active
Nitrous oxide,As licensed for medical purpose | Inhalation,"India NLEM 2022, India NLEM 2015",India,"P,S,T","https://cdn.who.int/media/docs/default-source/essential-medicines/national-essential-medicines-lists-%28neml%29/searo_neml/india-2022.pdf?download=true&sfvrsn=a557cb1d_3, https://cdn.who.int/media/docs/default-source/searo/hsd/edm/neml-ind-2015-govweb-ok.pdf",active
Oxygen*,As licensed for medical purpose,India NLEM 2022,India,"P,S,T",https://cdn.who.int/media/docs/default-source/essential-medicines/national-essential-medicines-lists-%28neml%29/searo_neml/india-2022.pdf?download=true&sfvrsn=a557cb1d_3,active
Propofol,Injection 10 mg/mL | Injection 10 mg/ml,"India NLEM 2022, India NLEM 2015",India,"P,S,T","https://cdn.who.int/media/docs/default-source/essential-medicines/national-essential-medicines-lists-%28neml%29/searo_neml/india-2022.pdf?download=true&sfvrsn=a557cb1d_3, https://cdn.who.int/media/docs/default-source/searo/hsd/edm/neml-ind-2015-govweb-ok.pdf",active
Sevoflurane,Liquid for inhalation | Powder for injection 0.5 g | Inhalation | Powder for Injection 0.5 g,"India NLEM 2022, India NLEM 2015",India,"S,T","https://cdn.who.int/media/docs/default-source/essential-medicines/national-essential-medicines-lists-%28neml%29/searo_neml/india-2022.pdf?download=true&sfvrsn=a557cb1d_3, https://cdn.who.int/media/docs/default-source/searo/hsd/edm/neml-ind-2015-govweb-ok.pdf",active
Glycopyrrolate,Injection 0.2 mg/mL | Tablet 7.5 mg | Nasal Spray 0.5mg | Injection 0.2 mg/ml | Tablet 15 mg,"India NLEM 2022, India NLEM 2015",India,"S,T","https://cdn.who.int/media/docs/default-source/essential-medicines/national-essential-medicines-lists-%28neml%29/searo_neml/india-2022.pdf?download=true&sfvrsn=a557cb1d_3, https://cdn.who.int/media/docs/default-source/searo/hsd/edm/neml-ind-2015-govweb-ok.pdf",active
Midazolam*,Nasal Spray 1.25 mg | Injection 1 mg/mL | Injection 5 mg/mL | Injection 10 mg/mL,India NLEM 2022,India,"P,S,T",https://cdn.who.int/media/docs/default-source/essential-medicines/national-essential-medicines-lists-%28neml%29/searo_neml/india-2022.pdf?download=true&sfvrsn=a557cb1d_3,active
Atracurium,Injection 10 mg/mL | Tablet 5 mg | Injection 10 mg/ml,"India NLEM 2022, India NLEM 2015",India,"S,T","https://cdn.who.int/media/docs/default-source/essential-medicines/national-essential-medicines-lists-%28neml%29/searo_neml/india-2022.pdf?download=true&sfvrsn=a557cb1d_3, https://cdn.who.int/media/docs/default-source/searo/hsd/edm/neml-ind-2015-govweb-ok.pdf",active
Baclofen,"Tablet 10 mg | Tablet 20 mg | *Midazolam formulations are also listed in - | A. Section 5.1.7- Medicines used in Neurological Disorders Anticonvulsants/ Antiepileptics | B. Section 7.4.12- Anti-cancer agents including Immunosuppressives, and Medicines used in | Palliative Care | **Morphine formulations are also listed in - | A. Section 2.2.2- Analgesics, Antipyretics, Non-steroidal Anti-inflammatory Drugs (NSAIDs), | Medicines used to treat Gout and Disease Modifying Agents used in Rheumatoid Disorders - | Opioid Analgesics | B. Section 7.4.13 - Anti-cancer agents including immunosuppressives, and medicines used in | Medicine Dosage form(s) and strength(s) | Healthcare | Tablet 15 mg","India NLEM 2022, India NLEM 2015",India,"S,T","https://cdn.who.int/media/docs/default-source/essential-medicines/national-essential-medicines-lists-%28neml%29/searo_neml/india-2022.pdf?download=true&sfvrsn=a557cb1d_3, https://cdn.who.int/media/docs/default-source/searo/hsd/edm/neml-ind-2015-govweb-ok.pdf",active
Succinylcholine,Injection 50 mg/mL | Powder for injection 4 mg | Injection 50 mg/ml | Powder for Injection 4 mg,"India NLEM 2022, India NLEM 2015",India,"S,T","https://cdn.who.int/media/docs/default-source/essential-medicines/national-essential-medicines-lists-%28neml%29/searo_neml/india-2022.pdf?download=true&sfvrsn=a557cb1d_3, https://cdn.who.int/media/docs/default-source/searo/hsd/edm/neml-ind-2015-govweb-ok.pdf",active
Ibuprofen*,Tablet 400 mg | Oral liquid 100 mg/5 mL (p) | Tablet 500 mg | Tablet 650 mg,India NLEM 2022,India,"P,S,T",https://cdn.who.int/media/docs/default-source/essential-medicines/national-essential-medicines-lists-%28neml%29/searo_neml/india-2022.pdf?download=true&sfvrsn=a557cb1d_3,active
Mefenamic acid,Tablet 250 mg | Oral liquid 100 mg/5 mL (p) | Tablet 500 mg | Tablet 650 mg | Oral liquid 120 mg/5 mL (p) | Oral Liquid 125 mg/5 mL (p) | Capsule 500 mg | Oral liquid 100 mg/5 ml | All licenced oral liquid dosage,"India NLEM 2022, India NLEM 2015",India,"P,S,T","https://cdn.who.int/media/docs/default-source/essential-medicines/national-essential-medicines-lists-%28neml%29/searo_neml/india-2022.pdf?download=true&sfvrsn=a557cb1d_3, https://cdn.who.int/media/docs/default-source/searo/hsd/edm/neml-ind-2015-govweb-ok.pdf",active
Fentanyl,Injection 50 mcg/mL | *Ibuprofen formulations are also listed in Section 5.2.2 - Medicines used in Neurological | Disorders-Antimigraine Medicines | ** Paracetamol formulations are also listed in - | A. Section 5.2.3 - Medicines used in Neurological Disorders-Antimigraine Medicines | B. Section 27.4 - Medicines for COVID 19 Management | Medicine Dosage form(s) and strength(s) | Healthcare | Tablet 10 mg | Injection 50 mcg/ml,"India NLEM 2022, India NLEM 2015",India,"S,T","https://cdn.who.int/media/docs/default-source/essential-medicines/national-essential-medicines-lists-%28neml%29/searo_neml/india-2022.pdf?download=true&sfvrsn=a557cb1d_3, https://cdn.who.int/media/docs/default-source/searo/hsd/edm/neml-ind-2015-govweb-ok.pdf",active
Morphine*,Injection 10 mg/mL | Injection 15 mg/mL | Capsule 50 mg,India NLEM 2022,India,"P,S,T",https://cdn.who.int/media/docs/default-source/essential-medicines/national-essential-medicines-lists-%28neml%29/searo_neml/india-2022.pdf?download=true&sfvrsn=a557cb1d_3,active
Tramadol**,Capsule 100 mg | Injection 50 mg/mL | 2.3-Medicines used to treat Gout | Medicine Dosage form(s) and strength(s) | Healthcare | Tablet 100 mg,India NLEM 2022,India,"S,T",https://cdn.who.int/media/docs/default-source/essential-medicines/national-essential-medicines-lists-%28neml%29/searo_neml/india-2022.pdf?download=true&sfvrsn=a557cb1d_3,active
Colchicine,"Tablet 0.5 mg | *Morphine formulations are also listed in - | A. Section 1.3.4 - Medicines used in Anaesthesia - Preoperative medication and sedation for | short term procedures | B. Section 7.4.13 - Anti-cancer agents including Immunosuppressives, and Medicines used in | Palliative Care | ** Tramadol formulations are also listed in | Immunosuppressives, and Medicines used in Palliative Care | *** Allopurinol formulations are also listed in | 2.4-Disease Modifying Agents used in Rheumatoid Disorders | Medicine Dosage form(s) and strength(s) | Healthcare | Tablet 25 mg (p) | 2.4–Disease modifying agents used in rheumatoid disorders | Medicine Dosage form and strength","India NLEM 2022, India NLEM 2015",India,"P,S,T","https://cdn.who.int/media/docs/default-source/essential-medicines/national-essential-medicines-lists-%28neml%29/searo_neml/india-2022.pdf?download=true&sfvrsn=a557cb1d_3, https://cdn.who.int/media/docs/default-source/searo/hsd/edm/neml-ind-2015-govweb-ok.pdf",active
Adrenaline,Injection 1 mg/mL | Tablet 10 mg | Injection 1 mg/ml,"India NLEM 2022, India NLEM 2015",India,"P,S,T","https://cdn.who.int/media/docs/default-source/essential-medicines/national-essential-medicines-lists-%28neml%29/searo_neml/india-2022.pdf?download=true&sfvrsn=a557cb1d_3, https://cdn.who.int/media/docs/default-source/searo/hsd/edm/neml-ind-2015-govweb-ok.pdf",active
Dexamethasone*,Tablet 4 mg | Oral liquid 0.5 mg/5 mL (p) | Injection 4 mg/mL | Tablet 5 mg | Tablet 10 mg | Injection 40 mg/ 0.4 mL,India NLEM 2022,India,"P,S,T",https://cdn.who.int/media/docs/default-source/essential-medicines/national-essential-medicines-lists-%28neml%29/searo_neml/india-2022.pdf?download=true&sfvrsn=a557cb1d_3,active
Pheniramine,Injection 22.75 mg/mL | Tablet 5 mg | Tablet 10 mg | Injection 22.75 mg/ml,"India NLEM 2022, India NLEM 2015",India,"P,S,T","https://cdn.who.int/media/docs/default-source/essential-medicines/national-essential-medicines-lists-%28neml%29/searo_neml/india-2022.pdf?download=true&sfvrsn=a557cb1d_3, https://cdn.who.int/media/docs/default-source/searo/hsd/edm/neml-ind-2015-govweb-ok.pdf",active
Prednisolone***,"Tablet 20 mg | Oral liquid 5 mg/5 mL (p) | Oral liquid 15 mg/5 mL (p) | *Dexamethasone formulations are also listed in - | A. Section 7.4.3 - Anti-cancer agents including Immunosuppressives, and Medicines used in | Palliative Care | B. Section 18.1.1 - Hormones, other Endocrine Medicines and Contraceptives - Adrenal | Hormones and Synthetic Substitutes | C. Section 27.1 - Medicines for COVID 19 Management | ** Hydrocortisone formulations are also listed in Section 18.1.3 - Hormones, other | Endocrine Medicines and Contraceptives- Adrenal Hormones and Synthetic Substitutes | ***Prednisolone formulations are also listed in - | A. Section 7.2.4 - Anti-cancer agents including Immunosuppressives, and Medicines used in | Palliative Care - Hormones and Anti-Hormones used in cancer therapy | B. Section 18.1.5 - Hormones, other Endocrine Medicines and Contraceptives -Adrenal | Hormones and Synthetic Substitutes | C. Section 21.2.1 - Ophthalmological Medicines- Anti-inflammatory Medicine | Antidotes and Other Substances used in Management of | Poisonings/Envenomation | 4.1-Nonspecific | Medicine Dosage form(s) and strength(s) | Healthcare",India NLEM 2022,India,"P,S,T",https://cdn.who.int/media/docs/default-source/essential-medicines/national-essential-medicines-lists-%28neml%29/searo_neml/india-2022.pdf?download=true&sfvrsn=a557cb1d_3,active
Activated Charcoal,Powder (as licensed) | 4.2–Specific | Medicine Dosage form and strength | Healthcare,"India NLEM 2022, India NLEM 2015",India,"P,S,T","https://cdn.who.int/media/docs/default-source/essential-medicines/national-essential-medicines-lists-%28neml%29/searo_neml/india-2022.pdf?download=true&sfvrsn=a557cb1d_3, https://cdn.who.int/media/docs/default-source/searo/hsd/edm/neml-ind-2015-govweb-ok.pdf",active
Calcium gluconate**,Injection 100 mg/mL | Capsule 150 mg (p),India NLEM 2022,India,"P,S,T",https://cdn.who.int/media/docs/default-source/essential-medicines/national-essential-medicines-lists-%28neml%29/searo_neml/india-2022.pdf?download=true&sfvrsn=a557cb1d_3,active
Desferrioxamine,Powder for injection 500 mg | Methylthioninium | Powder for Injection 500 mg,"India NLEM 2022, India NLEM 2015",India,"S,T","https://cdn.who.int/media/docs/default-source/essential-medicines/national-essential-medicines-lists-%28neml%29/searo_neml/india-2022.pdf?download=true&sfvrsn=a557cb1d_3, https://cdn.who.int/media/docs/default-source/searo/hsd/edm/neml-ind-2015-govweb-ok.pdf",active
chloride,Injection 10 mg/mL | (Methylene blue) | *Atropine formulations are also listed in - | A. Section 1.3.1 - Medicines used in Anaesthesia -Preoperative Medication and Sedation for | short term procedures | B. Section 21.5.1 - Ophthalmological Medicines- Mydriatics | ** Calcium gluconate formulations are also listed in Section 26.3 - Vitamins and minerals | Medicine Dosage form(s) and strength(s) | Healthcare | Sachet 200 mg | Topical preparation 0.25% to 2% | (Gentian Violet) | Injection 10 mg/ml,"India NLEM 2022, India NLEM 2015",India,"S,T","https://cdn.who.int/media/docs/default-source/essential-medicines/national-essential-medicines-lists-%28neml%29/searo_neml/india-2022.pdf?download=true&sfvrsn=a557cb1d_3, https://cdn.who.int/media/docs/default-source/searo/hsd/edm/neml-ind-2015-govweb-ok.pdf",active
Naloxone,Injection 0.4 mg/mL | Injection 0.4 mg/ml,"India NLEM 2022, India NLEM 2015",India,"P,S,T","https://cdn.who.int/media/docs/default-source/essential-medicines/national-essential-medicines-lists-%28neml%29/searo_neml/india-2022.pdf?download=true&sfvrsn=a557cb1d_3, https://cdn.who.int/media/docs/default-source/searo/hsd/edm/neml-ind-2015-govweb-ok.pdf",active
Neostigmine*,Injection 0.5 mg/mL | Pralidoxime chloride,India NLEM 2022,India,"P,S,T",https://cdn.who.int/media/docs/default-source/essential-medicines/national-essential-medicines-lists-%28neml%29/searo_neml/india-2022.pdf?download=true&sfvrsn=a557cb1d_3,active
Sodium nitrite,Injection 30 mg/mL | Injection 30 mg/ml | Sodium,"India NLEM 2022, India NLEM 2015",India,"S,T","https://cdn.who.int/media/docs/default-source/essential-medicines/national-essential-medicines-lists-%28neml%29/searo_neml/india-2022.pdf?download=true&sfvrsn=a557cb1d_3, https://cdn.who.int/media/docs/default-source/searo/hsd/edm/neml-ind-2015-govweb-ok.pdf",active
Sodium thiosulphate,Injection 250 mg/mL | * Neostigmine formulations are also listed in Section 1.4.3 - Medicines used in Anaesthesia - | Muscle relaxants and cholinesterase inhibitors | ** Snake Venom antiserum is also listed in Section 19.2.7. - Immunologicals - | Sera and immunoglobulins (Liquid/ Lyophilized) | Medicines used in Neurological Disorders | Medicine Dosage form(s) and strength(s) | Healthcare | Tablet 100 mg | Tablet 200 mg | Tablet 400 mg,India NLEM 2022,India,"S,T",https://cdn.who.int/media/docs/default-source/essential-medicines/national-essential-medicines-lists-%28neml%29/searo_neml/india-2022.pdf?download=true&sfvrsn=a557cb1d_3,active
Carbamazepine*,Modified Release - | Tablet 200 mg | Tablet 400 mg | Oral liquid 100 mg/5 mL (p) | Tablet 5 mg,India NLEM 2022,India,"P,S,T",https://cdn.who.int/media/docs/default-source/essential-medicines/national-essential-medicines-lists-%28neml%29/searo_neml/india-2022.pdf?download=true&sfvrsn=a557cb1d_3,active
Diazepam**,Injection 5 mg/mL | Suppository 5 mg | Tablet 250 mg | Tablet 500 mg | Tablet 750 mg,India NLEM 2022,India,"P,S,T",https://cdn.who.int/media/docs/default-source/essential-medicines/national-essential-medicines-lists-%28neml%29/searo_neml/india-2022.pdf?download=true&sfvrsn=a557cb1d_3,active
Magnesium sulphate,Injection 500 mg/mL | Tablet 7.5 mg | Tablet 15 mg | Nasal Spray 0.5 mg/actuation,India NLEM 2022,India,"S,T",https://cdn.who.int/media/docs/default-source/essential-medicines/national-essential-medicines-lists-%28neml%29/searo_neml/india-2022.pdf?download=true&sfvrsn=a557cb1d_3,active
Paracetamol**,Oral liquid 120 mg/5mL (p) | Oral Liquid 125 mg/5mL (p) | Oral Liquid 250 mg/5mL (p) | Tablet 25 mg | Oral liquid 120 mg/5 mL (p) | Oral Liquid 125 mg/5 mL (p) | Oral Liquid 250 mg/5 mL (p),India NLEM 2022,India,"P,S,T",https://cdn.who.int/media/docs/default-source/essential-medicines/national-essential-medicines-lists-%28neml%29/searo_neml/india-2022.pdf?download=true&sfvrsn=a557cb1d_3,active
Amitriptyline***,"Tablet 25 mg | Tablet 75 mg | *Ibuprofen formulations are also listed in Section 2.1.3 - Analgesics, Antipyretics, Non- | steroidal Anti-inflammatory Drugs (NSAIDs), Medicines used to treat Gout and Disease | Modifying Agents used in Rheumatoid Disorders Non-opioid Analgesics, Antipyretics and | Non-steroidal Anti- inflammatory Drugs | **Paracetamol formulations are also listed in - | A. Section 2.1.5 - Analgesics, Antipyretics, Non-steroidal Anti-inflammatory | Drugs (NSAIDs), Medicines used to treat Gout and Disease Modifying Agents used in | Rheumatoid Disorders - Non-opioid analgesics, antipyretics and nonsteroidal anti- | inflammatory medicines | B. Section 27.4 - Medicines for COVID 19 management | *** Amitriptyline formulations are also listed in - | A. Section 7.4.2 - Anti-cancer agents including Immunosuppressives, and Medicines used in | Palliative Care - Medicines used in Palliative Care- | B. Section 23.2.1.1 - Medicines used in treatment of Psychiatric Disorders -Medicines used in | mood disorders- Medicines used in depressive disorders | Medicine Dosage form(s) and strength(s) | Healthcare | Tablet 5 mg",India NLEM 2022,India,"P,S,T",https://cdn.who.int/media/docs/default-source/essential-medicines/national-essential-medicines-lists-%28neml%29/searo_neml/india-2022.pdf?download=true&sfvrsn=a557cb1d_3,active
Propranolol,Tablet 20 mg | Tablet 40 mg | Medicine Dosage form(s) and strength(s) | Healthcare | Tablet 100 mg (A) + 10 mg (B) | Tablet 100 mg (A) + 25 mg (B) | Tablet 250 mg (A) + 25 mg (B) | Levodopa (A) + | Tablet 80 mg | in palliative care | 8.1–Antineoplastic medicines | Medicine Dosage form and strength,"India NLEM 2022, India NLEM 2015",India,"P,S,T","https://cdn.who.int/media/docs/default-source/essential-medicines/national-essential-medicines-lists-%28neml%29/searo_neml/india-2022.pdf?download=true&sfvrsn=a557cb1d_3, https://cdn.who.int/media/docs/default-source/searo/hsd/edm/neml-ind-2015-govweb-ok.pdf",active
Trihexyphenidyl,Tablet 2 mg | Medicine Dosage form(s) and strength(s) | Healthcare | Tablet 5 mg | 10.1–Antianaemia medicines | Medicine Dosage form and strength | Injection 2000 IU/ml,"India NLEM 2022, India NLEM 2015",India,"P,S,T","https://cdn.who.int/media/docs/default-source/essential-medicines/national-essential-medicines-lists-%28neml%29/searo_neml/india-2022.pdf?download=true&sfvrsn=a557cb1d_3, https://cdn.who.int/media/docs/default-source/searo/hsd/edm/neml-ind-2015-govweb-ok.pdf",active
Albendazole*,Chewable Tablet 400 mg | Oral liquid 200 mg/5 mL (p) | Tablet 100 mg | Tablet 50 mg | Diethylcarbamazine,India NLEM 2022,India,"P,S,T",https://cdn.who.int/media/docs/default-source/essential-medicines/national-essential-medicines-lists-%28neml%29/searo_neml/india-2022.pdf?download=true&sfvrsn=a557cb1d_3,active
Praziquantel,Tablet 600 mg | 6.2-Antibacterials | 6.2–Antibacterials | 6.2.1–Beta lactam medicines | Medicine Dosage form and strength | Healthcare | Capsule 250 mg,"India NLEM 2022, India NLEM 2015",India,"S,T","https://cdn.who.int/media/docs/default-source/essential-medicines/national-essential-medicines-lists-%28neml%29/searo_neml/india-2022.pdf?download=true&sfvrsn=a557cb1d_3, https://cdn.who.int/media/docs/default-source/searo/hsd/edm/neml-ind-2015-govweb-ok.pdf",active
Amoxicillin,"Oral liquid 250 mg/5 mL (p) | Powder for Injection 250 mg | Powder for Injection 500 mg | Powder for injection 1000 mg | Tablet 500 mg (A) + 125 mg (B) | Oral liquid 200 mg (A) + 28.5 | P,S,T mg (B)/5 mL (p) | Dry Syrup 125 mg (A) + 31.25 | Amoxicillin (A) + | Capsule 500 mg | Oral liquid 250 mg/5 ml | Oral liquid 200 mg (A) + 28.5 mg","India NLEM 2022, India NLEM 2015",India,"P,S,T","https://cdn.who.int/media/docs/default-source/essential-medicines/national-essential-medicines-lists-%28neml%29/searo_neml/india-2022.pdf?download=true&sfvrsn=a557cb1d_3, https://cdn.who.int/media/docs/default-source/searo/hsd/edm/neml-ind-2015-govweb-ok.pdf",active
Cefadroxil,Tablet 100 mg | Oral liquid 125 mg/5 mL (p) | Powder for Injection 500 mg | Tablet 1 g | Oral liquid 125 mg/5 ml,"India NLEM 2022, India NLEM 2015",India,"P,S,T","https://cdn.who.int/media/docs/default-source/essential-medicines/national-essential-medicines-lists-%28neml%29/searo_neml/india-2022.pdf?download=true&sfvrsn=a557cb1d_3, https://cdn.who.int/media/docs/default-source/searo/hsd/edm/neml-ind-2015-govweb-ok.pdf",active
Cefotaxime*,Powder for Injection 500 mg | Powder for Injection 1000 mg | *Cefotaxime formulations are also listed in Section 6.7.5.2 - Anti-infective Medicines- | Antiviral Medicines- Medicines for treating Opportunistic Infections in People living with | HIV | Medicine Dosage form(s) and strength(s) | Healthcare | Powder for Injection 250 mg,India NLEM 2022,India,"S,T",https://cdn.who.int/media/docs/default-source/essential-medicines/national-essential-medicines-lists-%28neml%29/searo_neml/india-2022.pdf?download=true&sfvrsn=a557cb1d_3,active
Clarithromycin**,Tablet 500 mg | Oral liquid 125 mg/5 mL (p) | Capsule 150 mg,India NLEM 2022,India,"S,T",https://cdn.who.int/media/docs/default-source/essential-medicines/national-essential-medicines-lists-%28neml%29/searo_neml/india-2022.pdf?download=true&sfvrsn=a557cb1d_3,active
Clindamycin***,Capsule 300 mg | Injection 150 mg /mL | Co-trimoxazole | Tablet 400 mg (A) + 80 mg (B) | [Sulphamethoxazole | Tablet 800 mg (A) + 160 mg (B) | Tablet 300 mg | *Acyclovir formulations are also listed in - | A. Section 6.6.1.1 - Anti-infective Medicines -Antiviral medicines -Anti-herpes medicines | B. Section 21.1.1 - Ophthalmological Medicines- Anti-infective Medicine | ** Cefotaxime formulations are also listed in Section 6.2.1.9 - Anti-infective Medicines - | Antibacterials- Beta-Lactam medicines | ***Clindamycin formulations are also listed in -A. Section 6.2.2.5 - Anti-infective Medicines | - Antibacterials -Other antibacterials | B. Section 6.9.3.1 - Anti-infective Medicines - Medicines for amoebiasis and other parasitic | infections -Antipneumocystosis and antitoxoplasmosis medicines | C. Section 6.10.1.5 - Anti-infective Medicines - Antimalarial medicines- For curative treatment | Medicine Dosage form(s) and strength(s) | Healthcare,India NLEM 2022,India,"P,S,T",https://cdn.who.int/media/docs/default-source/essential-medicines/national-essential-medicines-lists-%28neml%29/searo_neml/india-2022.pdf?download=true&sfvrsn=a557cb1d_3,active
Doxycycline*,Dry Syrup 50 mg/5 mL (p) | Power for Injection 100 mg | Injection 10 mg/mL,India NLEM 2022,India,"P,S,T",https://cdn.who.int/media/docs/default-source/essential-medicines/national-essential-medicines-lists-%28neml%29/searo_neml/india-2022.pdf?download=true&sfvrsn=a557cb1d_3,active
Vancomycin,Powder for Injection 250 mg | Powder for Injection 500 mg | Powder for Injection 1000 mg | *Doxycycline formulations are also listed in Section 6.10.2.1 - Anti-infective Medicines- | Antimalarial medicines- For prophylaxis | **Metronidazole formulations are also listed in Section 6.9.1.1 - Anti-infective Medicines - | Antiprotozoal Medicines - Medicines for amoebiasis and other parasitic infections | Powder for Injection 1 g | 6.2.3–Antileprosy medicines | Medicine Dosage form and strength | Healthcare | Capsule 50 mg,"India NLEM 2022, India NLEM 2015",India,"S,T","https://cdn.who.int/media/docs/default-source/essential-medicines/national-essential-medicines-lists-%28neml%29/searo_neml/india-2022.pdf?download=true&sfvrsn=a557cb1d_3, https://cdn.who.int/media/docs/default-source/searo/hsd/edm/neml-ind-2015-govweb-ok.pdf",active
Amikacin,Injection 250 mg/mL | Injection 500 mg/mL,India NLEM 2022,India,"S,T",https://cdn.who.int/media/docs/default-source/essential-medicines/national-essential-medicines-lists-%28neml%29/searo_neml/india-2022.pdf?download=true&sfvrsn=a557cb1d_3,active
Bedaquiline,Tablet 100 mg | Tablet 250 mg,India NLEM 2022,India,T,https://cdn.who.int/media/docs/default-source/essential-medicines/national-essential-medicines-lists-%28neml%29/searo_neml/india-2022.pdf?download=true&sfvrsn=a557cb1d_3,active
Clarithromycin***,Tablet 500 mg | Tablet 750 mg | *Clofazimine formulations are also listed Section 6.4.5 - Anti-infective Medicines - | Anti-tuberculosis medicines | **Rifampicin formulations are also listed in Section 6.4.15 - Anti-infective Medicines - | Anti-tubercular medicine | ***Clarithromycin formulations are also listed in Section 6.2.2.4 - Anti-infective Medicines- | Antibacterials -Other Antibacterials | Medicine Dosage form(s) and strength(s) | Healthcare | Capsule 50 mg,India NLEM 2022,India,"S,T",https://cdn.who.int/media/docs/default-source/essential-medicines/national-essential-medicines-lists-%28neml%29/searo_neml/india-2022.pdf?download=true&sfvrsn=a557cb1d_3,active
Delamanid,Tablet 50 mg | Tablet 200 mg | Tablet 400 mg,India NLEM 2022,India,T,https://cdn.who.int/media/docs/default-source/essential-medicines/national-essential-medicines-lists-%28neml%29/searo_neml/india-2022.pdf?download=true&sfvrsn=a557cb1d_3,active
Isoniazid,Tablet 300 mg | Oral Liquid 50 mg/5 mL (p) | Tablet 250 mg,India NLEM 2022,India,"P,S,T",https://cdn.who.int/media/docs/default-source/essential-medicines/national-essential-medicines-lists-%28neml%29/searo_neml/india-2022.pdf?download=true&sfvrsn=a557cb1d_3,active
Levofloxacin,Tablet 500 mg | Tablet 750 mg | Tablet 300 mg,India NLEM 2022,India,"P,S,T",https://cdn.who.int/media/docs/default-source/essential-medicines/national-essential-medicines-lists-%28neml%29/searo_neml/india-2022.pdf?download=true&sfvrsn=a557cb1d_3,active
Moxifloxacin,"Tablet 400 mg | *Clofazimine formulations are also listed in Section 6.3.1 - Anti-infective Medicines - | Antileprosy medicines | Medicine Dosage form(s) and strength(s) | Healthcare | Para- | S,T Granules (As licensed) | 6.4.13 | aminosalicylic acid | Tablet 500 mg | Tablet 750 mg",India NLEM 2022,India,"P,S,T",https://cdn.who.int/media/docs/default-source/essential-medicines/national-essential-medicines-lists-%28neml%29/searo_neml/india-2022.pdf?download=true&sfvrsn=a557cb1d_3,active
Pyrazinamide,Tablet 1000 mg | Tablet 1500 mg | Oral liquid 250 mg/5 mL (p) | Capsule 150 mg | Capsule 300 mg,India NLEM 2022,India,"P,S,T",https://cdn.who.int/media/docs/default-source/essential-medicines/national-essential-medicines-lists-%28neml%29/searo_neml/india-2022.pdf?download=true&sfvrsn=a557cb1d_3,active
Rifampicin*,Capsule 450 mg | Capsule 600 mg | Oral liquid 100 mg/ 5 mL (p) | Powder for Injection 750 mg,India NLEM 2022,India,"P,S,T",https://cdn.who.int/media/docs/default-source/essential-medicines/national-essential-medicines-lists-%28neml%29/searo_neml/india-2022.pdf?download=true&sfvrsn=a557cb1d_3,active
Amphotericin B**,"b) Lipid Amphotericin B - | Injection 50 mg/vial | c) Liposomal Amphotericin B - | Injection 50 mg/vial | *Rifampicin formulations are also listed in Section 6.3.3 - Anti-infective Medicines- | Antileprosy medicines | **Amphotericin B formulations are also listed Section 6.9.2.1 - Anti-infective Medicines | Antileishmaniasis medicines | Medicine Dosage form(s) and strength(s) | Healthcare | 6.5.2 | Clotrimazole* P,S,T Pessary 100 mg | Tablet 50 mg | Tablet 100 mg | Tablet 150 mg | Tablet 200 mg",India NLEM 2022,India,"S,T",https://cdn.who.int/media/docs/default-source/essential-medicines/national-essential-medicines-lists-%28neml%29/searo_neml/india-2022.pdf?download=true&sfvrsn=a557cb1d_3,active
Griseofulvin,"Tablet 250 mg | Tablet 375 mg | Capsule 100 mg | Tablet 500,000 IU","India NLEM 2022, India NLEM 2015",India,"P,S,T","https://cdn.who.int/media/docs/default-source/essential-medicines/national-essential-medicines-lists-%28neml%29/searo_neml/india-2022.pdf?download=true&sfvrsn=a557cb1d_3, https://cdn.who.int/media/docs/default-source/searo/hsd/edm/neml-ind-2015-govweb-ok.pdf",active
Itraconazole,Capsule 200 mg | Oral liquid 10 mg/mL,India NLEM 2022,India,"S,T",https://cdn.who.int/media/docs/default-source/essential-medicines/national-essential-medicines-lists-%28neml%29/searo_neml/india-2022.pdf?download=true&sfvrsn=a557cb1d_3,active
Mupirocin,Ointment 2% | Pessary 1 Lac IU,India NLEM 2022,India,"P,S,T",https://cdn.who.int/media/docs/default-source/essential-medicines/national-essential-medicines-lists-%28neml%29/searo_neml/india-2022.pdf?download=true&sfvrsn=a557cb1d_3,active
Terbinafine,"Cream 1% | *Clotrimazole formulations are also listed in - | A. Section 6.7.5.4 - Anti-infective Medicines Antiviral medicines- Medicines for treating | Opportunistic Infections in People living with HIV | B. Section 11.1.1 - Dermatological Medicines (Topical)- Antifungal medicines | C. Section 16.3 - Ear, Nose and Throat Medicines",India NLEM 2022,India,"P,S,T",https://cdn.who.int/media/docs/default-source/essential-medicines/national-essential-medicines-lists-%28neml%29/searo_neml/india-2022.pdf?download=true&sfvrsn=a557cb1d_3,active
"Valganciclovir** S,",Powder for oral solution 50 | mg/mL | 6.7- Medicines used in the Management of HIV,India NLEM 2022,India,T,https://cdn.who.int/media/docs/default-source/essential-medicines/national-essential-medicines-lists-%28neml%29/searo_neml/india-2022.pdf?download=true&sfvrsn=a557cb1d_3,active
Fumarate (A) +,Tablet 300 mg (A) + 300 mg (B) | Lamivudine (B) | Tenofovir Disproxil | Fumarate (A) + Tablet 300 mg (A) + 300 mg (B),India NLEM 2022,India,"S,T",https://cdn.who.int/media/docs/default-source/essential-medicines/national-essential-medicines-lists-%28neml%29/searo_neml/india-2022.pdf?download=true&sfvrsn=a557cb1d_3,active
Nevirapine,Dispersible Tablet 50 mg (p) | Oral liquid 50 mg/ 5 mL (p),India NLEM 2022,India,"P,S,T",https://cdn.who.int/media/docs/default-source/essential-medicines/national-essential-medicines-lists-%28neml%29/searo_neml/india-2022.pdf?download=true&sfvrsn=a557cb1d_3,active
Dolutegravir,Tablet 50 mg,India NLEM 2022,India,"S,T",https://cdn.who.int/media/docs/default-source/essential-medicines/national-essential-medicines-lists-%28neml%29/searo_neml/india-2022.pdf?download=true&sfvrsn=a557cb1d_3,active
Raltegravir,Tablet 400 mg | 6.4.3.4–Protease inhibitors | Medicine Dosage form and strength | Healthcare | Atazanavir (A) +,"India NLEM 2022, India NLEM 2015",India,"S,T","https://cdn.who.int/media/docs/default-source/essential-medicines/national-essential-medicines-lists-%28neml%29/searo_neml/india-2022.pdf?download=true&sfvrsn=a557cb1d_3, https://cdn.who.int/media/docs/default-source/searo/hsd/edm/neml-ind-2015-govweb-ok.pdf",active
Darunavir,"Tablet 600 mg | Darunavir (A) + Tablet 600 mg (A) + | 6.7.4.3 | S,T | Ritonavir (B) Tablet 100 mg (B) | Tablet 100 mg (A) + 25 mg (B) | Tablet 200 mg (A) + 50 mg (B) | Oral Liquid 80 mg (A) + | Lopinavir (A) + | 6.7.4.4 | 20 mg (B) /mL (p) | Ritonavir (B) | Capsule/ Sachet (containing | pellets/granules) 40 mg (A) + | 10 mg (B) (p) | Lopinavir (A) + Tablet 200 mg (A) + 50 mg (B)","India NLEM 2022, India NLEM 2015",India,"S,T","https://cdn.who.int/media/docs/default-source/essential-medicines/national-essential-medicines-lists-%28neml%29/searo_neml/india-2022.pdf?download=true&sfvrsn=a557cb1d_3, https://cdn.who.int/media/docs/default-source/searo/hsd/edm/neml-ind-2015-govweb-ok.pdf",active
Ritonavir,Tablet 100 mg | 6.4.4–Medicines for hepatitis B and hepatitis C | Tablet 0.5 mg,"India NLEM 2022, India NLEM 2015",India,"S,T","https://cdn.who.int/media/docs/default-source/essential-medicines/national-essential-medicines-lists-%28neml%29/searo_neml/india-2022.pdf?download=true&sfvrsn=a557cb1d_3, https://cdn.who.int/media/docs/default-source/searo/hsd/edm/neml-ind-2015-govweb-ok.pdf",active
Acyclovir*,Injection 250 mg | Ointment 3% | Drops 0.3%,India NLEM 2022,India,"P,S,T",https://cdn.who.int/media/docs/default-source/essential-medicines/national-essential-medicines-lists-%28neml%29/searo_neml/india-2022.pdf?download=true&sfvrsn=a557cb1d_3,active
Cefotaxime**,Injection 1000 mg,India NLEM 2022,India,"P,S,T",https://cdn.who.int/media/docs/default-source/essential-medicines/national-essential-medicines-lists-%28neml%29/searo_neml/india-2022.pdf?download=true&sfvrsn=a557cb1d_3,active
Clotrimazole*,Ointment 1 %,India NLEM 2022,India,"P,S,T",https://cdn.who.int/media/docs/default-source/essential-medicines/national-essential-medicines-lists-%28neml%29/searo_neml/india-2022.pdf?download=true&sfvrsn=a557cb1d_3,active
Valganciclovir**,Tablet/Capsule 450 mg,India NLEM 2022,India,"S,T",https://cdn.who.int/media/docs/default-source/essential-medicines/national-essential-medicines-lists-%28neml%29/searo_neml/india-2022.pdf?download=true&sfvrsn=a557cb1d_3,active
Azithromycin***,Tablet 1000 mg | Medicine Dosage form(s) and strength(s) | Healthcare | Tablet 30 mg,India NLEM 2022,India,"P,S,T",https://cdn.who.int/media/docs/default-source/essential-medicines/national-essential-medicines-lists-%28neml%29/searo_neml/india-2022.pdf?download=true&sfvrsn=a557cb1d_3,active
Entecavir,"Tablet 1 mg | Oral liquid 0.05 mg/mL (p) | *Clotrimazole formulations are also listed in - | A. Section 6.5.2 - Anti-infective Medicines -Antifungal medicines | B. Section 11.1.1 - Dermatological Medicines (Topical)- Antifungal medicines | C. Section 16.3 - Ear, Nose and Throat Medicines | **Valganciclovir formulations are also listed in Section 6.6.2.1 - Anti-infective Medicines - | Antiviral medicines -Anti Cytomegalovirus (CMV) medicines | ***Azithromycin formulations are also listed in Section 6.2.2.1 - Anti-infective Medicines - | Other antibacterials | Medicine Dosage form(s) and strength(s) | Healthcare",India NLEM 2022,India,"S,T",https://cdn.who.int/media/docs/default-source/essential-medicines/national-essential-medicines-lists-%28neml%29/searo_neml/india-2022.pdf?download=true&sfvrsn=a557cb1d_3,active
Ribavirin,Capsule 200 mg,"India NLEM 2022, India NLEM 2015",India,"S,T","https://cdn.who.int/media/docs/default-source/essential-medicines/national-essential-medicines-lists-%28neml%29/searo_neml/india-2022.pdf?download=true&sfvrsn=a557cb1d_3, https://cdn.who.int/media/docs/default-source/searo/hsd/edm/neml-ind-2015-govweb-ok.pdf",active
Sofosbuvir,Tablet 400 mg | Tenofovir,"India NLEM 2022, India NLEM 2015",India,"S,T","https://cdn.who.int/media/docs/default-source/essential-medicines/national-essential-medicines-lists-%28neml%29/searo_neml/india-2022.pdf?download=true&sfvrsn=a557cb1d_3, https://cdn.who.int/media/docs/default-source/searo/hsd/edm/neml-ind-2015-govweb-ok.pdf",active
Alafenamide,Tablet 25 mg | Fumarate (TAF) | Tenofovir Disproxil,India NLEM 2022,India,"S,T",https://cdn.who.int/media/docs/default-source/essential-medicines/national-essential-medicines-lists-%28neml%29/searo_neml/india-2022.pdf?download=true&sfvrsn=a557cb1d_3,active
Sulphadoxine -,1 Tablet 100 mg (A) + 1 Tablet | Pyrimethamine (B) (750 mg + 37.5 mg) (B) | 1 Tablet 150 mg (A) + 2 Tablet | (500 mg + 25 mg) (B) | 1 Tablet 200 mg (A) + 2 Tablet | (750 mg + 37.5 mg) (B) | *Co-trimoxazole formulations are also listed in Section 6.2.2.6 - Anti-infective Medicines- | Antibacterials - Other antibacterials | Medicine Dosage form(s) and strength(s) | Healthcare | Tablet 150 mg,India NLEM 2022,India,"P,S,T",https://cdn.who.int/media/docs/default-source/essential-medicines/national-essential-medicines-lists-%28neml%29/searo_neml/india-2022.pdf?download=true&sfvrsn=a557cb1d_3,active
Primaquine,Tablet 7.5 mg | Tablet 15 mg | Tablet 300 mg,India NLEM 2022,India,"P,S,T",https://cdn.who.int/media/docs/default-source/essential-medicines/national-essential-medicines-lists-%28neml%29/searo_neml/india-2022.pdf?download=true&sfvrsn=a557cb1d_3,active
Doxycycline**#,Oral liquid 50 mg/ 5mL | #for prophylaxis of P. vivax | Tablet 250 mg | #Only for use as chemoprophylaxis for,India NLEM 2022,India,"P,S,T",https://cdn.who.int/media/docs/default-source/essential-medicines/national-essential-medicines-lists-%28neml%29/searo_neml/india-2022.pdf?download=true&sfvrsn=a557cb1d_3,active
5-Fluorouracil,Injection 250 mg/ 5 mL | Injection 250 mg/5 ml,"India NLEM 2022, India NLEM 2015",India,T,"https://cdn.who.int/media/docs/default-source/essential-medicines/national-essential-medicines-lists-%28neml%29/searo_neml/india-2022.pdf?download=true&sfvrsn=a557cb1d_3, https://cdn.who.int/media/docs/default-source/searo/hsd/edm/neml-ind-2015-govweb-ok.pdf",active
6-Mercaptopurine,Tablet 50 mg,"India NLEM 2022, India NLEM 2015",India,T,"https://cdn.who.int/media/docs/default-source/essential-medicines/national-essential-medicines-lists-%28neml%29/searo_neml/india-2022.pdf?download=true&sfvrsn=a557cb1d_3, https://cdn.who.int/media/docs/default-source/searo/hsd/edm/neml-ind-2015-govweb-ok.pdf",active
Actinomycin D,Powder for Injection 0.5 mg | All-trans retinoic,"India NLEM 2022, India NLEM 2015",India,T,"https://cdn.who.int/media/docs/default-source/essential-medicines/national-essential-medicines-lists-%28neml%29/searo_neml/india-2022.pdf?download=true&sfvrsn=a557cb1d_3, https://cdn.who.int/media/docs/default-source/searo/hsd/edm/neml-ind-2015-govweb-ok.pdf",active
Arsenic trioxide,Injection 1mg/ mL | Bendamustine Injection 25 mg/ vial | Injection 1mg/ml,"India NLEM 2022, India NLEM 2015",India,T,"https://cdn.who.int/media/docs/default-source/essential-medicines/national-essential-medicines-lists-%28neml%29/searo_neml/india-2022.pdf?download=true&sfvrsn=a557cb1d_3, https://cdn.who.int/media/docs/default-source/searo/hsd/edm/neml-ind-2015-govweb-ok.pdf",active
Bleomycin,Powder for Injection 15 units,"India NLEM 2022, India NLEM 2015",India,T,"https://cdn.who.int/media/docs/default-source/essential-medicines/national-essential-medicines-lists-%28neml%29/searo_neml/india-2022.pdf?download=true&sfvrsn=a557cb1d_3, https://cdn.who.int/media/docs/default-source/searo/hsd/edm/neml-ind-2015-govweb-ok.pdf",active
Bortezomib,Powder for Injection 2 mg | Tablet 15 mg | Powder for Injection 2mg,"India NLEM 2022, India NLEM 2015",India,T,"https://cdn.who.int/media/docs/default-source/essential-medicines/national-essential-medicines-lists-%28neml%29/searo_neml/india-2022.pdf?download=true&sfvrsn=a557cb1d_3, https://cdn.who.int/media/docs/default-source/searo/hsd/edm/neml-ind-2015-govweb-ok.pdf",active
Capecitabine,Tablet 500 mg | Medicine Dosage form(s) and strength(s) | Healthcare,"India NLEM 2022, India NLEM 2015",India,T,"https://cdn.who.int/media/docs/default-source/essential-medicines/national-essential-medicines-lists-%28neml%29/searo_neml/india-2022.pdf?download=true&sfvrsn=a557cb1d_3, https://cdn.who.int/media/docs/default-source/searo/hsd/edm/neml-ind-2015-govweb-ok.pdf",active
Carboplatin,Injection 10 mg/mL | Tablet 2 mg | Injection 10 mg/ml,"India NLEM 2022, India NLEM 2015",India,T,"https://cdn.who.int/media/docs/default-source/essential-medicines/national-essential-medicines-lists-%28neml%29/searo_neml/india-2022.pdf?download=true&sfvrsn=a557cb1d_3, https://cdn.who.int/media/docs/default-source/searo/hsd/edm/neml-ind-2015-govweb-ok.pdf",active
Cisplatin,Injection 1mg/mL | Tablet 50 mg | Injection 1mg/ml,"India NLEM 2022, India NLEM 2015",India,T,"https://cdn.who.int/media/docs/default-source/essential-medicines/national-essential-medicines-lists-%28neml%29/searo_neml/india-2022.pdf?download=true&sfvrsn=a557cb1d_3, https://cdn.who.int/media/docs/default-source/searo/hsd/edm/neml-ind-2015-govweb-ok.pdf",active
Cytosine arabinoside,Injection 500 mg/vial | Injection 1000 mg/vial | Powder for Injection 200 mg,India NLEM 2022,India,T,https://cdn.who.int/media/docs/default-source/essential-medicines/national-essential-medicines-lists-%28neml%29/searo_neml/india-2022.pdf?download=true&sfvrsn=a557cb1d_3,active
Daunorubicin,Injection 5 mg/mL | Powder for Injection 20 mg | Injection 5 mg/ml,"India NLEM 2022, India NLEM 2015",India,T,"https://cdn.who.int/media/docs/default-source/essential-medicines/national-essential-medicines-lists-%28neml%29/searo_neml/india-2022.pdf?download=true&sfvrsn=a557cb1d_3, https://cdn.who.int/media/docs/default-source/searo/hsd/edm/neml-ind-2015-govweb-ok.pdf",active
Doxorubicin,Injection 2 mg/mL | Capsule 50 mg | Injection 2 mg/ml,"India NLEM 2022, India NLEM 2015",India,T,"https://cdn.who.int/media/docs/default-source/essential-medicines/national-essential-medicines-lists-%28neml%29/searo_neml/india-2022.pdf?download=true&sfvrsn=a557cb1d_3, https://cdn.who.int/media/docs/default-source/searo/hsd/edm/neml-ind-2015-govweb-ok.pdf",active
Gefitinib,Tablet 250 mg | Medicine Dosage form(s) and strength(s) | Healthcare | Powder for Injection 200 mg,"India NLEM 2022, India NLEM 2015",India,T,"https://cdn.who.int/media/docs/default-source/essential-medicines/national-essential-medicines-lists-%28neml%29/searo_neml/india-2022.pdf?download=true&sfvrsn=a557cb1d_3, https://cdn.who.int/media/docs/default-source/searo/hsd/edm/neml-ind-2015-govweb-ok.pdf",active
Gemcitabine,Powder for Injection 200 mg | Powder for Injection 1000 mg | 7.1.23 | Hydroxyurea* T Capsule 500 mg | Powder for Injection 1000 mg,India NLEM 2022,India,T,https://cdn.who.int/media/docs/default-source/essential-medicines/national-essential-medicines-lists-%28neml%29/searo_neml/india-2022.pdf?download=true&sfvrsn=a557cb1d_3,active
Lenalidomide,Capsule 25 mg | Tablet 2 mg,India NLEM 2022,India,T,https://cdn.who.int/media/docs/default-source/essential-medicines/national-essential-medicines-lists-%28neml%29/searo_neml/india-2022.pdf?download=true&sfvrsn=a557cb1d_3,active
Rituximab,Injection 10 mg/mL | Capsule 20 mg | Injection 10 mg/ml,"India NLEM 2022, India NLEM 2015",India,T,"https://cdn.who.int/media/docs/default-source/essential-medicines/national-essential-medicines-lists-%28neml%29/searo_neml/india-2022.pdf?download=true&sfvrsn=a557cb1d_3, https://cdn.who.int/media/docs/default-source/searo/hsd/edm/neml-ind-2015-govweb-ok.pdf",active
Temozolomide,Capsule 100 mg | Capsule 250 mg | Capsule 50 mg,"India NLEM 2022, India NLEM 2015",India,T,"https://cdn.who.int/media/docs/default-source/essential-medicines/national-essential-medicines-lists-%28neml%29/searo_neml/india-2022.pdf?download=true&sfvrsn=a557cb1d_3, https://cdn.who.int/media/docs/default-source/searo/hsd/edm/neml-ind-2015-govweb-ok.pdf",active
Trastuzumab,Injection 440 mg/50 mL | Injection 440 mg/50 ml,"India NLEM 2022, India NLEM 2015",India,T,"https://cdn.who.int/media/docs/default-source/essential-medicines/national-essential-medicines-lists-%28neml%29/searo_neml/india-2022.pdf?download=true&sfvrsn=a557cb1d_3, https://cdn.who.int/media/docs/default-source/searo/hsd/edm/neml-ind-2015-govweb-ok.pdf",active
Vinblastine,Injection 1 mg/mL | Injection 1 mg/ml,"India NLEM 2022, India NLEM 2015",India,T,"https://cdn.who.int/media/docs/default-source/essential-medicines/national-essential-medicines-lists-%28neml%29/searo_neml/india-2022.pdf?download=true&sfvrsn=a557cb1d_3, https://cdn.who.int/media/docs/default-source/searo/hsd/edm/neml-ind-2015-govweb-ok.pdf",active
Vincristine,Injection 1 mg/mL | 7.2-Hormones and Anti-hormones used in Cancer Therapy | Medicine Dosage form(s) and strength(s) | Healthcare | Injection 1 mg/ml | 8.2–Hormones and antihormones used in cancer therapy | Medicine Dosage form and strength,"India NLEM 2022, India NLEM 2015",India,T,"https://cdn.who.int/media/docs/default-source/essential-medicines/national-essential-medicines-lists-%28neml%29/searo_neml/india-2022.pdf?download=true&sfvrsn=a557cb1d_3, https://cdn.who.int/media/docs/default-source/searo/hsd/edm/neml-ind-2015-govweb-ok.pdf",active
Bicalutamide,Tablet 50 mg,"India NLEM 2022, India NLEM 2015",India,T,"https://cdn.who.int/media/docs/default-source/essential-medicines/national-essential-medicines-lists-%28neml%29/searo_neml/india-2022.pdf?download=true&sfvrsn=a557cb1d_3, https://cdn.who.int/media/docs/default-source/searo/hsd/edm/neml-ind-2015-govweb-ok.pdf",active
Letrozole,Tablet 2.5 mg | Medicine Dosage form(s) and strength(s) | Healthcare | Powder for injection 3.75 mg | Tablet 10 mg | Tablet 20 mg | Tablet 40 mg,"India NLEM 2022, India NLEM 2015",India,T,"https://cdn.who.int/media/docs/default-source/essential-medicines/national-essential-medicines-lists-%28neml%29/searo_neml/india-2022.pdf?download=true&sfvrsn=a557cb1d_3, https://cdn.who.int/media/docs/default-source/searo/hsd/edm/neml-ind-2015-govweb-ok.pdf",active
Leuprolide acetate,Powder for injection 11.25 mg | Powder for injection 22.5 mg | Tablet 10 mg | Tablet 20 mg | Tablet 40 mg,India NLEM 2022,India,T,https://cdn.who.int/media/docs/default-source/essential-medicines/national-essential-medicines-lists-%28neml%29/searo_neml/india-2022.pdf?download=true&sfvrsn=a557cb1d_3,active
Azathioprine**,Tablet 50 mg | Capsule 25 mg | Capsule 50 mg,India NLEM 2022,India,T,https://cdn.who.int/media/docs/default-source/essential-medicines/national-essential-medicines-lists-%28neml%29/searo_neml/india-2022.pdf?download=true&sfvrsn=a557cb1d_3,active
Cyclosporine,"Capsule 100 mg | Oral liquid 100 mg/mL (p) | Injection 50 mg/mL | *Prednisolone formulations are also listed in - | A. Section 3.6 - Antiallergics and Medicines used in Anaphylaxis | B. Section 18.1.5 - Hormones, other Endocrine Medicines and Contraceptives -Adrenal | Hormones and synthetic substitutes | C. Section 21.2.1 - Ophthalmological Medicines - Antiinflammatory Medicine | **Azathioprine formulations are also listed in Section 2.4.1 - Analgesics, Antipyretics, | Non-steroidal Anti-inflammatory Drugs (NSAIDs), Medicines used to treat Gout and | Disease Modifying Agents used in Rheumatoid Disorders - Disease Modifying Agents used | in Rheumatoid Disorders | Medicine Dosage form(s) and strength(s) | Healthcare | Mycophenolate Tablet 250 mg",India NLEM 2022,India,T,https://cdn.who.int/media/docs/default-source/essential-medicines/national-essential-medicines-lists-%28neml%29/searo_neml/india-2022.pdf?download=true&sfvrsn=a557cb1d_3,active
Tacrolimus,Capsule 1 mg | Capsule 2 mg | 7.4-Medicines used in Palliative Care | Medicine Dosage form(s) and strength(s) | Healthcare | 8.4–Medicines used in palliative care | Medicine Dosage form and strength,"India NLEM 2022, India NLEM 2015",India,T,"https://cdn.who.int/media/docs/default-source/essential-medicines/national-essential-medicines-lists-%28neml%29/searo_neml/india-2022.pdf?download=true&sfvrsn=a557cb1d_3, https://cdn.who.int/media/docs/default-source/searo/hsd/edm/neml-ind-2015-govweb-ok.pdf",active
Allopurinol*,Tablet 100 mg | Tablet 10 mg,India NLEM 2022,India,"S,T",https://cdn.who.int/media/docs/default-source/essential-medicines/national-essential-medicines-lists-%28neml%29/searo_neml/india-2022.pdf?download=true&sfvrsn=a557cb1d_3,active
Dexamethasone***,"Tablet 4 mg | Injection 4 mg/mL | *Allopurinol formulations are also listed in Section 2.3.1 - Analgesics, Antipyretics, Non- | steroidal Anti-inflammatory Drugs (NSAIDs),Medicines used to treat Gout and Disease | Modifying Agents used in Rheumatoid Disorders - Medicines used to treat Gout | **Amitriptyline formulations are also listed in A. Section 5.2.5 - Medicines used in | Neurological Disorders - Anti-migraine medicines - | For prophylaxis | B. Section 23.2.1.1 - Medicines in treatment of Psychiatric Disorders -Medicines used in | mood disorders- Medicines used in depressive disorders | ***Dexamethasone formulations are also listed in | A. Section 3.4 - Antiallergics and medicines used in anaphylaxis | B. Section 18.1.1 - Hormones, other Endocrine Medicines and Contraceptives - Adrenal | hormones and synthetic substitutes | C. Section 27.1 - Medicines for COVID 19 management | Medicine Dosage form(s) and strength(s) | Healthcare | Tablet 2 mg",India NLEM 2022,India,"S,T",https://cdn.who.int/media/docs/default-source/essential-medicines/national-essential-medicines-lists-%28neml%29/searo_neml/india-2022.pdf?download=true&sfvrsn=a557cb1d_3,active
Diazepam*,Tablet 5 mg | Injection 5 mg/mL | 7.4.5 | Filgrastim T Injection 300 mcg,India NLEM 2022,India,"S,T",https://cdn.who.int/media/docs/default-source/essential-medicines/national-essential-medicines-lists-%28neml%29/searo_neml/india-2022.pdf?download=true&sfvrsn=a557cb1d_3,active
Fluoxetine**,"Capsule 20 mg | Tablet 1.5 mg | 7.4.7 | Haloperidol*** S,T Tablet 5 mg | Injection 5 mg/mL",India NLEM 2022,India,"S,T",https://cdn.who.int/media/docs/default-source/essential-medicines/national-essential-medicines-lists-%28neml%29/searo_neml/india-2022.pdf?download=true&sfvrsn=a557cb1d_3,active
Lactulose****,Oral liquid 10 g/15 mL,India NLEM 2022,India,"S,T",https://cdn.who.int/media/docs/default-source/essential-medicines/national-essential-medicines-lists-%28neml%29/searo_neml/india-2022.pdf?download=true&sfvrsn=a557cb1d_3,active
Loperamide,Tablet 2 mg | *Diazepam formulations are also listed Section 5.1.3 - Medicines used in Neurological | Disorders - Anticonvulsants/Antiepileptics | **Fluoxetine formulations are also listed in | A. Section 23.2.1.3 - Medicines in used in treatment of Psychiatric Disorders - Medicines | used in mood disorders - Medicines used in depressive disorders | B. Section 23.4.2 - Medicines used in treatment of Psychiatric Disorders - Medicines used in | obsessive compulsive disorders and panic attacks | ***Haloperidol formulations are also listed in Section 23.1.3 - | Medicines used in treatment of psychiatric Disorders - Medicines used in psychotic disorders | ****Lactulose formulations are also listed in Section 17.5.3 - | Gastrointestinal Medicines -Laxatives | Medicine Dosage form(s) and strength(s) | Healthcare | Tablet 10 mg,"India NLEM 2022, India NLEM 2015",India,"S,T","https://cdn.who.int/media/docs/default-source/essential-medicines/national-essential-medicines-lists-%28neml%29/searo_neml/india-2022.pdf?download=true&sfvrsn=a557cb1d_3, https://cdn.who.int/media/docs/default-source/searo/hsd/edm/neml-ind-2015-govweb-ok.pdf",active
Mesna,Injection 100 mg/mL | Injection 100 mg/ml | Tablet 2.5 mg | Tablet 5 mg,"India NLEM 2022, India NLEM 2015",India,T,"https://cdn.who.int/media/docs/default-source/essential-medicines/national-essential-medicines-lists-%28neml%29/searo_neml/india-2022.pdf?download=true&sfvrsn=a557cb1d_3, https://cdn.who.int/media/docs/default-source/searo/hsd/edm/neml-ind-2015-govweb-ok.pdf",active
Midazolam**,Injection 1 mg/mL | Tablet 10 mg,India NLEM 2022,India,"S,T",https://cdn.who.int/media/docs/default-source/essential-medicines/national-essential-medicines-lists-%28neml%29/searo_neml/india-2022.pdf?download=true&sfvrsn=a557cb1d_3,active
Tramadol*,Capsule 100 mg | Injection 50 mg/mL,India NLEM 2022,India,"S,T",https://cdn.who.int/media/docs/default-source/essential-medicines/national-essential-medicines-lists-%28neml%29/searo_neml/india-2022.pdf?download=true&sfvrsn=a557cb1d_3,active
Zoledronic acid,Powder for Injection 4 mg | Medicines affecting Blood | 8.1- Antianaemia Medicines | Medicine Dosage form(s) and strength(s) | Healthcare | Injection 2000 IU/mL | Medicine Dosage form and strength | Tablet 100 mg (A) + 10 mg (B) | Tablet 100 mg (A) + 25 mg (B) | CR Tablet 100 mg (A) + 25 mg | Levodopa (A) +,"India NLEM 2022, India NLEM 2015",India,T,"https://cdn.who.int/media/docs/default-source/essential-medicines/national-essential-medicines-lists-%28neml%29/searo_neml/india-2022.pdf?download=true&sfvrsn=a557cb1d_3, https://cdn.who.int/media/docs/default-source/searo/hsd/edm/neml-ind-2015-govweb-ok.pdf",active
Hydroxocobalamin,Injection 1 mg/mL | Injection 1 mg/ml,"India NLEM 2022, India NLEM 2015",India,"P,S,T","https://cdn.who.int/media/docs/default-source/essential-medicines/national-essential-medicines-lists-%28neml%29/searo_neml/india-2022.pdf?download=true&sfvrsn=a557cb1d_3, https://cdn.who.int/media/docs/default-source/searo/hsd/edm/neml-ind-2015-govweb-ok.pdf",active
Hydroxyurea*,Capsule 500 mg,India NLEM 2022,India,"S,T",https://cdn.who.int/media/docs/default-source/essential-medicines/national-essential-medicines-lists-%28neml%29/searo_neml/india-2022.pdf?download=true&sfvrsn=a557cb1d_3,active
Iron sucrose,Injection 20 mg/mL | Injection 20 mg/ml | 10.2–Medicines affecting coagulation | Medicine Dosage form and strength | Healthcare | Injection 40 mg/0.4 ml,"India NLEM 2022, India NLEM 2015",India,"S,T","https://cdn.who.int/media/docs/default-source/essential-medicines/national-essential-medicines-lists-%28neml%29/searo_neml/india-2022.pdf?download=true&sfvrsn=a557cb1d_3, https://cdn.who.int/media/docs/default-source/searo/hsd/edm/neml-ind-2015-govweb-ok.pdf",active
Protamine Sulphate,Injection 10 mg/mL | Tablet 500 mg,India NLEM 2022,India,"S,T",https://cdn.who.int/media/docs/default-source/essential-medicines/national-essential-medicines-lists-%28neml%29/searo_neml/india-2022.pdf?download=true&sfvrsn=a557cb1d_3,active
Whole blood,As licensed | 11.2–Plasma substitutes | Medicine Dosage form and strength | Healthcare,"India NLEM 2022, India NLEM 2015",India,"S,T","https://cdn.who.int/media/docs/default-source/essential-medicines/national-essential-medicines-lists-%28neml%29/searo_neml/india-2022.pdf?download=true&sfvrsn=a557cb1d_3, https://cdn.who.int/media/docs/default-source/searo/hsd/edm/neml-ind-2015-govweb-ok.pdf",active
Dextran-40,"Injection 10 % | Injection 10% | 11.3–Plasma fractions for specific use | In case of coagulation factors and other blood products, irrespective of variation in source, all | forms of these products as approved by licensing authority are considered as included in | NLEM. However, considering the source, process, technology and other relevant aspects, | they should be considered differently for purposes such as procurement policy, | pricing etc. | Medicine Dosage form and strength | Healthcare | Coagulation factor","India NLEM 2022, India NLEM 2015",India,"S,T","https://cdn.who.int/media/docs/default-source/essential-medicines/national-essential-medicines-lists-%28neml%29/searo_neml/india-2022.pdf?download=true&sfvrsn=a557cb1d_3, https://cdn.who.int/media/docs/default-source/searo/hsd/edm/neml-ind-2015-govweb-ok.pdf",active
Cryoprecipitate,"As licensed | Cardiovascular Medicines | 10.1-Medicines used in Angina | Medicine Dosage form(s) and strength(s) | Healthcare | Tablet 30 mg | P,S,T Tablet 60 mg | Modified Release Tablet 180 mg | 12.1–Medicines used in angina | Medicine Dosage form and strength | Tablet 75 mg | Effervescent/ Dispersible/ Enteric | coated Tablet 75 mg | Tablet 100 mg | Acetylsalicylic","India NLEM 2022, India NLEM 2015",India,"S,T","https://cdn.who.int/media/docs/default-source/essential-medicines/national-essential-medicines-lists-%28neml%29/searo_neml/india-2022.pdf?download=true&sfvrsn=a557cb1d_3, https://cdn.who.int/media/docs/default-source/searo/hsd/edm/neml-ind-2015-govweb-ok.pdf",active
Isosorbide dinitrate,"Tablet 5 mg | Tablet 10 mg | Tablet 25 mg | Tablet 50 mg | P,S,T | Tablet 100 mg",India NLEM 2022,India,"P,S,T",https://cdn.who.int/media/docs/default-source/essential-medicines/national-essential-medicines-lists-%28neml%29/searo_neml/india-2022.pdf?download=true&sfvrsn=a557cb1d_3,active
Adenosine,Injection 3 mg/mL | Tablet 100 mg | Injection 3 mg/ml,"India NLEM 2022, India NLEM 2015",India,"S,T","https://cdn.who.int/media/docs/default-source/essential-medicines/national-essential-medicines-lists-%28neml%29/searo_neml/india-2022.pdf?download=true&sfvrsn=a557cb1d_3, https://cdn.who.int/media/docs/default-source/searo/hsd/edm/neml-ind-2015-govweb-ok.pdf",active
Amiodarone,Tablet 200 mg | Injection 50 mg/mL | Tablet 0.25 mg | Injection 50 mg/ml,"India NLEM 2022, India NLEM 2015",India,"S,T","https://cdn.who.int/media/docs/default-source/essential-medicines/national-essential-medicines-lists-%28neml%29/searo_neml/india-2022.pdf?download=true&sfvrsn=a557cb1d_3, https://cdn.who.int/media/docs/default-source/searo/hsd/edm/neml-ind-2015-govweb-ok.pdf",active
Digoxin*,Oral liquid 0.05 mg/mL | Injection 0.25 mg/mL,India NLEM 2022,India,"S,T",https://cdn.who.int/media/docs/default-source/essential-medicines/national-essential-medicines-lists-%28neml%29/searo_neml/india-2022.pdf?download=true&sfvrsn=a557cb1d_3,active
Esmolol,Injection 10 mg/mL | Injection 10 mg/ml | Injection 2% (Preservative free for,"India NLEM 2022, India NLEM 2015",India,"S,T","https://cdn.who.int/media/docs/default-source/essential-medicines/national-essential-medicines-lists-%28neml%29/searo_neml/india-2022.pdf?download=true&sfvrsn=a557cb1d_3, https://cdn.who.int/media/docs/default-source/searo/hsd/edm/neml-ind-2015-govweb-ok.pdf",active
Lignocaine**,Injection 2% | Tablet 40 mg,India NLEM 2022,India,"S,T",https://cdn.who.int/media/docs/default-source/essential-medicines/national-essential-medicines-lists-%28neml%29/searo_neml/india-2022.pdf?download=true&sfvrsn=a557cb1d_3,active
Verapamil,Tablet 80 mg | Injection 2.5 mg/ mL | Injection 2.5 mg/ml | 12.3–Antihypertensive medicines | Medicine Dosage form and strength | Healthcare | Tablet 2.5 mg,"India NLEM 2022, India NLEM 2015",India,"S,T","https://cdn.who.int/media/docs/default-source/essential-medicines/national-essential-medicines-lists-%28neml%29/searo_neml/india-2022.pdf?download=true&sfvrsn=a557cb1d_3, https://cdn.who.int/media/docs/default-source/searo/hsd/edm/neml-ind-2015-govweb-ok.pdf",active
Amlodipine,"Tablet 5 mg | Tablet 10 mg | *Digoxin formulations are also listed in Section 10.4.1 - Cardiovascular Medicines - | Medicines used in Shock and Heart Failure | **Lignocaine formulations are also listed in Section 1.2.2 - Medicines used in Anaesthesia - | Local Anaesthetics | Medicine Dosage form(s) and strength(s) | Healthcare | Tablet 2.5 mg | Enalapril P,S,T | 10.3.2 | Hydrochlorothiazide Tablet 12.5 mg | Tablet 50 mg","India NLEM 2022, India NLEM 2015",India,"P,S,T","https://cdn.who.int/media/docs/default-source/essential-medicines/national-essential-medicines-lists-%28neml%29/searo_neml/india-2022.pdf?download=true&sfvrsn=a557cb1d_3, https://cdn.who.int/media/docs/default-source/searo/hsd/edm/neml-ind-2015-govweb-ok.pdf",active
"S,",Injection 10 mg/mL | nitroprusside | Tablet 20 mg | Suppository 500 mg | (Mesalazine/ | Retention Enema | Mesalaine),India NLEM 2022,India,T,https://cdn.who.int/media/docs/default-source/essential-medicines/national-essential-medicines-lists-%28neml%29/searo_neml/india-2022.pdf?download=true&sfvrsn=a557cb1d_3,active
Telmisartan,Tablet 40 mg | Tablet 80 mg | 12.4–Medicines used in shock and heart failure | Medicine Dosage form and strength | Healthcare | Tablet 0.25 mg,"India NLEM 2022, India NLEM 2015",India,"P,S,T","https://cdn.who.int/media/docs/default-source/essential-medicines/national-essential-medicines-lists-%28neml%29/searo_neml/india-2022.pdf?download=true&sfvrsn=a557cb1d_3, https://cdn.who.int/media/docs/default-source/searo/hsd/edm/neml-ind-2015-govweb-ok.pdf",active
Digoxin**,Oral liquid 0.05 mg/mL | Injection 0.25 mg/mL | *Hydrochlorothiazide formulations are also listed in Section 15.2 - Diuretics | **Digoxin formulations are also listed in Section 10.2.3 - Cardiovascular Medicines - | Antiarrhythmic medicines | Medicine Dosage form(s) and strength(s) | Healthcare,India NLEM 2022,India,"S,T",https://cdn.who.int/media/docs/default-source/essential-medicines/national-essential-medicines-lists-%28neml%29/searo_neml/india-2022.pdf?download=true&sfvrsn=a557cb1d_3,active
Dobutamine,Injection 50 mg/mL | Injection 50 mg/ml,"India NLEM 2022, India NLEM 2015",India,"S,T","https://cdn.who.int/media/docs/default-source/essential-medicines/national-essential-medicines-lists-%28neml%29/searo_neml/india-2022.pdf?download=true&sfvrsn=a557cb1d_3, https://cdn.who.int/media/docs/default-source/searo/hsd/edm/neml-ind-2015-govweb-ok.pdf",active
Dopamine,Injection 40 mg/mL | Injection 40 mg/ml,"India NLEM 2022, India NLEM 2015",India,"S,T","https://cdn.who.int/media/docs/default-source/essential-medicines/national-essential-medicines-lists-%28neml%29/searo_neml/india-2022.pdf?download=true&sfvrsn=a557cb1d_3, https://cdn.who.int/media/docs/default-source/searo/hsd/edm/neml-ind-2015-govweb-ok.pdf",active
Noradrenaline,Injection 2 mg/mL | Tablet 25 mg | Injection 2 mg/ml | 12.5–Antithrombotic medicine (Cardiovascular/ Cerebrovascular) | Medicine Dosage form and strength | Healthcare | Tablet 75 mg | Effervescent/ Dispersible/ Enteric | coated Tablet 75 mg | Tablet 100 mg | Acetylsalicylic,"India NLEM 2022, India NLEM 2015",India,"S,T","https://cdn.who.int/media/docs/default-source/essential-medicines/national-essential-medicines-lists-%28neml%29/searo_neml/india-2022.pdf?download=true&sfvrsn=a557cb1d_3, https://cdn.who.int/media/docs/default-source/searo/hsd/edm/neml-ind-2015-govweb-ok.pdf",active
Framycetin,Cream 1 % | Cream 0.5%,"India NLEM 2022, India NLEM 2015",India,"P,S,T","https://cdn.who.int/media/docs/default-source/essential-medicines/national-essential-medicines-lists-%28neml%29/searo_neml/india-2022.pdf?download=true&sfvrsn=a557cb1d_3, https://cdn.who.int/media/docs/default-source/searo/hsd/edm/neml-ind-2015-govweb-ok.pdf",active
Fusidic acid,Cream 2 % | Cream 2% | Methylrosaniliniu,"India NLEM 2022, India NLEM 2015",India,"P,S,T","https://cdn.who.int/media/docs/default-source/essential-medicines/national-essential-medicines-lists-%28neml%29/searo_neml/india-2022.pdf?download=true&sfvrsn=a557cb1d_3, https://cdn.who.int/media/docs/default-source/searo/hsd/edm/neml-ind-2015-govweb-ok.pdf",active
Silver sulphadiazine,Cream 1 % | 11.3-Antiinflammatory and Antipruritic Medicines | Medicine Dosage form(s) and strength(s) | Healthcare | Betamethasone Cream 0.05 %,India NLEM 2022,India,"P,S,T",https://cdn.who.int/media/docs/default-source/essential-medicines/national-essential-medicines-lists-%28neml%29/searo_neml/india-2022.pdf?download=true&sfvrsn=a557cb1d_3,active
Calamine,Lotion (As per IP) | 14.4–Medicines affecting skin differentiation and proliferation | Medicine Dosage form and strength | Healthcare,"India NLEM 2022, India NLEM 2015",India,"P,S,T","https://cdn.who.int/media/docs/default-source/essential-medicines/national-essential-medicines-lists-%28neml%29/searo_neml/india-2022.pdf?download=true&sfvrsn=a557cb1d_3, https://cdn.who.int/media/docs/default-source/searo/hsd/edm/neml-ind-2015-govweb-ok.pdf",active
Benzoyl peroxide,Gel 2.5 % - 5 % | Coal tar (A) + | Gel 2.5%,"India NLEM 2022, India NLEM 2015",India,"P,S,T","https://cdn.who.int/media/docs/default-source/essential-medicines/national-essential-medicines-lists-%28neml%29/searo_neml/india-2022.pdf?download=true&sfvrsn=a557cb1d_3, https://cdn.who.int/media/docs/default-source/searo/hsd/edm/neml-ind-2015-govweb-ok.pdf",active
Podophyllin resin,Solution 20 % | Solution 10% to 25%,"India NLEM 2022, India NLEM 2015",India,"S,T","https://cdn.who.int/media/docs/default-source/essential-medicines/national-essential-medicines-lists-%28neml%29/searo_neml/india-2022.pdf?download=true&sfvrsn=a557cb1d_3, https://cdn.who.int/media/docs/default-source/searo/hsd/edm/neml-ind-2015-govweb-ok.pdf",active
Salicylic acid,Ointment 3-6 % | Ointment 6% | 14.5–Scabicides and pediculicides | Medicine Dosage form and strength | Healthcare | Lotion 1%,"India NLEM 2022, India NLEM 2015",India,"P,S,T","https://cdn.who.int/media/docs/default-source/essential-medicines/national-essential-medicines-lists-%28neml%29/searo_neml/india-2022.pdf?download=true&sfvrsn=a557cb1d_3, https://cdn.who.int/media/docs/default-source/searo/hsd/edm/neml-ind-2015-govweb-ok.pdf",active
Fluorescein,Ophthalmic Strips | Eye drop 1%,"India NLEM 2022, India NLEM 2015",India,"S,T","https://cdn.who.int/media/docs/default-source/essential-medicines/national-essential-medicines-lists-%28neml%29/searo_neml/india-2022.pdf?download=true&sfvrsn=a557cb1d_3, https://cdn.who.int/media/docs/default-source/searo/hsd/edm/neml-ind-2015-govweb-ok.pdf",active
Proparacaine*,Eye Drops 0.5% | Drops 0.5 % | 21.4-Miotics and Antiglaucoma Medicines | Medicine Dosage form(s) and strength(s) | Healthcare,India NLEM 2022,India,"S,T",https://cdn.who.int/media/docs/default-source/essential-medicines/national-essential-medicines-lists-%28neml%29/searo_neml/india-2022.pdf?download=true&sfvrsn=a557cb1d_3,active
Tropicamide**,Eye drop 1 %,India NLEM 2022,India,"S,T",https://cdn.who.int/media/docs/default-source/essential-medicines/national-essential-medicines-lists-%28neml%29/searo_neml/india-2022.pdf?download=true&sfvrsn=a557cb1d_3,active
Barium sulphate,Oral Liquid 95% w/v | Gadobenate,India NLEM 2022,India,"S,T",https://cdn.who.int/media/docs/default-source/essential-medicines/national-essential-medicines-lists-%28neml%29/searo_neml/india-2022.pdf?download=true&sfvrsn=a557cb1d_3,active
Chlorhexidine,Solution 5% (Concentrate) | Ethyl alcohol,India NLEM 2022,India,"P,S,T",https://cdn.who.int/media/docs/default-source/essential-medicines/national-essential-medicines-lists-%28neml%29/searo_neml/india-2022.pdf?download=true&sfvrsn=a557cb1d_3,active
Hydrogen peroxide,Solution 6 % | Methylrosanilinium | Solution 6% | Methylrosaniliniu,"India NLEM 2022, India NLEM 2015",India,"P,S,T","https://cdn.who.int/media/docs/default-source/essential-medicines/national-essential-medicines-lists-%28neml%29/searo_neml/india-2022.pdf?download=true&sfvrsn=a557cb1d_3, https://cdn.who.int/media/docs/default-source/searo/hsd/edm/neml-ind-2015-govweb-ok.pdf",active
Povidone iodine*,Solution 4 % to 10 % | *Povidone Iodine formulations are also listed in Section 21.1.5 - Ophthalmological | Medicines - Anti-infective medicine,India NLEM 2022,India,"P,S,T",https://cdn.who.int/media/docs/default-source/essential-medicines/national-essential-medicines-lists-%28neml%29/searo_neml/india-2022.pdf?download=true&sfvrsn=a557cb1d_3,active
Glutaraldehyde,As Licensed | Potassium Crystals for topical | Solution 2% | Potassium,"India NLEM 2022, India NLEM 2015",India,"S,T","https://cdn.who.int/media/docs/default-source/essential-medicines/national-essential-medicines-lists-%28neml%29/searo_neml/india-2022.pdf?download=true&sfvrsn=a557cb1d_3, https://cdn.who.int/media/docs/default-source/searo/hsd/edm/neml-ind-2015-govweb-ok.pdf",active
Furosemide,Oral liquid 10 mg/mL | Injection 10 mg/ mL | Hydrochlorothiazide Tablet 25 mg | Oral liquid 10 mg/ml | Injection 10 mg/ ml | Hydrochlorothiazid Tablet 25 mg,"India NLEM 2022, India NLEM 2015",India,"P,S,T","https://cdn.who.int/media/docs/default-source/essential-medicines/national-essential-medicines-lists-%28neml%29/searo_neml/india-2022.pdf?download=true&sfvrsn=a557cb1d_3, https://cdn.who.int/media/docs/default-source/searo/hsd/edm/neml-ind-2015-govweb-ok.pdf",active
Ciprofloxacin**,Drops 0.3 %,India NLEM 2022,India,"P,S,T",https://cdn.who.int/media/docs/default-source/essential-medicines/national-essential-medicines-lists-%28neml%29/searo_neml/india-2022.pdf?download=true&sfvrsn=a557cb1d_3,active
Clotrimazole***,Drops 1 % | Nasal drops 0.05 %,India NLEM 2022,India,"P,S,T",https://cdn.who.int/media/docs/default-source/essential-medicines/national-essential-medicines-lists-%28neml%29/searo_neml/india-2022.pdf?download=true&sfvrsn=a557cb1d_3,active
Pantoprazole,Injection 40 mg | Tablet 150 mg,"India NLEM 2022, India NLEM 2015",India,"S,T","https://cdn.who.int/media/docs/default-source/essential-medicines/national-essential-medicines-lists-%28neml%29/searo_neml/india-2022.pdf?download=true&sfvrsn=a557cb1d_3, https://cdn.who.int/media/docs/default-source/searo/hsd/edm/neml-ind-2015-govweb-ok.pdf",active
Ondansetron*,"Oral Liquid 2 mg/5 mL (p) | Injection 2 mg/ mL | *Metoclopramide formulations are also listed in Section 7.4.10 - Anti-cancer agents | including Immunosuppressives, and Medicines used in Palliative Care Medicines used in | Palliative Care | *Ondansetron formulations are also listed in Section 7.4.14 - Anti-cancer agents including | Immunosuppressives, and Medicines used in Palliative Care Medicines used in Palliative | Care",India NLEM 2022,India,"S,T",https://cdn.who.int/media/docs/default-source/essential-medicines/national-essential-medicines-lists-%28neml%29/searo_neml/india-2022.pdf?download=true&sfvrsn=a557cb1d_3,active
Dicyclomine,Oral Solution 10 mg/5mL | Injection 10 mg/ mL | Hyoscine Tablet 100 mg | Oral Solution 10mg/5ml | Injection 10 mg/ml | Hyoscine Tablet 10 mg,"India NLEM 2022, India NLEM 2015",India,"P,S,T","https://cdn.who.int/media/docs/default-source/essential-medicines/national-essential-medicines-lists-%28neml%29/searo_neml/india-2022.pdf?download=true&sfvrsn=a557cb1d_3, https://cdn.who.int/media/docs/default-source/searo/hsd/edm/neml-ind-2015-govweb-ok.pdf",active
Ispaghula,Granules/ Husk/ Powder | Medicine Dosage form(s) and strength(s) | Healthcare,"India NLEM 2022, India NLEM 2015",India,"P,S,T","https://cdn.who.int/media/docs/default-source/essential-medicines/national-essential-medicines-lists-%28neml%29/searo_neml/india-2022.pdf?download=true&sfvrsn=a557cb1d_3, https://cdn.who.int/media/docs/default-source/searo/hsd/edm/neml-ind-2015-govweb-ok.pdf",active
Lactulose*,Oral Liquid 10 g/15 mL,India NLEM 2022,India,"S,T",https://cdn.who.int/media/docs/default-source/essential-medicines/national-essential-medicines-lists-%28neml%29/searo_neml/india-2022.pdf?download=true&sfvrsn=a557cb1d_3,active
Zinc Sulphate,Dispersible Tablet 20 mg | 20.7–Other medicines,"India NLEM 2022, India NLEM 2015",India,"P,S,T","https://cdn.who.int/media/docs/default-source/essential-medicines/national-essential-medicines-lists-%28neml%29/searo_neml/india-2022.pdf?download=true&sfvrsn=a557cb1d_3, https://cdn.who.int/media/docs/default-source/searo/hsd/edm/neml-ind-2015-govweb-ok.pdf",active
Somatostatin,"Powder for Injection 3 mg | *Lactulose formulations are also listed in Section 7.4.8 - Anti-cancer agents including | Immunosuppressives, and Medicines used in Palliative Care - Medicines used in Palliative | Care | **Oral rehydration salts formulations are also listed in Section 25.3 - Solutions correcting | water, electrolyte disturbances and acid-base disturbances | Hormones, other Endocrine Medicines and Contraceptives | 18.1-Adrenal Hormones and Synthetic substitutes | Medicine Dosage form(s) and strength(s) | Healthcare | Tablet 0.5 mg | 21.1–Adrenal hormones and synthetic substitutes | Medicine Dosage form and strength","India NLEM 2022, India NLEM 2015",India,T,"https://cdn.who.int/media/docs/default-source/essential-medicines/national-essential-medicines-lists-%28neml%29/searo_neml/india-2022.pdf?download=true&sfvrsn=a557cb1d_3, https://cdn.who.int/media/docs/default-source/searo/hsd/edm/neml-ind-2015-govweb-ok.pdf",active
Fludrocortisone,Tablet 0.1 mg | Tablet 5 mg | Tablet 10 mg,India NLEM 2022,India,"S,T",https://cdn.who.int/media/docs/default-source/essential-medicines/national-essential-medicines-lists-%28neml%29/searo_neml/india-2022.pdf?download=true&sfvrsn=a557cb1d_3,active
Prednisolone*,Tablet 20 mg | Oral liquid 5 mg/5 mL (p) | Oral liquid 15 mg/5 mL (p),India NLEM 2022,India,"P,S,T",https://cdn.who.int/media/docs/default-source/essential-medicines/national-essential-medicines-lists-%28neml%29/searo_neml/india-2022.pdf?download=true&sfvrsn=a557cb1d_3,active
Insulin (Soluble),Injection 40 IU/mL | Insulin | Injection 40 IU/ml | Intermediate,"India NLEM 2022, India NLEM 2015",India,"P,S,T","https://cdn.who.int/media/docs/default-source/essential-medicines/national-essential-medicines-lists-%28neml%29/searo_neml/india-2022.pdf?download=true&sfvrsn=a557cb1d_3, https://cdn.who.int/media/docs/default-source/searo/hsd/edm/neml-ind-2015-govweb-ok.pdf",active
Intermediate,Injection 40 IU/mL | Acting (NPH) | Medicine Dosage form(s) and strength(s) | Healthcare,India NLEM 2022,India,"P,S,T",https://cdn.who.int/media/docs/default-source/essential-medicines/national-essential-medicines-lists-%28neml%29/searo_neml/india-2022.pdf?download=true&sfvrsn=a557cb1d_3,active
Insulin Glargine,Injection 100 IU/mL | Insulin Premix,India NLEM 2022,India,"P,S,T",https://cdn.who.int/media/docs/default-source/essential-medicines/national-essential-medicines-lists-%28neml%29/searo_neml/india-2022.pdf?download=true&sfvrsn=a557cb1d_3,active
Injection 30:70,Injection 40 IU/mL | (Regular : NPH) | Tablet 500 mg,India NLEM 2022,India,"P,S,T",https://cdn.who.int/media/docs/default-source/essential-medicines/national-essential-medicines-lists-%28neml%29/searo_neml/india-2022.pdf?download=true&sfvrsn=a557cb1d_3,active
Metformin,Tablet 1000 mg | Modified release Tablet 1000 mg,India NLEM 2022,India,"P,S,T",https://cdn.who.int/media/docs/default-source/essential-medicines/national-essential-medicines-lists-%28neml%29/searo_neml/india-2022.pdf?download=true&sfvrsn=a557cb1d_3,active
Teneligliptin,Tablet 20 mg,India NLEM 2022,India,"P,S,T",https://cdn.who.int/media/docs/default-source/essential-medicines/national-essential-medicines-lists-%28neml%29/searo_neml/india-2022.pdf?download=true&sfvrsn=a557cb1d_3,active
Glucose*,Injection 25 % | 18.4-Ovulation Inducers | Medicine Dosage form(s) and strength(s) | Healthcare | Tablet 50 mg,India NLEM 2022,India,"P,S,T",https://cdn.who.int/media/docs/default-source/essential-medicines/national-essential-medicines-lists-%28neml%29/searo_neml/india-2022.pdf?download=true&sfvrsn=a557cb1d_3,active
Norethisterone,Tablet 5 mg | 18.6-Thyroid and Antithyroid Medicines | Medicine Dosage form(s) and strength(s) | Healthcare | 21.7–Thyroid and antithyroid medicines | Medicine Dosage form and strength,"India NLEM 2022, India NLEM 2015",India,"P,S,T","https://cdn.who.int/media/docs/default-source/essential-medicines/national-essential-medicines-lists-%28neml%29/searo_neml/india-2022.pdf?download=true&sfvrsn=a557cb1d_3, https://cdn.who.int/media/docs/default-source/searo/hsd/edm/neml-ind-2015-govweb-ok.pdf",active
Carbimazole,Tablet 10 mg | Tablet 20 mg | Tablet 12.5 mcg to 150 mcg* | (*Several strengths are available in,India NLEM 2022,India,"P,S,T",https://cdn.who.int/media/docs/default-source/essential-medicines/national-essential-medicines-lists-%28neml%29/searo_neml/india-2022.pdf?download=true&sfvrsn=a557cb1d_3,active
Levothyroxine,"market such as 12.5,25,50,62.5, 75, | 88,100, 112mcg. Therefore, it was | considered to give a range of available | strengths) | Immunologicals | In case of these biologicals, irrespective of variation in source, composition and | strengths, all the products of the same vaccine/ sera/ immunoglobulin, as | approved by licensing authority are considered as included in NLEM. However, | considering the source, process, technology and other relevant aspects, different | products of the same biological should be considered differently for purposes | such as procurement policy, pricing etc. | 19.1-Diagnostic agents | Medicine Dosage form(s) and strength(s) | Healthcare | Tuberculin,",India NLEM 2022,India,"P,S,T",https://cdn.who.int/media/docs/default-source/essential-medicines/national-essential-medicines-lists-%28neml%29/searo_neml/india-2022.pdf?download=true&sfvrsn=a557cb1d_3,active
Purified Protein,As Licensed | derivative | 19.2-Sera and Immunoglobulins (Liquid/ Lyophilized) | Medicine Dosage form(s) and strength(s) | Healthcare | Anti-rabies,India NLEM 2022,India,"P,S,T",https://cdn.who.int/media/docs/default-source/essential-medicines/national-essential-medicines-lists-%28neml%29/searo_neml/india-2022.pdf?download=true&sfvrsn=a557cb1d_3,active
Diphtheria antitoxin,"As Licensed | Hepatitis B | 19.2.5 | S,T As Licensed | immunoglobulin | Human normal",India NLEM 2022,India,"P,S,T",https://cdn.who.int/media/docs/default-source/essential-medicines/national-essential-medicines-lists-%28neml%29/searo_neml/india-2022.pdf?download=true&sfvrsn=a557cb1d_3,active
BCG vaccine,As licensed | DPT+ Hib+ Hep,India NLEM 2022,India,"P,S,T",https://cdn.who.int/media/docs/default-source/essential-medicines/national-essential-medicines-lists-%28neml%29/searo_neml/india-2022.pdf?download=true&sfvrsn=a557cb1d_3,active
DPT vaccine,As licensed,India NLEM 2022,India,"P,S,T",https://cdn.who.int/media/docs/default-source/essential-medicines/national-essential-medicines-lists-%28neml%29/searo_neml/india-2022.pdf?download=true&sfvrsn=a557cb1d_3,active
Hepatitis B vaccine,As licensed | Japanese,India NLEM 2022,India,"P,S,T",https://cdn.who.int/media/docs/default-source/essential-medicines/national-essential-medicines-lists-%28neml%29/searo_neml/india-2022.pdf?download=true&sfvrsn=a557cb1d_3,active
Measles vaccine,As licensed | Oral poliomyelitis,India NLEM 2022,India,"P,S,T",https://cdn.who.int/media/docs/default-source/essential-medicines/national-essential-medicines-lists-%28neml%29/searo_neml/india-2022.pdf?download=true&sfvrsn=a557cb1d_3,active
Rotavirus vaccine,As licensed,India NLEM 2022,India,"P,S,T",https://cdn.who.int/media/docs/default-source/essential-medicines/national-essential-medicines-lists-%28neml%29/searo_neml/india-2022.pdf?download=true&sfvrsn=a557cb1d_3,active
Tetanus toxoid,As licensed,India NLEM 2022,India,"P,S,T",https://cdn.who.int/media/docs/default-source/essential-medicines/national-essential-medicines-lists-%28neml%29/searo_neml/india-2022.pdf?download=true&sfvrsn=a557cb1d_3,active
Rabies vaccine,As licensed | Medicines for Neonatal Care | Medicine Dosage form(s) and strength(s) | Healthcare,India NLEM 2022,India,"P,S,T",https://cdn.who.int/media/docs/default-source/essential-medicines/national-essential-medicines-lists-%28neml%29/searo_neml/india-2022.pdf?download=true&sfvrsn=a557cb1d_3,active
Alprostadil,Injection 0.5 mg/mL | Oral liquid 20 mg/mL | Injection 0.5 mg/ml | Oral liquid 20 mg/ml,"India NLEM 2022, India NLEM 2015",India,"S,T","https://cdn.who.int/media/docs/default-source/essential-medicines/national-essential-medicines-lists-%28neml%29/searo_neml/india-2022.pdf?download=true&sfvrsn=a557cb1d_3, https://cdn.who.int/media/docs/default-source/searo/hsd/edm/neml-ind-2015-govweb-ok.pdf",active
Natamycin,Drops 5 % | Drops 5% | Drops 0.6%,"India NLEM 2022, India NLEM 2015",India,"P,S,T","https://cdn.who.int/media/docs/default-source/essential-medicines/national-essential-medicines-lists-%28neml%29/searo_neml/india-2022.pdf?download=true&sfvrsn=a557cb1d_3, https://cdn.who.int/media/docs/default-source/searo/hsd/edm/neml-ind-2015-govweb-ok.pdf",active
Povidone iodine***,Drops 5 % | 21.2-Antiinflammatory Medicine | Medicine Dosage form(s) and strength(s) | Healthcare,India NLEM 2022,India,"P,S,T",https://cdn.who.int/media/docs/default-source/essential-medicines/national-essential-medicines-lists-%28neml%29/searo_neml/india-2022.pdf?download=true&sfvrsn=a557cb1d_3,active
Prednisolone****,"Drops 1 % | *Acyclovir formulations are also listed in - | A. Anti-infective Medicines -Antiviral medicines -Anti-herpes medicines Section 6.6.1.1 | B. Anti-infective Medicines -Medicines used in the management of HIV -Medicines for | treating Opportunistic Infections in People living with HIV Section 6.7.5.1 | **Ciprofloxacin formulations are also listed in - | A. Section 6.2.2.3 - Anti-infective Medicines- Antibacterials - Other Antibacterials | B. Section 16.2 Ear, Nose and Throat Medicines | ***Povidone Iodine Also listed in Section 14.1.5 - Antiseptics and Disinfectants- Antiseptics | ****Prednisolone formulations are also listed in - | A. Section 3.7 - Antiallergics and Medicines used in Anaphylaxis | B. Section 7.2.4 - Anti-cancer agents including Immunosuppressives, and Medicines used in | Palliative Care Hormones and anti-hormones used in cancer therapy | C. Section 18.1.5 - Hormones, other Endocrine Medicines and Contraceptives- Adrenal | Hormones and synthetic substitutes | 21.3- Local Anaesthetic | Medicine Dosage form(s) and strength(s) | Healthcare",India NLEM 2022,India,"P,S,T",https://cdn.who.int/media/docs/default-source/essential-medicines/national-essential-medicines-lists-%28neml%29/searo_neml/india-2022.pdf?download=true&sfvrsn=a557cb1d_3,active
Acetazolamide,Tablet 250 mg | Drops 2%,"India NLEM 2022, India NLEM 2015",India,"P,S,T","https://cdn.who.int/media/docs/default-source/essential-medicines/national-essential-medicines-lists-%28neml%29/searo_neml/india-2022.pdf?download=true&sfvrsn=a557cb1d_3, https://cdn.who.int/media/docs/default-source/searo/hsd/edm/neml-ind-2015-govweb-ok.pdf",active
Latanoprost,Drops 0.005 % | Drops 2 %,India NLEM 2022,India,"P,S,T",https://cdn.who.int/media/docs/default-source/essential-medicines/national-essential-medicines-lists-%28neml%29/searo_neml/india-2022.pdf?download=true&sfvrsn=a557cb1d_3,active
Homatropine,Drops 2% | Drops 5 % | Drops 5%,"India NLEM 2022, India NLEM 2015",India,"P,S,T","https://cdn.who.int/media/docs/default-source/essential-medicines/national-essential-medicines-lists-%28neml%29/searo_neml/india-2022.pdf?download=true&sfvrsn=a557cb1d_3, https://cdn.who.int/media/docs/default-source/searo/hsd/edm/neml-ind-2015-govweb-ok.pdf",active
Tropicamide*,Drops 1 % | 21.6-Miscellaneous | Medicine Dosage form(s) and strength(s) | Healthcare | Carboxymethyl Drops 0.5%,India NLEM 2022,India,"P,S,T",https://cdn.who.int/media/docs/default-source/essential-medicines/national-essential-medicines-lists-%28neml%29/searo_neml/india-2022.pdf?download=true&sfvrsn=a557cb1d_3,active
Mifepristone,Tablet 200 mg | Tablet 100 mcg,"India NLEM 2022, India NLEM 2015",India,"P,S,T","https://cdn.who.int/media/docs/default-source/essential-medicines/national-essential-medicines-lists-%28neml%29/searo_neml/india-2022.pdf?download=true&sfvrsn=a557cb1d_3, https://cdn.who.int/media/docs/default-source/searo/hsd/edm/neml-ind-2015-govweb-ok.pdf",active
Betamethasone,Injection 4 mg/mL | Injection 4 mg/ml,"India NLEM 2022, India NLEM 2015",India,"P,S,T","https://cdn.who.int/media/docs/default-source/essential-medicines/national-essential-medicines-lists-%28neml%29/searo_neml/india-2022.pdf?download=true&sfvrsn=a557cb1d_3, https://cdn.who.int/media/docs/default-source/searo/hsd/edm/neml-ind-2015-govweb-ok.pdf",active
Nifedipine,Tablet 10 mg | Medicines used in treatment of Psychiatric Disorders | 27.1–Medicines used in psychotic disorders | Medicine Dosage form and strength | Healthcare | Tablet 25 mg,"India NLEM 2022, India NLEM 2015",India,"S,T","https://cdn.who.int/media/docs/default-source/essential-medicines/national-essential-medicines-lists-%28neml%29/searo_neml/india-2022.pdf?download=true&sfvrsn=a557cb1d_3, https://cdn.who.int/media/docs/default-source/searo/hsd/edm/neml-ind-2015-govweb-ok.pdf",active
Clozapine,Tablet 50 mg | Tablet 100 mg,"India NLEM 2022, India NLEM 2015",India,T,"https://cdn.who.int/media/docs/default-source/essential-medicines/national-essential-medicines-lists-%28neml%29/searo_neml/india-2022.pdf?download=true&sfvrsn=a557cb1d_3, https://cdn.who.int/media/docs/default-source/searo/hsd/edm/neml-ind-2015-govweb-ok.pdf",active
Fluphenazine,Injection 25 mg/mL | Medicine Dosage form(s) and strength(s) | Healthcare | Tablet 2 mg | Tablet 5 mg | Tablet 10 mg | Depot Injection 25 mg/ml,"India NLEM 2022, India NLEM 2015",India,"P,S,T","https://cdn.who.int/media/docs/default-source/essential-medicines/national-essential-medicines-lists-%28neml%29/searo_neml/india-2022.pdf?download=true&sfvrsn=a557cb1d_3, https://cdn.who.int/media/docs/default-source/searo/hsd/edm/neml-ind-2015-govweb-ok.pdf",active
Escitalopram,Tablet 10 mg | Tablet 20 mg | Capsule 10 mg | Capsule 20 mg,"India NLEM 2022, India NLEM 2015",India,"P,S,T","https://cdn.who.int/media/docs/default-source/essential-medicines/national-essential-medicines-lists-%28neml%29/searo_neml/india-2022.pdf?download=true&sfvrsn=a557cb1d_3, https://cdn.who.int/media/docs/default-source/searo/hsd/edm/neml-ind-2015-govweb-ok.pdf",active
Lithium,Tablet 300 mg | Tablet 200 mg | Tablet 500 mg,"India NLEM 2022, India NLEM 2015",India,"S,T","https://cdn.who.int/media/docs/default-source/essential-medicines/national-essential-medicines-lists-%28neml%29/searo_neml/india-2022.pdf?download=true&sfvrsn=a557cb1d_3, https://cdn.who.int/media/docs/default-source/searo/hsd/edm/neml-ind-2015-govweb-ok.pdf",active
Clonazepam,Tablet 0.5 mg | Tablet 1 mg | Tablet 5 mg,"India NLEM 2022, India NLEM 2015",India,"P,S,T","https://cdn.who.int/media/docs/default-source/essential-medicines/national-essential-medicines-lists-%28neml%29/searo_neml/india-2022.pdf?download=true&sfvrsn=a557cb1d_3, https://cdn.who.int/media/docs/default-source/searo/hsd/edm/neml-ind-2015-govweb-ok.pdf",active
Clomipramine,Capsule 25 mg | Capsule 75 mg | Capsule 10 mg | Capsule 20 mg,"India NLEM 2022, India NLEM 2015",India,"P,S,T","https://cdn.who.int/media/docs/default-source/essential-medicines/national-essential-medicines-lists-%28neml%29/searo_neml/india-2022.pdf?download=true&sfvrsn=a557cb1d_3, https://cdn.who.int/media/docs/default-source/searo/hsd/edm/neml-ind-2015-govweb-ok.pdf",active
Buprenorphine,Tablet (Sub-lingual) 0.4 mg | Tablet (Sub-lingual) 0.4 mg (A) | Buprenorphine (A) + + 0.1 mg (B),India NLEM 2022,India,"P,S,T",https://cdn.who.int/media/docs/default-source/essential-medicines/national-essential-medicines-lists-%28neml%29/searo_neml/india-2022.pdf?download=true&sfvrsn=a557cb1d_3,active
Salbutamol,"Inhalation (MDI/DPI*) 100 | mcg/dose | Respirator Solution | (Solution for Nebulizer 5 mg/mL) | *Hydrocortisone formulations are also listed in - | A. Section 3.5 - Antiallergics and Medicines used in Anaphylaxis | B. Section 18.1.3 - Hormones, other Endocrine Medicines and Contraceptives- | Adrenal hormones and synthetic substitutes | Medicine Dosage form(s) and strength(s) | Healthcare | Inhalation (MDI) 9 mcg/dose | Inhalation (MDI/DPI) 100 | Respirator solution for use in | nebulizer 5mg/ml","India NLEM 2022, India NLEM 2015",India,"P,S,T","https://cdn.who.int/media/docs/default-source/essential-medicines/national-essential-medicines-lists-%28neml%29/searo_neml/india-2022.pdf?download=true&sfvrsn=a557cb1d_3, https://cdn.who.int/media/docs/default-source/searo/hsd/edm/neml-ind-2015-govweb-ok.pdf",active
Ringer lactate,Injection (as per IP) | Sodium,"India NLEM 2022, India NLEM 2015",India,"P,S,T","https://cdn.who.int/media/docs/default-source/essential-medicines/national-essential-medicines-lists-%28neml%29/searo_neml/india-2022.pdf?download=true&sfvrsn=a557cb1d_3, https://cdn.who.int/media/docs/default-source/searo/hsd/edm/neml-ind-2015-govweb-ok.pdf",active
Sodium bicarbonate,"Injection (as per IP) | P,S,T Injection 0.9%",India NLEM 2022,India,"P,S,T",https://cdn.who.int/media/docs/default-source/essential-medicines/national-essential-medicines-lists-%28neml%29/searo_neml/india-2022.pdf?download=true&sfvrsn=a557cb1d_3,active
Water for Injection,Injection | Vitamins and Minerals | Medicine Dosage form(s) and strength(s) | Healthcare | Ascorbic acid Tablet 100 mg | Medicine Dosage form and strength,"India NLEM 2022, India NLEM 2015",India,"P,S,T","https://cdn.who.int/media/docs/default-source/essential-medicines/national-essential-medicines-lists-%28neml%29/searo_neml/india-2022.pdf?download=true&sfvrsn=a557cb1d_3, https://cdn.who.int/media/docs/default-source/searo/hsd/edm/neml-ind-2015-govweb-ok.pdf",active
Calcium gluconate*,Injection 100 mg/mL | Solid oral dosage form 1000 IU,India NLEM 2022,India,"P,S,T",https://cdn.who.int/media/docs/default-source/essential-medicines/national-essential-medicines-lists-%28neml%29/searo_neml/india-2022.pdf?download=true&sfvrsn=a557cb1d_3,active
Cholecalciferol,Solid oral dosage form 60000 IU | Oral liquid 400 IU/mL | *Calcium Gluconate formulations are also listed in Section 4.2.2 - Antidotes and Other | substances used in poisoning/Envenomation Specific | Medicine Dosage form(s) and strength(s) | Healthcare | Tablet 10 mg | Tablet 60000 IU | Oral liquid 400 IU/ml,"India NLEM 2022, India NLEM 2015",India,"P,S,T","https://cdn.who.int/media/docs/default-source/essential-medicines/national-essential-medicines-lists-%28neml%29/searo_neml/india-2022.pdf?download=true&sfvrsn=a557cb1d_3, https://cdn.who.int/media/docs/default-source/searo/hsd/edm/neml-ind-2015-govweb-ok.pdf",active
Pyridoxine,Tablet 50 mg | Tablet 100 mg,"India NLEM 2022, India NLEM 2015",India,"P,S,T","https://cdn.who.int/media/docs/default-source/essential-medicines/national-essential-medicines-lists-%28neml%29/searo_neml/india-2022.pdf?download=true&sfvrsn=a557cb1d_3, https://cdn.who.int/media/docs/default-source/searo/hsd/edm/neml-ind-2015-govweb-ok.pdf",active
Riboflavin,Tablet 10 mg | Tablet 100 mg | Tablet 5 mg,"India NLEM 2022, India NLEM 2015",India,"P,S,T","https://cdn.who.int/media/docs/default-source/essential-medicines/national-essential-medicines-lists-%28neml%29/searo_neml/india-2022.pdf?download=true&sfvrsn=a557cb1d_3, https://cdn.who.int/media/docs/default-source/searo/hsd/edm/neml-ind-2015-govweb-ok.pdf",active
Oxygen***,"As licensed for medical purpose | *Methylprednisolone is also listed in Section 18.1.4 - Hormones, other Endocrine medicines | and Contraceptives- Adrenal Hormones and synthetic substitutes | **Paracetamol is also listed in | A. Section 2.1.5 - Analgesics, antipyretics, non steroidal anti-inflammatory medicines, | medicines used to treat Gout and disease Modifying agents used in Rheumatoid Disorders- | Non-opioid analgesics, antipyretics and nonsteroidal anti-inflammatory medicines | B. Section 5.2.3 - Medicines used in Neurological Disorders-Antimigraine medicines | *** Oxygen is also listed in Medicines used in Section 1.1.5 - Anaesthesia- General | Anaesthetics and Oxygen | All modified release formulations of same strength such as sustained release, | controlled release, extended release, prolonged release etc. are included. | of Medicines in | NLEM 2022 | 1. 5-aminosalicylic acid (Mesalazine/Mesalaine) | 2. 5-Fluorouracil | 3. 6-Mercaptopurine | 4. Abacavir | 5. Abacavir (A) + Lamivudine (B) | 6. Acetazolamide | 7. Acetylsalicylic acid | 8. Actinomycin D | 9. Activated Charcoal | 10. Acyclovir | 11. Adenosine | 12. Adrenaline | 13. Albendazole | 14. Allopurinol | 15. All-trans retinoic acid | 16. Alprostadil | 17. Amikacin | 18. Amiodarone | 19. Amitriptyline | 20. Amlodipine | 21. Amoxicillin | 22. Amoxicillin (A) + Clavulanic acid (B) | 23. Amphotericin B | a) Amphotericin B (conventional) | b) Lipid Amphotericin B | c) Liposomal Amphotericin B | 24. Ampicillin | 25. Anti-D immunoglobulin | 26. Anti-rabies immunoglobulin | 27. Anti-tetanus immunoglobulin | 28. Arsenic trioxide | 29. Artemether (A) + Lumefantrine (B) | 30. Artesunate | 31. Artesunate (A) + Sulphadoxine Pyrimethamine (B) | 32. Ascorbic acid (Vitamin C) | 33. Atazanavir (A) + Ritonavir (B) | 34. Atorvastatin | 35. Atracurium | 36. Atropine | 37. Azathioprine | 38. Azithromycin | 39. Baclofen | 40. Barium sulphate | 41. BCG vaccine | 42. Bedaquiline | 43. Bendamustine Hydrochloride | 44. Benzathine benzylpenicillin | 45. Benzoyl peroxide | 46. Benzylpenicillin | 47. Betamethasone | 48. Betamethasone (valerate) | 49. Bicalutamide | 50. Bisacodyl | 51. Bleomycin | 52. Bortezomib | 53. Budesonide | 54. Budesonide (A) +Formoterol (B) | 55. Bupivacaine | 56. Buprenorphine | 57. Buprenorphine (A) + Naloxone (B) | 58. Caffeine | 59. Calamine | 60. Calcium carbonate | 61. Calcium folinate | 62. Calcium gluconate | 63. Capecitabine | 64. Carbamazepine | 65. Carbimazole | 66. Carboplatin | 67. Carboxymethyl cellulose | 68. Cefadroxil | 69. Cefazolin | 70. Cefixime | 71. Cefotaxime | 72. Ceftazidime | 73. Ceftriaxone | 74. Cefuroxime | 75. Cetirizine | 76. Chlorambucil | 77. Chlorhexidine | 78. Chloroquine | 79. Cholecalciferol | 80. Ciprofloxacin | 81. Cisplatin | 82. Clarithromycin | 83. Clindamycin | 84. Clobazam | 85. Clofazimine | 86. Clomiphene citrate | 87. Clomipramine | 88. Clonazepam | 89. Clopidogrel | 90. Clotrimazole | 91. Cloxacillin | 92. Clozapine | 93. Coagulation factor IX | 94. Coagulation factor VIII | 95. Coal tar (A) + Salicylic Acid (B) | 96. Colchicine | 97. Condom | 98. Co-trimoxazole [Sulphamethoxazole (A) + Trimethoprim (B)] | 99. Cryoprecipitate | 100. Cyclophosphamide | 101. Cycloserine | 102. Cyclosporine | 103. Cytosine arabinoside | 104. D- Penicillamine | 105. Dabigatran | 106. Dacarbazine | 107. Daclatasvir | 108. Dapsone | 109. Darunavir | 110. Darunavir (A) + Ritonavir (B) | 111. Daunorubicin | 112. Delamanid | 113. Desferrioxamine | 114. Dexamethasone | 115. Dextran-40 | 116. Diazepam | 117. Diclofenac | 118. Dicyclomine | 119. Diethylcarbamazine | 120. Digoxin | 121. Diltiazem | 122. Dinoprostone | 123. Diphtheria antitoxin | 124. Dobutamine | 125. Docetaxel | 126. Dolutegravir | 127. Domperidone | 128. Donepezil | 129. Dopamine | 130. Doxorubicin | 131. Doxycycline | 132. DPT vaccine | 133. DPT+ Hib+ Hep B vaccine | 134. Efavirenz | 135. Enalapril | 136. Enoxaparin | 137. Entecavir | 138. Erythropoietin | 139. Escitalopram | 140. Esmolol | 141. Ethambutol | 142. Ethinylestradiol (A) + Levonorgestrel (B) | 143. Ethionamide | 144. Ethyl alcohol (Denatured) | 145. Etoposide | 146. Fentanyl | 147. Ferrous Salts (A) + Folic Acid (B) | 148. Ferrous salts | 149. Filgrastim | 150. Fluconazole | 151. Fludrocortisone | 152. Flunarizine | 153. Fluorescein | 154. Fluoxetine | 155. Fluphenazine | 156. Folic Acid | 157. Framycetin | 158. Fresh frozen plasma | 159. Furosemide | 160. Fusidic acid | 161. Gadobenate dimeglumine | 162. Gefitinib | 163. Gemcitabine | 164. Gentamicin | 165. Glimepiride | 166. Glucose | 167. Glucose(A) + Sodium chloride (B) | 168. Glutaraldehyde | 169. Glycerin | 170. Glyceryl trinitrate | 171. Glycopyrrolate | 172. Griseofulvin | 173. Haemodialysis fluid | 174. Haloperidol | 175. Halothane | 176. Heparin | 177. Hepatitis B immunoglobulin | 178. Hepatitis B vaccine | 179. Homatropine | 180. Hormone releasing IUD | 181. Human chorionic gonadotropin | 182. Human normal immunoglobulin | 183. Hydrochlorothiazide | 184. Hydrocortisone | 185. Hydrogen Peroxide | 186. Hydroxocobalamine | 187. Hydroxychloroquine | 188. Hydroxypropyl methylcellulose | 189. Hydroxyurea | 190. Hyoscine butylbromide | 191. Ibuprofen | 192. Ifosfamide | 193. Imatinib | 194. Insulin (Soluble) | 195. Insulin Glargine | 196. Insulin Intermediate Acting (NPH) | 197. Insulin Premix Injection 30:70 (Regular : NPH) | 198. Iohexol | 199. Ipratropium | 200. Irinotecan HCI Trihydrate | 201. Iron sucrose | 202. Isoflurane | 203. Isoniazid | 204. Isosorbide dinitrate | 205. Ispaghula | 206. Itraconazole | 207. IUD containing Copper | 208. Ivermectin | 209. Japanese Encephalitis Vaccine | 210. Ketamine | 211. Labetalol | 212. Lactulose | 213. Lamivudine | 214. L-Asparaginase | 215. Latanoprost | 216. Lenalidomide | 217. Letrozole | 218. Leuprolide acetate | 219. Levetiracetam | 220. Levodopa (A) + Carbidopa (B) | 221. Levofloxacin | 222. Levonorgestrel | 223. Levothyroxine | 224. Lignocaine | 225. Lignocaine (A) + Adrenaline (B) | 226. Linezolid | 227. Lithium | 228. Loperamide | 229. Lopinavir (A) + Ritonavir (B) | 230. Lorazepam | 231. Magnesium sulphate | 232. Mannitol | 233. Measles vaccine | 234. Mebendazole | 235. Medroxyprogesterone acetate | 236. Mefenamic acid | 237. Mefloquine | 238. Meglumine diatrizoate | 239. Melphalan | 240. Meropenem | 241. Mesna | 242. Metformin | 243. Methotrexate | 244. Methylergometrine | 245. Methylprednisolone | 246. Methylrosanilinium chloride (Gentian Violet) | 247. Methylthioninium chloride (Methylene blue) | 248. Metoclopramide | 249. Metoprolol | 250. Metronidazole | 251. Midazolam | 252. Mifepristone | 253. Miltefosine | 254. Misoprostol | 255. Montelukast | 256. Morphine | 257. Moxifloxacin | 258. Mupirocin | 259. Mycophenolate mofetil | 260. N-acetylcysteine | 261. Naloxone | 262. Natamycin | 263. Neostigmine | 264. Nevirapine | 265. Nicotine replacement therapy (NRT) | 266. Nifedipine | 267. Nitrofurantoin | 268. Nitrous oxide | 269. Noradrenaline | 270. Norethisterone | 271. Nystatin | 272. Omeprazole | 273. Ondansetron | 274. Oral poliomyelitis vaccine | 275. Oral rehydration salts | 276. Ormeloxifene (Centchroman) | 277. Oxaliplatin | 278. Oxygen | 279. Oxytocin | 280. Paclitaxel | 281. Pantoprazole | 282. Para- aminosalicylic acid | 283. Paracetamol | 284. Paromomycin | 285. Peritoneal dialysis solution | 286. Permethrin | 287. Pheniramine | 288. Phenobarbitone | 289. Phenoxymethyl penicillin | 290. Phenylephrine | 291. Phenytoin | 292. Phytomenadione(Vitamin K1) | 293. Pilocarpine | 294. Piperacillin (A) + Tazobactam (B)* | 295. Platelet rich plasma/ Platelet concentrates | 296. Podophyllin resin | 297. Potassium chloride | 298. Potassium permanganate | 299. Povidone iodine | 300. Pralidoxime chloride (2-PAM) | 301. Praziquantel | 302. Prednisolone | 303. Primaquine | 304. Procaine Benzylpenicillin | 305. Proparacaine | 306. Propofol | 307. Propranolol | 308. Protamine Sulphate | 309. Pyrazinamide | 310. Pyridoxine | 311. Quinine | 312. Rabies vaccine | 313. Raltegravir | 314. Ramipril | 315. Red blood cells/ Packed RBCs | 316. Ribavirin | 317. Riboflavin | 318. Rifampicin | 319. Ringer lactate | 320. Risperidone | 321. Ritonavir | 322. Rituximab | 323. Rotavirus vaccine | 324. Salbutamol | 325. Salicylic acid | 326. Sevoflurane | 327. Silver sulphadiazine | 328. Snake Venom Antiserum | a. Soluble/ liquid polyvalent | b. Lyophilized polyvalent | 329. Sodium bicarbonate | 330. Sodium chloride | 331. Sodium nitrite | 332. Sodium nitroprusside | 333. Sodium thiosulphate | 334. Sodium Valproate | 335. Sofosbuvir | 336. Somatostatin | 337. Spironolactone | 338. Streptokinase | 339. Streptomycin | 340. Succinylcholine | 341. Sulfasalazine | 342. Sumatriptan | 343. Surfactant | 344. Tacrolimus | 345. Tamoxifen | 346. Telmisartan | 347. Temozolomide | 348. Tenecteplase | 349. Teneligliptin | 350. Tenofovir (A) + Lamivudine (B) | 351. Tenofovir (A) + Lamivudine (B) + Dolutegravir (C) | 352. Tenofovir (A) + Lamivudine (B) + Efavirenz (C) | 353. Tenofovir Alafenamide Fumarate (TAF) | 354. Tenofovir Disproxil Fumarate (TDF) | 355. Terbinafine | 356. Tetanus toxoid | 357. Thalidomide | 358. Thiamine | 359. Thiopentone | 360. Timolol | 361. Tiotropium | 362. Tramadol | 363. Tranexamic acid | 364. Trastuzumab | 365. Trihexyphenidyl | 366. Tropicamide | 367. Tuberculin, Purified Protein derivative | 368. Valganciclovir | 369. Vancomycin | 370. Vecuronium | 371. Verapamil | 372. Vinblastine | 373. Vincristine | 374. Vitamin A | 375. Warfarin | 376. Water for Injection | 377. Whole blood | 378. Xylometazoline | 379. Zidovudine | 380. Zidovudine (A) + Lamivudine (B) | 381. Zidovudine (A) + Lamivudine (B) + Nevirapine (C) | 382. Zinc Sulphate | 383. Zoledronic acid | 384. Zolpidem | Medicines Added | wise in | NLEM 2022 | Medicines Added Therapeutic category wise in NLEM 2022 | Medicines used in Anaesthesia | NIL | Analgesics, Antipyretics, Non-steroidal Anti-inflammatory Drugs (NSAIDs), | Medicines used to treat Gout and Disease Modifying Agents used in | Rheumatoid Disorders | NIL | Antiallergics and medicines used in anaphylaxis | NIL | Antidotes and Other Substances used in Management of | Poisonings/Envenomation | NIL | Medicines used in Neurological disorders | NIL | Anti-infective medicines",India NLEM 2022,India,"P,S,T",https://cdn.who.int/media/docs/default-source/essential-medicines/national-essential-medicines-lists-%28neml%29/searo_neml/india-2022.pdf?download=true&sfvrsn=a557cb1d_3,active
Ganciclovir,Powder for Injection 500 | mg | 6.4.3-Medicines used in the management of HIV,India NLEM 2022,India,"S,T",https://cdn.who.int/media/docs/default-source/essential-medicines/national-essential-medicines-lists-%28neml%29/searo_neml/india-2022.pdf?download=true&sfvrsn=a557cb1d_3,active
White,"Jelly 100% | 18 | Petrolatum | NIL | NIL | 17.1- Antiseptics | Medicine Dosage form(s) and strength(s) | Healthcare | Solution 20 % | 19 17.1.1 Cetrimide P,S,T | (Concentrate for dilution)",India NLEM 2022,India,"P,S,T",https://cdn.who.int/media/docs/default-source/essential-medicines/national-essential-medicines-lists-%28neml%29/searo_neml/india-2022.pdf?download=true&sfvrsn=a557cb1d_3,active
Oxygen,Inhalation (Medicinal gas),India NLEM 2015,India,"P,S,T",https://cdn.who.int/media/docs/default-source/searo/hsd/edm/neml-ind-2015-govweb-ok.pdf,active
Bupivacaine,Injection 0.5% | Injection 0.5% with 7.5% glucose | Topical forms 2-5% | Injection 1%,India NLEM 2015,India,"S,T",https://cdn.who.int/media/docs/default-source/searo/hsd/edm/neml-ind-2015-govweb-ok.pdf,active
Atropine,Injection 0.6 mg/ml | Injection 1 mg/ml,India NLEM 2015,India,"P,S,T",https://cdn.who.int/media/docs/default-source/searo/hsd/edm/neml-ind-2015-govweb-ok.pdf,active
Midazolam,Oral liquid 2 mg/ml | Injection 1 mg/ml | Injection 5 mg/ml | Injection 10 mg/ml | Tablet 10 mg,India NLEM 2015,India,"P,S,T",https://cdn.who.int/media/docs/default-source/searo/hsd/edm/neml-ind-2015-govweb-ok.pdf,active
Ibuprofen,Tablet 400 mg | Oral liquid 100 mg/5 ml | Capsule 250 mg,India NLEM 2015,India,"P,S,T",https://cdn.who.int/media/docs/default-source/searo/hsd/edm/neml-ind-2015-govweb-ok.pdf,active
Paracetamol,forms and strengths | Injection 150 mg/ml | Suppository 80 mg | Suppository 170 mg | 2.2–Opioid analgesics | Medicine Dosage form and strength | Healthcare,India NLEM 2015,India,"P,S,T",https://cdn.who.int/media/docs/default-source/searo/hsd/edm/neml-ind-2015-govweb-ok.pdf,active
Morphine,Injection 10 mg/ml | Injection 15 mg/ml | Capsule 50 mg | Tablet 20 mg | SR Tablet 30 mg | Tablet 4 mg | Tablet 8 mg,India NLEM 2015,India,"P,S,T",https://cdn.who.int/media/docs/default-source/searo/hsd/edm/neml-ind-2015-govweb-ok.pdf,active
Tramadol,Capsule 100 mg | Injection 50 mg/ml | 2.3–Medicines used to treat gout | Medicine Dosage form and strength | Healthcare | Tablet 100 mg,India NLEM 2015,India,"S,T",https://cdn.who.int/media/docs/default-source/searo/hsd/edm/neml-ind-2015-govweb-ok.pdf,active
"Azathioprine S,",Tablet 50 mg | Hydroxychloroqui Tablet 200 mg,India NLEM 2015,India,T,https://cdn.who.int/media/docs/default-source/searo/hsd/edm/neml-ind-2015-govweb-ok.pdf,active
"Sulfasalazine S,",Tablet 500 mg | Medicine Dosage form and strength | Healthcare,India NLEM 2015,India,T,https://cdn.who.int/media/docs/default-source/searo/hsd/edm/neml-ind-2015-govweb-ok.pdf,active
Hydrocortisone,Powder for Injection 100 mg | Tablet 10 mg | Injection 100 mg/ml | Tablet 8 mg | Methylprednisolon Tablet 16 mg,India NLEM 2015,India,"P,S,T",https://cdn.who.int/media/docs/default-source/searo/hsd/edm/neml-ind-2015-govweb-ok.pdf,active
Prednisolone,Tablet 20 mg | Oral liquid 5 mg/5 ml | Oral liquid 15 mg/5 ml | 4.1–Nonspecific | Medicine Dosage form and strength | Healthcare | Tablet 10 mg | 21.2–Contraceptives | 21.2.1–Hormonal contraceptives | Ethinylestradiol,India NLEM 2015,India,"P,S,T",https://cdn.who.int/media/docs/default-source/searo/hsd/edm/neml-ind-2015-govweb-ok.pdf,active
Calcium gluconate,"Injection 100 mg/ml | Tablet 1000 IU,",India NLEM 2015,India,"P,S,T",https://cdn.who.int/media/docs/default-source/searo/hsd/edm/neml-ind-2015-govweb-ok.pdf,active
Dimercaprol,Injection 50 mg/ml | Methylthioninium,India NLEM 2015,India,"S,T",https://cdn.who.int/media/docs/default-source/searo/hsd/edm/neml-ind-2015-govweb-ok.pdf,active
Neostigmine,Injection 0.5 mg/ml,India NLEM 2015,India,"P,S,T",https://cdn.who.int/media/docs/default-source/searo/hsd/edm/neml-ind-2015-govweb-ok.pdf,active
Penicillamine,Capsule 250 mg | Pralidoxime,India NLEM 2015,India,"S,T",https://cdn.who.int/media/docs/default-source/searo/hsd/edm/neml-ind-2015-govweb-ok.pdf,active
Carbamazepine,Tablet 400 mg | CR Tablet 400 mg | Oral liquid 100 mg/5 ml | Oral liquid 200 mg/5 ml | Tablet 5 mg,India NLEM 2015,India,"P,S,T",https://cdn.who.int/media/docs/default-source/searo/hsd/edm/neml-ind-2015-govweb-ok.pdf,active
Diazepam,Injection 5 mg/ml | Suppository 5 mg | Tablet 250 mg | Tablet 500 mg | Tablet 750 mg | Tablet 5 mg,India NLEM 2015,India,"P,S,T",https://cdn.who.int/media/docs/default-source/searo/hsd/edm/neml-ind-2015-govweb-ok.pdf,active
Lorazepam,Tablet 2 mg | Injection 2 mg/ml | Magnesium,India NLEM 2015,India,"P,S,T",https://cdn.who.int/media/docs/default-source/searo/hsd/edm/neml-ind-2015-govweb-ok.pdf,active
Benzyl penicillin,Powder for Injection 10 lac units | Tablet 500 mg,India NLEM 2015,India,"P,S,T",https://cdn.who.int/media/docs/default-source/searo/hsd/edm/neml-ind-2015-govweb-ok.pdf,active
Cefotaxime,Powder for Injection 500 mg | Powder for Injection 1 g,India NLEM 2015,India,"S,T",https://cdn.who.int/media/docs/default-source/searo/hsd/edm/neml-ind-2015-govweb-ok.pdf,active
Clarithromycin,Tablet 500 mg | Oral liquid 125mg/5 ml | Co-trimoxazole Tablet 400 mg (A) + 80 mg (B) | [Sulphamethoxazol Tablet 800 mg (A) + 160 mg (B),India NLEM 2015,India,"S,T",https://cdn.who.int/media/docs/default-source/searo/hsd/edm/neml-ind-2015-govweb-ok.pdf,active
Dapsone,Tablet 50 mg | Tablet 100 mg | Capsule 150 mg,India NLEM 2015,India,"P,S,T",https://cdn.who.int/media/docs/default-source/searo/hsd/edm/neml-ind-2015-govweb-ok.pdf,active
"Capreomycin P, S,",Powder for Injection 1 g | Capsule 125 mg,India NLEM 2015,India,T,https://cdn.who.int/media/docs/default-source/searo/hsd/edm/neml-ind-2015-govweb-ok.pdf,active
"Kanamycin P, S,",Powder for Injection 750 mg | Powder for Injection 1 g | Tablet 250 mg,India NLEM 2015,India,T,https://cdn.who.int/media/docs/default-source/searo/hsd/edm/neml-ind-2015-govweb-ok.pdf,active
"Levofloxacin P, S,",Tablet 500 mg | Tablet 750 mg,India NLEM 2015,India,T,https://cdn.who.int/media/docs/default-source/searo/hsd/edm/neml-ind-2015-govweb-ok.pdf,active
Clotrimazole,Pessary 100 mg | Tablet 100 mgTablet 150 mgTablet | Cream 1% | 14.2–Antiinfective medicines | Medicine Dosage form and strength | Healthcare | Drops 1% | Nasal drops 0.05 %,India NLEM 2015,India,"P,S,T",https://cdn.who.int/media/docs/default-source/searo/hsd/edm/neml-ind-2015-govweb-ok.pdf,active
Fluconazole,"200 mgTablet 400 mgOral liquid 50 | mg/5 ml | S,T Injection 200 mg /100 ml | Tablet 125 mg",India NLEM 2015,India,"P,S,T",https://cdn.who.int/media/docs/default-source/searo/hsd/edm/neml-ind-2015-govweb-ok.pdf,active
Nystatin,"Pessary 100,000 IU | Oral Liquid 100, 000 IU/ml | 6.4–Antiviral medicines | 6.4.1–Antiherpes medicines | Medicine Dosage form and strength | Healthcare | Tablet 200 mg | Tablet 400 mg",India NLEM 2015,India,"P,S,T",https://cdn.who.int/media/docs/default-source/searo/hsd/edm/neml-ind-2015-govweb-ok.pdf,active
Acyclovir,Powder for Injection 250 mg | Powder for Injection 500 mg | Oral liquid 400 mg/5 ml | 6.4.2–Anti Cytomegalovirus (CMV) medicines | Capsule 250 mg | Ointment 3% | Drops 0.3 %,India NLEM 2015,India,"P,S,T",https://cdn.who.int/media/docs/default-source/searo/hsd/edm/neml-ind-2015-govweb-ok.pdf,active
Tenofovir,Tablet 300 mg | 6.5.1–Antiamoebic and antigiardiasis medicines | Medicine Dosage form and strength | Healthcare,India NLEM 2015,India,"S,T",https://cdn.who.int/media/docs/default-source/searo/hsd/edm/neml-ind-2015-govweb-ok.pdf,active
Diloxanide furoate,Tablet 500 mg | Tablet 200 mg | Tablet 400 mg,India NLEM 2015,India,"P,S,T",https://cdn.who.int/media/docs/default-source/searo/hsd/edm/neml-ind-2015-govweb-ok.pdf,active
Paromomycin,Injection 375 mg/ml | 6.5.3–Antimalarial medicines | 6.5.3.1–For curative treatment | Medicine Dosage form and strength | Healthcare | Tablet 20 mg (A) + 120 mg (B) | Tablet 40 mg (A) + 240 mg (B),India NLEM 2015,India,"P,S,T",https://cdn.who.int/media/docs/default-source/searo/hsd/edm/neml-ind-2015-govweb-ok.pdf,active
Pentamidine,Powder for Injection 200 mg | Medicine Dosage form and strength | Healthcare | Tablet 300 mg to 500 mg | Acetylsalicylic,India NLEM 2015,India,"S,T",https://cdn.who.int/media/docs/default-source/searo/hsd/edm/neml-ind-2015-govweb-ok.pdf,active
Sumatriptan,Tablet 50 mg | Injection 6 mg/ 0.5 ml | 7.2–For prophylaxis | Medicine Dosage form and strength | Healthcare | Tablet 5 mg,India NLEM 2015,India,"P,S,T",https://cdn.who.int/media/docs/default-source/searo/hsd/edm/neml-ind-2015-govweb-ok.pdf,active
Cyclophosphamide,Tablet 200 mg | Powder for Injection 500 mg | Injection 100 mg/ ml | Cytosine,India NLEM 2015,India,T,https://cdn.who.int/media/docs/default-source/searo/hsd/edm/neml-ind-2015-govweb-ok.pdf,active
Etoposide,Capsule 100 mg | Injection 20 mg/ml,India NLEM 2015,India,T,https://cdn.who.int/media/docs/default-source/searo/hsd/edm/neml-ind-2015-govweb-ok.pdf,active
Oxaliplatin,Injection 5 mg/ml | Injection 30 mg/5 ml,India NLEM 2015,India,T,https://cdn.who.int/media/docs/default-source/searo/hsd/edm/neml-ind-2015-govweb-ok.pdf,active
Procarbazine,Capsule 50 mg,India NLEM 2015,India,T,https://cdn.who.int/media/docs/default-source/searo/hsd/edm/neml-ind-2015-govweb-ok.pdf,active
Azathioprine,Tablet 50 mg | Capsule10 mg | Capsule 25 mg | Capsule 50 mg,India NLEM 2015,India,T,https://cdn.who.int/media/docs/default-source/searo/hsd/edm/neml-ind-2015-govweb-ok.pdf,active
Allopurinol,Tablet 100 mg | Tablet 10 mg,India NLEM 2015,India,T,https://cdn.who.int/media/docs/default-source/searo/hsd/edm/neml-ind-2015-govweb-ok.pdf,active
Filgrastim,Injection 300 mcg,India NLEM 2015,India,T,https://cdn.who.int/media/docs/default-source/searo/hsd/edm/neml-ind-2015-govweb-ok.pdf,active
Fluoxetine,Capsule 20 mg | Tablet 1.5 mg,India NLEM 2015,India,T,https://cdn.who.int/media/docs/default-source/searo/hsd/edm/neml-ind-2015-govweb-ok.pdf,active
Haloperidol,Tablet 5 mg | Injection 5 mg/ml,India NLEM 2015,India,T,https://cdn.who.int/media/docs/default-source/searo/hsd/edm/neml-ind-2015-govweb-ok.pdf,active
Lactulose,Oral liquid 10 g/15 ml | 20.6–Medicines used in diarrhoea | Medicine Dosage form and strength | Healthcare | Oral rehydration,India NLEM 2015,India,T,https://cdn.who.int/media/docs/default-source/searo/hsd/edm/neml-ind-2015-govweb-ok.pdf,active
Metoclopramide,Oral liquid 5 mg/5 ml | Injection 5 mg/ml | Tablet 4 mg,India NLEM 2015,India,T,https://cdn.who.int/media/docs/default-source/searo/hsd/edm/neml-ind-2015-govweb-ok.pdf,active
Folic acid,Tablet 5 mg,India NLEM 2015,India,"P,S,T",https://cdn.who.int/media/docs/default-source/searo/hsd/edm/neml-ind-2015-govweb-ok.pdf,active
Hydroxyurea,Capsule 500 mg,India NLEM 2015,India,"P,S,T",https://cdn.who.int/media/docs/default-source/searo/hsd/edm/neml-ind-2015-govweb-ok.pdf,active
Protamine,Injection 10 mg/ml | Tablet 500 mg,India NLEM 2015,India,"S,T",https://cdn.who.int/media/docs/default-source/searo/hsd/edm/neml-ind-2015-govweb-ok.pdf,active
Red blood cells,As licensed,India NLEM 2015,India,"S,T",https://cdn.who.int/media/docs/default-source/searo/hsd/edm/neml-ind-2015-govweb-ok.pdf,active
Clopidogrel,Tablet 75 mg | Tablet 30 mg,India NLEM 2015,India,"P,S,T",https://cdn.who.int/media/docs/default-source/searo/hsd/edm/neml-ind-2015-govweb-ok.pdf,active
Diltiazem,Tablet 60 mg | SR Tablet 90 mg | T Injection 5 mg/ml,India NLEM 2015,India,"P,S,T",https://cdn.who.int/media/docs/default-source/searo/hsd/edm/neml-ind-2015-govweb-ok.pdf,active
Glyceryl trinitrate,"Sublingual tablet 0.5 mg | S,T Injection 5 mg/ml | Tablet 10 mg | Isosorbide-5- Tablet 20 mg",India NLEM 2015,India,"P,S,T",https://cdn.who.int/media/docs/default-source/searo/hsd/edm/neml-ind-2015-govweb-ok.pdf,active
Labetalol,Injection 5 mg/ml | Tablet 250 mg,India NLEM 2015,India,"P,S,T",https://cdn.who.int/media/docs/default-source/searo/hsd/edm/neml-ind-2015-govweb-ok.pdf,active
Digoxin,Oral liquid 0.05 mg/ml | Injection 0.25 mg/ml,India NLEM 2015,India,"S,T",https://cdn.who.int/media/docs/default-source/searo/hsd/edm/neml-ind-2015-govweb-ok.pdf,active
Atorvastatin,Tablet 20 mg | Tablet 40 mg | Medicine Dosage form and strength | Healthcare | Tablet 5 mg,India NLEM 2015,India,"P,S,T",https://cdn.who.int/media/docs/default-source/searo/hsd/edm/neml-ind-2015-govweb-ok.pdf,active
m chloride,Topial preparation 0.25% to 2% | (Gentian Violet),India NLEM 2015,India,"P,S,T",https://cdn.who.int/media/docs/default-source/searo/hsd/edm/neml-ind-2015-govweb-ok.pdf,active
Povidone iodine,Solution 4% to 10% | Silver | 17.2–Disinfectants | Medicine Dosage form and strength | Healthcare | Containing not less than 30% w/w,India NLEM 2015,India,"P,S,T",https://cdn.who.int/media/docs/default-source/searo/hsd/edm/neml-ind-2015-govweb-ok.pdf,active
Coal tar,Solution 5%,India NLEM 2015,India,"P,S,T",https://cdn.who.int/media/docs/default-source/searo/hsd/edm/neml-ind-2015-govweb-ok.pdf,active
Glycerin,Oral Liquid,India NLEM 2015,India,"P,S,T",https://cdn.who.int/media/docs/default-source/searo/hsd/edm/neml-ind-2015-govweb-ok.pdf,active
White Petrolatum,Jelly 100% | 15.1–Ophthalmic medicines | Medicine Dosage form and strength | Healthcare,India NLEM 2015,India,"P,S,T",https://cdn.who.int/media/docs/default-source/searo/hsd/edm/neml-ind-2015-govweb-ok.pdf,active
Lignocaine,Eye drop 4%,India NLEM 2015,India,"S,T",https://cdn.who.int/media/docs/default-source/searo/hsd/edm/neml-ind-2015-govweb-ok.pdf,active
Tropicamide,Eye drop 1% | 15.2–Radiocontrast media | Medicine Dosage form and strength | Healthcare | Oral liquid 100% w/v | Drops 1% | 25.6–Ophthalmic surgical aids | Hydroxypropyl,India NLEM 2015,India,"S,T",https://cdn.who.int/media/docs/default-source/searo/hsd/edm/neml-ind-2015-govweb-ok.pdf,active
Gadobenate,Injection 529 mg/ml,India NLEM 2015,India,T,https://cdn.who.int/media/docs/default-source/searo/hsd/edm/neml-ind-2015-govweb-ok.pdf,active
Iohexol,Injection 140 to 350 mg iodine/ml | Meglumine Injection 60% w/v,India NLEM 2015,India,"S,T",https://cdn.who.int/media/docs/default-source/searo/hsd/edm/neml-ind-2015-govweb-ok.pdf,active
Ciprofloxacin,Drops 0.3 %,India NLEM 2015,India,"P,S,T",https://cdn.who.int/media/docs/default-source/searo/hsd/edm/neml-ind-2015-govweb-ok.pdf,active
Ranitidine,Oral liquid 75 mg/5 ml | Injection 25 mg/ml,India NLEM 2015,India,"P,S,T",https://cdn.who.int/media/docs/default-source/searo/hsd/edm/neml-ind-2015-govweb-ok.pdf,active
Sucralfate,Oral liquid 1 g | 20.2–Antiemetics | Medicine Dosage form and strength | Healthcare | Tablet 10 mg,India NLEM 2015,India,"S,T",https://cdn.who.int/media/docs/default-source/searo/hsd/edm/neml-ind-2015-govweb-ok.pdf,active
Ondansetron,Oral liquid 2 mg/5 ml | Injection 2 mg/ml | 20.3–Anti inflammatory medicines | Medicine Dosage form and strength | Healthcare | Tablet 400 mg | 5-aminosalicylic,India NLEM 2015,India,"S,T",https://cdn.who.int/media/docs/default-source/searo/hsd/edm/neml-ind-2015-govweb-ok.pdf,active
(A) +,Tablet 0.03 mg (A) + 0.15 mg (B) | Levonorgestrel | Ethinylestradiol | Tablet 0.035 mg (A) + 1 mg (B) | Norethisterone | 21.2.2–Intrauterine devices | Medicine Dosage form and strength | Healthcare | Hormone releasing,India NLEM 2015,India,"P,S,T",https://cdn.who.int/media/docs/default-source/searo/hsd/edm/neml-ind-2015-govweb-ok.pdf,active
Condom,"Schedule R of Drugs and Cosmetics | rules, 1945 | 21.3–Estrogens | Medicine Dosage form and strength | Healthcare | Tablet 0.01 mg",India NLEM 2015,India,"P,S,T",https://cdn.who.int/media/docs/default-source/searo/hsd/edm/neml-ind-2015-govweb-ok.pdf,active
Levonorgestrel,Tablet 0.75 mg | 21.4–Medicines used in diabetes mellitus | 21.4.1–Insulins and other antidiabetic agents | Medicine Dosage form and strength | Healthcare | Tablet 1 mg,India NLEM 2015,India,"P,S,T",https://cdn.who.int/media/docs/default-source/searo/hsd/edm/neml-ind-2015-govweb-ok.pdf,active
Acting (NPH),Injection 40 IU/ml | Insulin | Tablet 500 mg | Tablet 750 mg,India NLEM 2015,India,"P,S,T",https://cdn.who.int/media/docs/default-source/searo/hsd/edm/neml-ind-2015-govweb-ok.pdf,active
30:70 Injection,Injection 40 IU/ml | (Regular:NPH) | 21.4.2–Medicines used to treat hypoglycemia | Medicine Dosage form and strength | Healthcare,India NLEM 2015,India,"P,S,T",https://cdn.who.int/media/docs/default-source/searo/hsd/edm/neml-ind-2015-govweb-ok.pdf,active
Glucose,Injection 25 % | 21.5–Ovulation Inducers | Medicine Dosage form and strength | Healthcare | Tablet 50 mg,India NLEM 2015,India,"P,S,T",https://cdn.who.int/media/docs/default-source/searo/hsd/edm/neml-ind-2015-govweb-ok.pdf,active
Erythromycin,Ointment 0.5%,India NLEM 2015,India,"P,S,T",https://cdn.who.int/media/docs/default-source/searo/hsd/edm/neml-ind-2015-govweb-ok.pdf,active
Gentamicin,Drops 0.3%,India NLEM 2015,India,"P,S,T",https://cdn.who.int/media/docs/default-source/searo/hsd/edm/neml-ind-2015-govweb-ok.pdf,active
Proparacaine,Drops 0.5% | 25.4–Miotics and antiglaucoma medicines | Medicine Dosage form and strength | Healthcare,India NLEM 2015,India,"P,S,T",https://cdn.who.int/media/docs/default-source/searo/hsd/edm/neml-ind-2015-govweb-ok.pdf,active
Ipratropium,Respirator solution for use in | nebulizer 250 mcg/ml | Tablet 2 mg | Tablet 4 mg | Oral liquid 2 mg/5 ml,India NLEM 2015,India,"P,S,T",https://cdn.who.int/media/docs/default-source/searo/hsd/edm/neml-ind-2015-govweb-ok.pdf,active
Sodium chloride,Injection 5% (A) + 0.9% (B) | (B) | Oral rehydration,India NLEM 2015,India,"P,S,T",https://cdn.who.int/media/docs/default-source/searo/hsd/edm/neml-ind-2015-govweb-ok.pdf,active
Nicotinamide,Tablet 50 mg | Tablet 10 mg,India NLEM 2015,India,"P,S,T",https://cdn.who.int/media/docs/default-source/searo/hsd/edm/neml-ind-2015-govweb-ok.pdf,active
Vitamin A,"Capsule 100000 IU | Oral liquid 100000 IU/ml | Injection 50000 IU/ml | 1. 5-aminosalicylic acid | 2. 5-Fluorouracil | 3. 6-Mercaptopurine | 4. Abacavir | 5. Abacavir + Lamivudine | 6. Acetazolamide | 7. Acetylsalicylic acid | 8. Actinomycin D | 9. Activated charcoal | 10. Acyclovir | 11. Adenosine | 12. Adrenaline | 13. Albendazole | 14. Allopurinol | 15. All-trans retinoic acid | 16. Alprostadil | 17. Alteplase | 18. Amiodarone | 19. Amitriptyline | 20. Amlodipine | 21. Amoxicillin | 22. Amoxicillin + Clavulanic acid | Amphotericin B | 23. a) Amphotericin B (conventional) | b) Lipid/ Liposomal Amphotericin B | 24. Ampicillin | 25. Anti-D immunoglobulin | 26. Anti-rabies immunoglobulin | 27. Anti-tetanus immunoglobulin | 28. Arsenic Trioxide | 29. Artemether + Lumefantrine | 30. Artesunate | 31. Artesunate + Sulphadoxine - Pyrimethamine | 32. Ascorbic acid (Vitamin C) | 33. Atazanavir + Ritonavir | 34. Atenolol | 35. Atorvastatin | 36. Atracurium | 37. Atropine | 38. Azathioprine | 39. Azithromycin | 40. Baclofen | 41. Barium sulphate | 42. BCG vaccine | 43. Benzathine benzylpenicillin | 44. Benzoyl peroxide | 45. Benzyl penicillin | 46. Betamethasone | 47. Bicalutamide | 48. Bisacodyl | 49. Bleaching powder | 50. Bleomycin | 51. Bortezomib | 52. Budesonide | 53. Budesonide + Formoterol | 54. Bupivacaine | 55. Caffeine | 56. Calamine | 57. Calcium carbonate | 58. Calcium folinate | 59. Calcium gluconate | 60. Capecitabine | 61. Capreomycin | 62. Carbamazepine | 63. Carbimazole | 64. Carboplatin | 65. Carboxymethylcellulose | 66. Cefadroxil | 67. Cefazolin | 68. Cefixime | 69. Cefotaxime | 70. Ceftazidime | 71. Ceftriaxone | 72. Cetirizine | 73. Cetrimide | 74. Chlorambucil | 75. Chlorhexidine | 76. Chloroquine | 77. Chlorpheniramine | 78. Cholecalciferol | 79. Ciprofloxacin | 80. Cisplatin | 81. Clarithromycin | 82. Clindamycin | 83. Clobazam | 84. Clofazimine | 85. Clomiphene | 86. Clomipramine | 87. Clonazepam | 88. Clopidogrel | 89. Clotrimazole | 90. Cloxacillin | 91. Clozapine | 92. Coagulation factor IX | 93. Coagulation factor VIII | 94. Coal tar | 95. Colchicine | 96. Condom | 97. Co-trimoxazole [Sulphamethoxazole + Trimethoprim ] | 98. Cryoprecipitate | 99. Cyclophosphamide | 100. Cycloserine | 101. Cyclosporine | 102. Cytosine arabinoside | 103. Dacarbazine | 104. Dapsone | 105. Darunavir | 106. Daunorubicin | 107. Desferrioxamine | 108. Dexamethasone | 109. Dextran-40 | 110. Diazepam | 111. Diclofenac | 112. Dicyclomine | 113. Diethylcarbamazine | 114. Digoxin | 115. Diloxanide furoate | 116. Diltiazem | 117. Dimercaprol | 118. Dinoprostone | 119. Diphtheria antitoxin | 120. Dobutamine | 121. Docetaxel | 122. Domperidone | 123. Donepezil | 124. Dopamine | 125. Doxorubicin | 126. Doxycycline | 127. DPT + Hib + Hep B vaccine | 128. DPT vaccine | 129. Efavirenz | 130. Enalapril | 131. Enoxaparin | 132. Entecavir | 133. Erythromycin | 134. Erythropoietin | 135. Escitalopram | 136. Esmolol | 137. Ethambutol | 138. Ethinylestradiol | 139. Ethinylestradiol + Levonorgestrel | 140. Ethinylestradiol + Norethisterone | 141. Ethionamide | 142. Ethyl alcohol (Denatured) | 143. Etoposide | 144. Fentanyl | 145. Ferrous salt + Folic acid | 146. Ferrous salts | 147. Filgrastim | 148. Fluconazole | 149. Flunarizine | 150. Fluorescein | 151. Fluoxetine | 152. Fluphenazine | 153. Folic acid | 154. Framycetin | 155. Fresh frozen plasma | 156. Furosemide | 157. Fusidic acid | 158. Gadobenate | 159. Ganciclovir | 160. Gefetinib | 161. Gemcitabine | 162. Gentamicin | 163. Glimepiride | 164. Glucose | 165. Glucose + Sodium chloride | 166. Glutaraldehyde | 167. Glycerin | 168. Glyceryl trinitrate | 169. Glycopyrrolate | 170. Griseofulvin | 171. Haemodialysis fluid | 172. Haloperidol | 173. Halothane | 174. Heparin | 175. Hepatitis B immunoglobulin | 176. Hepatitis B vaccine | 177. Homatropine | 178. Hormone releasing IUD | 179. Human chorionic gonadotropin | 180. Human normal immunoglobulin | 181. Hydrochlorothiazide | 182. Hydrocortisone | 183. Hydrogen peroxide | 184. Hydroxocobalamin | 185. Hydroxychloroquine | 186. Hydroxypropyl methylcellulose | 187. Hydroxyurea | 188. Hyoscine butylbromide | 189. Ibuprofen | 190. Ifosfamide | 191. Imatinib | 192. Insulin (Soluble) | 193. Intermediate Acting (NPH) Insulin | 194. Intraperitoneal dialysis solution | 195. Iohexol | 196. Ipratropium | 197. Iron sucrose | 198. Isoflurane | 199. Isoniazid | 200. Isosorbide-5-mononitrate | 201. Isosorbide dinitrate | 202. Ispaghula | 203. IUD containing Copper | 204. Japanese encephalitis vaccine | 205. Kanamycin | 206. Ketamine | 207. Labetalol | 208. Lactulose | 209. Lamivudine + Nevirapine + Stavudine | 210. Lamivudine + Zidovudine | 211. L-Asparaginase | 212. Leflunomide | 213. Letrozole | 214. Levetiracetam | 215. Levodopa + Carbidopa | 216. Levofloxacin | 217. Levonorgestrel | 218. Levothyroxine | 219. Lignocaine | 220. Lignocaine + Adrenaline | 221. Linezolid | 222. Lithium | 223. Loperamide | 224. Lopinavir + Ritonavir | 225. Lorazepam | 226. Magnesium sulphate | 227. Mannitol | 228. Measles vaccine | 229. Mebendazole | 230. Medroxyprogesteroneacetate | 231. Mefenamic acid | 232. Mefloquine | 233. Meglumine diatrizoate | 234. Melphalan | 235. Mesna | 236. Metformin | 237. Methotrexate | 238. Methyldopa | 239. Methylergometrine | 240. Methylprednisolone | 241. Methylrosanilinium chloride (Gentian Violet) | 242. Methylthioninium chloride (Methylene blue) | 243. Metoclopramide | 244. Metoprolol | 245. Metronidazole | 246. Midazolam | 247. Mifepristone | 248. Miltefosine | 249. Misoprostol | 250. Morphine | 251. Moxifloxacin | 252. Mycophenolate mofetil | 253. N-acetylcysteine | 254. Naloxone | 255. Natamycin | 256. Neostigmine | 257. Nevirapine | 258. Nicotinamide | 259. Nifedipine | 260. Nitrofurantoin | 261. Nitrous oxide | 262. Nor adrenaline | 263. Norethisterone | 264. Nystatin | 265. Omeprazole | 266. Ondansetron | 267. Oral poliomyelitis vaccine | 268. Oral rehydration salts | 269. Oxaliplatin | 270. Oxygen | 271. Oxytocin | 272. Paclitaxel | 273. Pantoprazole | 274. Para-aminosalicylic acid | 275. Paracetamol | 276. Paromomycin | 277. Pegylated interferon alfa 2a/ 2b | 278. Penicillamine | 279. Pentamidine | 280. Permethrin | 281. Pheniramine | 282. Phenobarbitone | 283. Phenylephrine | 284. Phenytoin | 285. Phytomenadione (Vitamin K1) | 286. Pilocarpine | 287. Piperacillin + Tazobactam | 288. Platelet rich plasma | 289. Podophyllin resin | 290. Potassium chloride | 291. Potassium permanganate | 292. Povidone iodine | 293. Pralidoxime chloride (2-PAM) | 294. Praziquantel | 295. Prednisolone | 296. Premix Insulin 30:70 Injection (Regular:NPH) | 297. Prilocaine + Lignocaine | 298. Primaquine | 299. Procarbazine | 300. Proparacaine | 301. Propofol | 302. Propranolol | 303. Protamine | 304. Pyrazinamide | 305. Pyridoxine | 306. Quinine | 307. Rabies vaccine | 308. Raltegravir | 309. Ramipril | 310. Ranitidine | 311. Red blood cells | 312. Ribavirin | 313. Riboflavin | 314. Rifabutin | 315. Rifampicin | 316. Ringer lactate | 317. Risperidone | 318. Ritonavir | 319. Rituximab | 320. Salbutamol | 321. Salicylic acid | 322. Sevoflurane | 323. Silver sulphadiazine | Snake venom antiserum | 324. a) Soluble/ liquid polyvalent | b) Lyophilized polyvalent | 325. Sodium bicarbonate | 326. Sodium chloride | 327. Sodium nitrite | 328. Sodium nitroprusside | 329. Sodium thiosulphate | 330. Sodium valproate | 331. Sofosbuvir | 332. Somatostatin | 333. Spironolactone | 334. Stavudine + Lamivudine | 335. Streptokinase | 336. Streptomycin | 337. Succinylcholine | 338. Sucralfate | 339. Sulfasalazine | 340. Sumatriptan | 341. Surfactant | 342. Tacrolimus | 343. Tamoxifen | 344. Telmisartan | 345. Temozolomide | 346. Tenofovir | 347. Tenofovir + Lamivudine | 348. Tenofovir + Lamivudine + Efavirenz | 349. Tetanus toxoid | 350. Thalidomide | 351. Thiamine | 352. Thiopentone | 353. Timolol | 354. Tiotropium | 355. Tramadol | 356. Tranexamic acid | 357. Trastuzumab | 358. Trihexyphenidyl | 359. Tropicamide | 360. Tuberculin, Purified Protein derivative | 361. Vancomycin | 362. Vecuronium | 363. Verapamil | 364. Vinblastine | 365. Vincristine | 366. Vitamin A | 367. Warfarin | 368. Water for Injection | 369. White Petrolatum | 370. Whole blood | 371. Xylometazoline | 372. Zidovudine | 373. Zidovudine + Lamivudine + Nevirapine | 374. Zinc sulphate | 375. Zoledronic acid | 376. Zolpidem | Medicines Added to NLEM 2011 | Ref no Medicines added",India NLEM 2015,India,"P,S,T",https://cdn.who.int/media/docs/default-source/searo/hsd/edm/neml-ind-2015-govweb-ok.pdf,active
SSeeccttiioonn IInnddiiccaattiioonnss,"Immunologicals > Vaccines Need for immunization against tuberculosis | Immunologicals > Vaccines Need for immunization against certain single | Antiretrovirals > Nucleoside/Nucleotide reverse transcriptase inhibitors Human immunodeficiency virus disease | Ophthalmological preparations > Miotics and antiglaucoma medicines Primary open-angle glaucoma | Oral > Solid: 250 mg | Antidotes and other substances used in poisonings > Specific Acute or subacute hepatic failure | Parenteral > General injections > IV: 200 mg per mL in 10 mL ampoule | Ophthalmological preparations > Anti-infective agents Herpes simplex keratitis | Local > Ophthalmological > Ointment: 3% w/w | Antidotes and other substances used in poisonings > Non-specific Unspecified injury, poisoning or certain other | Diagnostic agents > Radiocontrast media Amidotrizoate | Parenteral > General injections > unspecified: 140 to 420 mg iodine per | Ophthalmological preparations > Anti-infective agents | Antimalarial medicines > Medicines for curative treatment Malaria due to Plasmodium falciparum | Oral > Solid: 153 mg (as hydrochloride); 200 mg (as hydrochloride) | Antimalarial medicines > Medicines for chemoprevention Malaria | Oral > Solid > dispersible tablet: 76.5 mg (as hydrochloride) [3] + 250 mg + | Immunologicals > Sera, immunoglobulins and monoclonal antibodies Rabies | Parenteral > Locoregional injections > Intradermal: 40 IU per mL in 1.25 | Parenteral > General injections > unspecified: 1000 IU in 5 mL ampoule | Immunologicals > Sera, immunoglobulins and monoclonal antibodies Harmful effects of or exposure to noxious | Parenteral > General injections > IM: 20 mg per mL in 1 mL ampoule (oily | Oral > Solid > dispersible tablet: 20 mg + 120 mg | Parenteral > General injections > IV: 60 mg in vial powder for injection; 30 | Oral > Solid > tablet: 25 mg + 67.5 mg; 50 mg + 135 mg; 100 mg + 270 mg | Oral > Solid > tablet: 25 mg + 50 mg (as hydrochloride); 100 mg + 200 mg | Oral > Solid > tablet: 60 mg + 180 mg (tetraphosphate) | Oral > Solid > tablet: 50 mg [3] + 500 mg + 25 mg [1] in copackage (scored) | Antiretrovirals > Protease inhibitors Human immunodeficiency virus disease | Diagnostic agents > Ophthalmic medicines | Ophthalmological preparations > Anti-infective agents Trachoma | Local > Ophthalmological > Solution (eye drops): 1.5% eye drops | Diagnostic agents > Radiocontrast media Barium sulfate with suspending agents | Oral > Liquid: Aqueous suspension | Dermatological medicines > Antifungal medicines Fungal infection of the skin | Local > Topical > Cream: 6% + 3% | Local > Topical > Ointment: 6% + 3% | Dermatological medicines > Medicines affecting skin differentiation and Acne | Dermatological medicines > Scabicides and pediculicides Pthiriasis | Local > Topical > Lotion: 25% | Dermatological medicines > Anti-inflammatory and antipruritic medicines Pruritus due to skin disorder | Local > Topical > Cream: 0.1% (as valerate) | Ophthalmological preparations > Anti-vascular endothelial growth factor Age related macular degeneration | Dermatological medicines > Anti-inflammatory and antipruritic medicines Pruritus | Local > Topical > Lotion: | Dermatological medicines > Medicines affecting skin differentiation and Psoriasis of unspecified type | Dermatological medicines > Medicines affecting skin differentiation and | Ophthalmological preparations > Miotics and antiglaucoma medicines | Antimalarial medicines > For chemoprevention Malaria due to Plasmodium falciparum | Oral > Liquid: 50 mg per 5 mL syrup (as phosphate or sulfate) | Oral > Solid: 150 mg tablet (as phosphate or sulfate) | Antimalarial medicines > For curative treatment Malaria due to Plasmodium falciparum | Parenteral > General injections > IV: 40 mg per mL in 5 mL ampoule (as | Immunologicals > Vaccines Need for immunization against cholera alone | Dermatological medicines > Antifungal medicines Onychomycosis | Local > Topical > Solution: 80 mg per g (as hydroxypropyl chitosan) | Solutions correcting water, electrolyte and acid-base disturbances > Other specified disorders of fluid, electrolyte or | Medicines for hepatitis C > Pangenotypic direct-acting antiviral Chronic hepatitis C | Medicines for hepatitis C > Non-pangenotypic direct-acting antiviral Chronic hepatitis C | Antidotes and other substances used in poisonings > Specific Harmful effects of drugs, medicaments or | Oral > Solid > dispersible tablet: 20 mg + 160 mg (phosphate); 40 mg + | Antidotes and other substances used in poisonings > Specific Harmful effects of or exposure to noxious | Immunologicals > Sera, immunoglobulins and monoclonal antibodies Need for immunization against diphtheria alone | Parenteral > General injections > IM: 10000 IU in vial; 20000 IU in vial | Immunologicals > Vaccines Need for immunization against diphtheria alone | Immunologicals > Vaccines Need for immunization against diphtheria- | Immunologicals > Vaccines Need for immunization against combinations of | Antiretrovirals > Integrase inhibitors Human immunodeficiency virus disease | Antiretrovirals > Non-nucleoside reverse transcriptase inhibitors Human immunodeficiency virus disease | Medicines for hepatitis B > Nucleoside/Nucleotide reverse transcriptase Chronic hepatitis B | Parenteral > Locoregional injections > Intradermal: 150 IU per mL in vial; | General anaesthetics and oxygen > Inhalational medicines Anaesthetics and therapeutic gases | Respiratory > Inhalation > solution: | Diagnostic agents > Ophthalmic medicines Fluorescein | Local > Ophthalmological > Solution (eye drops): 1% (sodium salt) | Dermatological medicines > Medicines affecting skin differentiation and Plantar warts | Dermatological medicines > Moisturizers Atopic eczema | Local > Topical > Cream: 15 to 20% | Immunologicals > Vaccines Need for immunization against single bacterial | Respiratory > Inhalation > liquid: | Immunologicals > Vaccines Need for immunization against viral hepatitis | Ophthalmological preparations > Mydriatics Anterior uveitis | Local > Ophthalmological > Solution (eye drops): 2% (hydrobromide) | Antimalarial medicines > For chemoprevention | Local > Ophthalmological > Solution (eye drops): 0.1% | Local > Ophthalmological > Ointment: 0.2% | Immunologicals > Vaccines Need for immunization against influenza | Diagnostic agents > Radiocontrast media X-ray contrast media, iodinated | Parenteral > General injections > unspecified: 140 to 350 mg iodine per | General anaesthetics and oxygen > Injectable medicines Anaesthetics and therapeutic gases | Parenteral > General injections > unspecified: 10 mg per mL in vial (as | Local > Ophthalmological > Solution (eye drops): 50 µg per mL eye drops | Dermatological medicines > Scabicides and pediculicides Scabies | Local > Topical > Cream: 1% | Local > Topical > Lotion: 1% | Immunologicals > Vaccines Need for immunization against certain | Immunologicals > Vaccines Need for immunization against measles alone | Oral > Solid: 250 mg tablet (hydrochloride) | Parenteral > General injections > IV: 5 to 8 g iodine (as meglumine) in 100 | Antidotes and other substances used in poisonings > Specific Exposure to or harmful effects of undetermined | Antidotes and other substances used in poisonings > Specific Acquired methaemoglobinaemia | Parenteral > General injections > IV: 10 mg per mL in 10 mL ampoule | Local > Topical > Cream: 2% (nitrate) | Local > Topical > Ointment: 2% (nitrate) | Immunologicals > Vaccines Need for immunization against mumps alone | Dermatological medicines > Anti-infective medicines Superficial bacterial folliculitis | Local > Topical > Cream: 2% (as mupirocin calcium) | Antidotes and other substances used in poisonings > Specific Unintentional exposure to or harmful effects of | Ophthalmological preparations > Anti-infective agents Infectious keratitis | Local > Ophthalmological > Suspension: 5% eye drops | Respiratory > Inhalation: | Solutions correcting water, electrolyte and acid-base disturbances > Oral Other specified disorders of fluid, electrolyte or | Respiratory > Inhalation: (medical gas) | Medicines for hepatitis C > Other antivirals for hepatitis C Chronic hepatitis C | Parenteral > General injections > SC: 180 µg in vial; 180 µg in prefilled | Parenteral > General injections > SC: 80 µg in prefilled syringe; 100 µg in | Dermatological medicines > Scabicides and pediculicides Pediculosis corporis | Immunologicals > Vaccines Need for immunization against pertussis alone | Ophthalmological preparations > Miotics and antiglaucoma medicines Acute angle closure with pupillary block | Local > Ophthalmological > Solution (eye drops): 2% (hydrochloride or | Dermatological medicines > Medicines affecting skin differentiation and Anogenital warts | Immunologicals > Vaccines Need for immunization against poliomyelitis | Solutions correcting water, electrolyte and acid-base disturbances > Oral Hypokalaemia | Oral > Liquid: powder for solution | Solutions correcting water, electrolyte and acid-base disturbances > Hypokalaemia | Dermatological medicines > Anti-infective medicines Tropical phagedaenic ulcer | Local > Topical > Solution: aqueous solution: 1:10 000 | Dermatological medicines > Scabicides and pediculicides | Antimalarial medicines > Medicines for curative treatment Malaria due to Plasmodium ovale | Oral > Solid > tablet: 7.5 mg (as phosphate); 15 mg (as phosphate) | Antimalarial medicines > Medicines for chemoprevention Malaria due to Plasmodium falciparum | Oral > Solid: 100 mg tablet (hydrochloride) | Parenteral > General injections > IV: 10 mg per mL; 20 mg per mL | Parenteral > General injections > IV: 300 mg per mL in 2 mL ampoule | Immunologicals > Vaccines Need for immunization against rabies | Ophthalmological preparations > Anti-vascular endothelial growth factor Retinal venous occlusions | Parenteral > General injections > IV: 1000 mg per 10 mL phosphate | Immunologicals > Vaccines Need for immunization against rubella alone | Dermatological medicines > Medicines affecting skin differentiation and Seborrhoeic dermatitis | Dermatological medicines > Antifungal medicines Seborrhoeic dermatitis | Local > Topical > Suspension: 2% detergent-based | Ophthalmological preparations > Anti-infective agents Neonatal conjunctivitis or dacryocystitis | Local > Ophthalmological > Solution (eye drops): 1% | Dermatological medicines > Anti-infective medicines Burns | Solutions correcting water, electrolyte and acid-base disturbances > Acidosis | Dermatological medicines > Antifungal medicines Pityriasis versicolor | Local > Topical > Solution: 15% | Ophthalmological preparations > Anti-infective agents Other specified conjunctivitis | Local > Ophthalmological > Ointment: 10% (sodium salt) | Oral > Solid: 500 mg + 25 mg tablet | Local > Topical > Cream: 1% terbinafine hydrochloride | Local > Topical > Ointment: 1% terbinafine hydrochloride | Immunologicals > Sera, immunoglobulins and monoclonal antibodies Tetanus | Parenteral > General injections > IM: 50000 IU in vial | Immunologicals > Vaccines Need for immunization against tetanus alone | Ophthalmological preparations > Local anaesthetics Local anaesthetics | Local > Ophthalmological > Solution (eye drops): 0.5% (hydrochloride) | General anaesthetics and oxygen > Injectable medicines | Immunologicals > Vaccines Need for immunization against arthropod- | Local > Ophthalmological > Solution (eye drops): 0.25% (hydrogen | Diagnostic agents > Ophthalmic medicines Cycloplegic drug | Local > Ophthalmological > Solution (eye drops): 0.5% | Immunologicals > Diagnostic agents Mycobacterial diseases | Parenteral > Locoregional injections > Intradermal: | Immunologicals > Vaccines Need for immunization against typhoid- | Dermatological medicines > Medicines affecting skin differentiation and Xerosis cutis or asteatosis | Solutions correcting water, electrolyte and acid-base disturbances > Unspecified appropriateness of dosing or",WHO eEML,Global,,https://list.essentialmeds.org/print/?format=pdf,active
without mention of associated disease or,"Oral > Solid: 300 mg tablet (as sulfate) condition, clinical stage unspecified | Oral > Solid > tablet: 60 mg (as sulfate) + 5 mg + 30 mg (dispersible, condition, clinical stage unspecified | Oral > Solid: 120 mg (as sulfate) + 60 mg tablet (dispersible, scored) condition, clinical stage unspecified | Oral > Solid: 30 mg + 15 mg + 40 mg + 10 mg capsule containing oral condition, clinical stage unspecified | Oral > Solid: 100 mg (as sulfate); 300 mg (as sulfate) condition, clinical stage unspecified | Oral > Solid: 300 mg (as sulfate) + 100 mg tablet (heat stable) condition, clinical stage unspecified | Oral > Solid: 150 mg + 150 mg + 200 mg + 300 mg (tenofovir disoproxil condition, clinical stage unspecified | Oral > Solid: 150 mg + 150 mg + 200 mg + 10 mg condition, clinical stage unspecified | Oral > Solid: 75 mg; 400 mg; 600 mg; 800 mg condition, clinical stage unspecified | Oral > Liquid: 100 mg buffered powder for oral solution; 167 mg buffered condition, clinical stage unspecified | Oral > Solid: 50 mg tablet; 10 mg tablet (dispersible, scored) condition, clinical stage unspecified | Oral > Solid: 50 mg + 300 mg + 300 mg (tenofovir disoproxil fumarate condition, clinical stage unspecified | Oral > Solid: 600 mg tablet condition, clinical stage unspecified | Oral > Solid: 600 mg + 200 mg + 300 mg (tenofovir disoproxil fumarate condition, clinical stage unspecified | Oral > Solid: 400 mg + 300 mg + 300 mg (tenofovir disoproxil fumarate, condition, clinical stage unspecified | Oral > Liquid: 10 mg per mL condition, clinical stage unspecified | Oral > Solid: 200 mg | Oral > Solid: 200 mg + 25 mg + 25 mg condition, clinical stage unspecified | Oral > Solid: 200 mg + 25 mg + 300 mg (tenofovir disoproxil fumarate condition, clinical stage unspecified | Oral > Solid: 200 mg + 300 mg (tenofovir disoproxil fumarate equivalent condition, clinical stage unspecified | Oral > Solid: 200 mg + 10 mg; 200 mg + 25 mg condition, clinical stage unspecified | Oral > Solid: 400 mg (as sulfate) condition, clinical stage unspecified | Oral > Liquid: 50 mg per 5 mL condition, clinical stage unspecified | Oral > Solid: 150 mg tablet | Oral > Solid: 30 mg + 50 mg + 60 mg Tablet; 150 mg + 200 mg + 300 mg condition, clinical stage unspecified | Oral > Solid: 30 mg + 60 mg Tablet; 150 mg + 300 mg Tablet condition, clinical stage unspecified | Oral > Solid > tablet: 100 mg + 25 mg tablet (heat-stable); 200 mg + 50 mg condition, clinical stage unspecified | Oral > Solid: 250 mg (as mesilate) condition, clinical stage unspecified | Oral > Other: 50 mg per g oral powder | Oral > Solid > dispersible tablet: 50 mg | Oral > Solid > tablet: 200 mg | Oral > Liquid: 100 mg granules for oral suspension condition, clinical stage unspecified | Oral > Solid: 400 mg tablet; 25 mg tablet (chewable) | Oral > Solid: 25 mg tablet (heat stable); 100 mg tablet (heat stable) condition, clinical stage unspecified | Oral > Solid: 200 mg; 500 mg condition, clinical stage unspecified | Oral > Liquid: 5 mg per 5 mL powder for oral solution condition, clinical stage unspecified | Oral > Solid: 15 mg; 20 mg; 30 mg | Oral > Solid: 300 mg tablet (equivalent to 245 mg tenofovir disoproxil) condition, clinical stage unspecified | Parenteral > General injections > IV: 10 mg per mL in 20 mL vial solution condition, clinical stage unspecified",WHO eEML,Global,,https://list.essentialmeds.org/print/?format=pdf,active
Hormones and antihormones Malignant neoplasms of prostate,Oral > Solid: 250 mg; 500 mg | Oral > Solid: 50 mg,WHO eEML,Global,,https://list.essentialmeds.org/print/?format=pdf,active
"Ear, nose and throat medicines [c] Infectious diseases of external ear",Local > Otological > drops: 2% solution | Local > Otological > drops: 0.3% (as hydrochloride),WHO eEML,Global,,https://list.essentialmeds.org/print/?format=pdf,active
"intent of analgesics, antipyretics or",Oral > Liquid: 10%; 20% | Oral > Solid: 250 mg (DL) nonsteroidal anti-inflammatory drugs,WHO eEML,Global,,https://list.essentialmeds.org/print/?format=pdf,active
Anti-platelet medicines Acute myocardial infarction,Oral > Solid: 100 mg,WHO eEML,Global,,https://list.essentialmeds.org/print/?format=pdf,active
Non-opioids and non-steroidal anti-inflammatory medicines (NSAIMs) Pain,Oral > Solid: 100 to 500 mg | Local > Rectal > Suppository: 50 to 150 mg | Oral > Liquid: 200 mg per 5 mL; 100 mg per 5 mL | Oral > Solid > tablet: 200 mg; 400 mg; 600 mg | Oral > Liquid: 125 mg per 5 mL; 120 mg per 5 mL; 250 mg per 5 mL | Local > Rectal > Suppository: 100 mg; 250 mg | Oral > Solid > dispersible tablet: 100 mg; 250 mg | Oral > Solid > tablet: 250 mg; 325 mg; 500 mg,WHO eEML,Global,,https://list.essentialmeds.org/print/?format=pdf,active
heart involvement,Local > Rectal > Suppository: 150 mg; 300 mg,WHO eEML,Global,,https://list.essentialmeds.org/print/?format=pdf,active
Mucocutaneous lymph node syndrome,Oral > Solid > dispersible tablet: 75 mg; 300 mg; 500 mg | Parenteral > General injections > IM: 16% protein solution | Parenteral > General injections > SC: 15% protein solution; 16% protein,WHO eEML,Global,,https://list.essentialmeds.org/print/?format=pdf,active
Juvenile idiopathic arthritis,Oral > Solid > tablet: 75 to 500 mg | Dermatological medicines > Medicines affecting skin differentiation and Therapeutic equivalent to adalimumab for,WHO eEML,Global,,https://list.essentialmeds.org/print/?format=pdf,active
disease,Oral > Solid > tablet: 100 mg + 20 mg + 2.5 mg; 100 mg + 20 mg + 5 mg; Chronic ischaemic heart disease | Oral > Solid > tablet: 100 mg + 20 mg + 5 mg + 50 mg + 12.5 mg Chronic ischaemic heart disease,WHO eEML,Global,,https://list.essentialmeds.org/print/?format=pdf,active
Antiherpes medicines Herpes simplex infections,Parenteral > General injections > IV: 250 mg in vial powder for solution,WHO eEML,Global,,https://list.essentialmeds.org/print/?format=pdf,active
infusion (as sodium),Oral > Liquid: 200 mg per 5 mL | Oral > Solid: 200 mg tablet | Parenteral > General injections > IV: 250 mg in vial powder for solution,WHO eEML,Global,,https://list.essentialmeds.org/print/?format=pdf,active
consequences of external causes,Oral > Liquid: 50 mg granules for oral suspension | Oral > Liquid: 0.14% ipecacuanha alkaloids calculated as emetine,WHO eEML,Global,,https://list.essentialmeds.org/print/?format=pdf,active
Immunomodulators for non-malignant disease Axial spondyloarthritis,Parenteral > General injections > SC: 40 mg per 0.8 mL; 40 mg per 0.4 mL;,WHO eEML,Global,,https://list.essentialmeds.org/print/?format=pdf,active
10 mg per 0.2 mL; 20 mg per 0.4 mL,Dermatological medicines > Medicines affecting skin differentiation and Psoriasis of unspecified type,WHO eEML,Global,,https://list.essentialmeds.org/print/?format=pdf,active
proliferation,Parenteral > General injections > SC: 10 mg per 0.2 mL mL in pre-filled | Local > Topical > Cream: 5% | Local > Topical > Lotion: 5% | Local > Topical > Cream: 50 µg per mL (0.005%) | Local > Topical > Lotion: 50 µg per mL (0.005%) | Local > Topical > Ointment: 50 µg per mL (0.005%) | Local > Topical > Solution: 5% | Local > Topical > Ointment: 5% | Oral > Solid > tablet: 2.5 mg (as sodium salt); 10 mg (as sodium salt) | Local > Topical > Cream: 10%; 5% | Local > Topical > Ointment: 10%; 5% | Dermatological medicines > Moisturizers Atopic eczema | Local > Topical > Cream: 5 per % | Parenteral > General injections > SC: 45 mg per 0.5 mL in vial; 45 mg per,WHO eEML,Global,,https://list.essentialmeds.org/print/?format=pdf,active
Intestinal anthelminthics Echinococcosis,"Oral > Solid > tablet: 400 mg (chewable, scored)",WHO eEML,Global,,https://list.essentialmeds.org/print/?format=pdf,active
Cysticidal medicines Other specified echinococcosis,"Oral > Solid > tablet: 400 mg (chewable, scored); 200 mg (chewable) | Oral > Solid > tablet: 100 mg (chewable); 500 mg (chewable)",WHO eEML,Global,,https://list.essentialmeds.org/print/?format=pdf,active
Antifilarials Lymphatic filariasis,"Oral > Solid > tablet: 400 mg (chewable, scored) | Oral > Solid: 50 mg tablet (dihydrogen citrate); 100 mg tablet (dihydrogen | Oral > Solid > tablet: 3 mg",WHO eEML,Global,,https://list.essentialmeds.org/print/?format=pdf,active
Disinfectants Denatured alcohol,Local > Topical > Solution: 80% v/v ethanol; 75% v/v isopropyl alcohol,WHO eEML,Global,,https://list.essentialmeds.org/print/?format=pdf,active
Muscle relaxants (peripherally-acting) and cholinesterase inhibitors Muscle relaxants,Parenteral > General injections > IV: 5 mg per mL in 2 mL ampoule | Parenteral > General injections > IV: 10 mg per mL (besylate) | Parenteral > General injections > IV: 40 mg per mL in 2 mL ampoule | Parenteral > General injections > IV: 50 mg per mL in 2 mL ampoule | Parenteral > General injections > IV: 10 mg per mL in 1.5 mL ampoule | Parenteral > General injections > IV: 10 mg in vial powder for injection,WHO eEML,Global,,https://list.essentialmeds.org/print/?format=pdf,active
transport,Oral > Solid > capsule: 0.25 µg; 1 µg,WHO eEML,Global,,https://list.essentialmeds.org/print/?format=pdf,active
genetic abnormalities,Oral > Solid: 10 mg capsule | Parenteral > General injections > IV: 1 mg per mL concentrate for solution | Oral > Solid: 270 mg (containing tetra-arsenic tetra-sulfide 30 mg),WHO eEML,Global,,https://list.essentialmeds.org/print/?format=pdf,active
Medicines used to treat gout Gout,Oral > Solid: 100 mg | Oral > Solid: 0.5 mg | Oral > Solid: 500 mg,WHO eEML,Global,,https://list.essentialmeds.org/print/?format=pdf,active
Supportive medicines Tumour lysis syndrome,Parenteral > General injections > IV: 500 mg (as sodium) powder for | Parenteral > General injections > IV: 1.5 mg in vial powder and 1 mL,WHO eEML,Global,,https://list.essentialmeds.org/print/?format=pdf,active
injection,Oral > Solid: 100 mg; 300 mg | Oral > Solid: 450 mg | Oral > Solid: 300 mg,WHO eEML,Global,,https://list.essentialmeds.org/print/?format=pdf,active
arteries including arterial duct,Parenteral > General injections > IV: 0.5 mg per mL in alcohol | Parenteral > General injections > IV: 1 mg per mL,WHO eEML,Global,,https://list.essentialmeds.org/print/?format=pdf,active
Thrombolytic medicines Cerebral ischaemic stroke,Parenteral > General injections > IV: 10 mg in vial powder for injection; 20,WHO eEML,Global,,https://list.essentialmeds.org/print/?format=pdf,active
Access group antibiotics First choice,"Parenteral > General injections > unspecified: 250 mg per mL in 2 mL vial Neutropenia (high-risk) | Oral > Liquid: 125 mg per 5 mL (as trihydrate) powder for oral liquid; 250 Bacterial pneumonia (Community-acquired | Parenteral > General injections > IV: 500 mg (as sodium salt) + 100 mg (as Peritoneal abscess (mild-moderate) | Parenteral > General injections > unspecified: 500 mg in vial (as sodium co-prescribed with gentamicin | Parenteral > General injections > IM: 1.2 million IU in vial (≈ 900 mg) Syphilis | Parenteral > General injections > unspecified: 600 mg in vial powder for Congenital syphilis [children] | Oral > Liquid: 125 mg per 5 mL (anhydrous) powder for oral liquid; 250 Bacterial cellulitis, erysipelas or lymphangitis | Parenteral > General injections > unspecified: 1 g in vial (as sodium salt) Other specified prophylactic measures | Oral > Liquid: 75 mg per 5 mL (as palmitate hydrochloride) co-prescribed with piperacillin + tazobactam | Oral > Liquid: 125 mg per 5 mL (as sodium salt) powder for oral liquid Bacterial infection of joint | Oral > Solid: 500 mg (as sodium salt) capsule; 1 g (as sodium salt) capsule Osteomyelitis or osteitis | Parenteral > General injections > unspecified: 500 mg in vial (as sodium Bacterial cellulitis, erysipelas or lymphangitis | Oral > Liquid: 25 mg per 5 mL (anhydrous); 50 mg per 5 mL (anhydrous) Chlamydia trachomatis | Oral > Solid: 100 mg (as hyclate); 50 mg (as hyclate) Cholera | Parenteral > General injections > unspecified: 10 mg per mL in 2 mL vial Neonatal meningitis | Oral > Liquid: 200 mg per 5 mL (as benzoate) Intestinal infections due to Clostridioides | Oral > Liquid: 25 mg per 5 mL oral liquid Infectious cystitis | Oral > Solid > dosage form: 100 mg; 50 mg | Oral > Liquid: 250 mg per 5 mL (as potassium salt) powder for oral liquid Acute pharyngitis | Oral > Solid: 250 mg (as potassium salt) tablet Periapical abscess without sinus | Oral > Solid: 250 mg (as potassium salt); 500 mg (as potassium salt) Bacterial pneumonia (Community-acquired | Parenteral > General injections > IM: 1 g in vial (=1 million IU) powder for Congenital syphilis [children] | Parenteral > General injections > IV: 80 mg + 16 mg per mL in 10 mL Infectious cystitis | Oral > Liquid: 50 mg per mL Infectious cystitis | Oral > Solid: 100 mg; 200 mg",WHO eEML,Global,,https://list.essentialmeds.org/print/?format=pdf,active
co-prescribed with cefotaxime,Parenteral > General injections > unspecified: 250 mg per mL in 2 mL vial | Parenteral > General injections > unspecified: 500 mg per 100 mL in vial,WHO eEML,Global,,https://list.essentialmeds.org/print/?format=pdf,active
tuberculosis,Parenteral > General injections > unspecified: 250 mg per mL in 2 mL vial | Oral > Liquid: 250 mg (as trihydrate) + 62.5 mg (as potassium salt) / 5 mL | Oral > Solid > tablet: 100 mg tablet; 20 mg tablet | Parenteral > General injections > IV: 1000 mg powder for injection (vial) | Oral > Solid > dosage form: 100 mg; 50 mg | Oral > Solid > dosage form: 250 mg; 125 mg | Oral > Solid > dispersible tablet: 25 mg | Oral > Solid > tablet: 50 mg | Oral > Solid > tablet: 250 mg | Oral > Solid: 200 mg; 400 mg | Oral > Solid > dispersible tablet: 100 mg (scored) | Oral > Solid > tablet: 100 mg; 300 mg | Oral > Solid > dispersible tablet: 100 mg | Oral > Solid > tablet: 250 mg; 500 mg; 750 mg | Oral > Solid > dispersible tablet: 150 mg (scored) | Oral > Solid > tablet: 600 mg | Parenteral > General injections > IV: 500 mg in vial (as trihydrate) powder | Oral > Liquid: 5.52 g in sachet (equivalent to 4 g p-aminosalicylic acid) | Oral > Solid: 4 g granules in sachet | Oral > Solid > tablet: 200 mg | Parenteral > General injections > IV: 1 g powder for injection (as sulfate),WHO eEML,Global,,https://list.essentialmeds.org/print/?format=pdf,active
Diuretics Oedema,Oral > Solid: 5 mg (hydrochloride) | Oral > Solid > dosage form: 25 mg; 12.5 mg | Oral > Liquid: 25 mg per 5 mL,WHO eEML,Global,,https://list.essentialmeds.org/print/?format=pdf,active
Antiarrhythmic medicines Cardiac arrhythmia,Parenteral > General injections > IV: 50 mg per mL in 3 ampoule | Oral > Solid: 1.25 mg; 5 mg | Parenteral > General injections > IV: 250 µg per mL in 2 mL ampoule | Oral > Liquid: 50 µg per mL | Oral > Solid: 62.5 µg; 250 µg | Parenteral > General injections > IV: 100 mg per mL in 10 mL ampoule | Parenteral > General injections > IV: 1 mg in 1 mL ampoule | Oral > Solid: 200 mg (sulfate),WHO eEML,Global,,https://list.essentialmeds.org/print/?format=pdf,active
(hydrochloride),Oral > Solid: 100 mg (hydrochloride); 200 mg (hydrochloride); 400 mg | Oral > Solid: 10 mg (hydrochloride or sulfate); 15 mg (hydrochloride or | Oral > Solid: 500 mg (hydrochloride); 250 mg (hydrochloride) | Oral > Solid: 10 mg tablet (hydrochloride); 40 mg tablet (hydrochloride) | Oral > Solid > tablet: 50 mg (hydrochloride) | Oral > Solid: 40 mg (hydrochloride); 80 mg (hydrochloride),WHO eEML,Global,,https://list.essentialmeds.org/print/?format=pdf,active
Oral > Liquid: 25 mg per 5 mL,Oral > Solid > tablet: 25 mg; 10 mg; 75 mg,WHO eEML,Global,,https://list.essentialmeds.org/print/?format=pdf,active
Antihypertensive medicines Essential hypertension,"Oral > Solid: 5 mg (as maleate, mesylate or besylate) | Oral > Solid: 50 mg; 100 mg | Oral > Solid: 1.25 mg; 5 mg | Oral > Liquid: 1 mg per mL (as hydrogen maleate) | Oral > Solid > tablet: 2.5 mg (as hydrogen maleate); 5 mg (as hydrogen | Parenteral > General injections > IV: 20 mg in ampoule powder for | Oral > Liquid: 50 mg per 5 mL | Oral > Solid: 25 mg; 12.5 mg | Oral > Solid: 10 mg + 5 mg; 20 mg + 5 mg; 20 mg + 10 mg | Oral > Solid: 10 mg + 12.5 mg; 20 mg + 12.5 mg; 20 mg + 25 mg | Oral > Solid: 25 mg tablet; 50 mg tablet; 100 mg tablet | Oral > Solid: 250 mg | Oral > Solid: 10 mg tablet; sustained-release formulations | Oral > Solid > dosage form: 5 mg (arginine) + 5 mg + 1.25 mg; 5 mg | Oral > Solid: 80 mg tablet (hydrochloride); 40 mg tablet (hydrochloride) | Oral > Solid: 40 mg + 5 mg; 80 mg + 5 mg; 80 mg + 10 mg | Oral > Solid: 40 mg + 12.5 mg; 80 mg + 12.5 mg; 80 mg + 25 mg | Oral > Solid > dosage form: 160 mg + 5 mg + 12.5 mg; 160 mg + 5 mg + 25",WHO eEML,Global,,https://list.essentialmeds.org/print/?format=pdf,active
"Acute malnutrition in infants, children or",Parenteral > General injections > unspecified: 250 mg in vial (as sodium) adolescents (uncomplicated) [children],WHO eEML,Global,,https://list.essentialmeds.org/print/?format=pdf,active
Acute pharyngitis,Oral > Solid > dispersible tablet: 250 mg (scored) (as trihydrate); 500 mg | Oral > Solid: 250 mg (as monohydrate),WHO eEML,Global,,https://list.essentialmeds.org/print/?format=pdf,active
acute exacerbation,Oral > Solid > dosage form: 250 mg (as trihydrate); 500 mg (as trihydrate) | Oral > Solid > dispersible tablet: 200 mg (as trihydrate) + 28.5 mg (as | Oral > Solid > dispersible tablet: 125 mg; 250 mg,WHO eEML,Global,,https://list.essentialmeds.org/print/?format=pdf,active
Periapical abscess without sinus,Oral > Liquid: 125 mg per 5 mL (anhydrous) powder for oral liquid; 250,WHO eEML,Global,,https://list.essentialmeds.org/print/?format=pdf,active
Acute sinusitis,Oral > Solid > dosage form: 250 mg (as trihydrate); 500 mg (as trihydrate);,WHO eEML,Global,,https://list.essentialmeds.org/print/?format=pdf,active
mg per 5 mL (as trihydrate) powder for oral liquid,Parenteral > General injections > unspecified: 250 mg in vial (as sodium),WHO eEML,Global,,https://list.essentialmeds.org/print/?format=pdf,active
in vial (as sodium) powder for injection,Oral > Solid > dispersible tablet: 250 mg (scored) (as trihydrate); 500 mg,WHO eEML,Global,,https://list.essentialmeds.org/print/?format=pdf,active
(scored) (as trihydrate),Oral > Solid > dosage form: 250 mg (as trihydrate); 500 mg (as trihydrate),WHO eEML,Global,,https://list.essentialmeds.org/print/?format=pdf,active
pneumonia),Oral > Liquid: 125 mg (as trihydrate) + 31.25 mg (as potassium salt) / 5 mL,WHO eEML,Global,,https://list.essentialmeds.org/print/?format=pdf,active
potassium salt); 250 mg (as trihydrate) + 62.5 mg (as potassium salt),Oral > Solid > tablet: 500 mg (as trihydrate) + 125 mg (as potassium salt); Acute sinusitis,WHO eEML,Global,,https://list.essentialmeds.org/print/?format=pdf,active
"875 mg (as trihydrate) + 125 mg (as potassium salt) Bacterial cellulitis, erysipelas or lymphangitis",Oral > Solid > tablet: 500 mg (as trihydrate) + 125 mg (as potassium salt),WHO eEML,Global,,https://list.essentialmeds.org/print/?format=pdf,active
powder for oral liquid,Oral > Solid > dispersible tablet: 250 (as trihydrate) + 62.5 (as potassium | Oral > Solid > dispersible tablet: 100 mg (as monohydrate) | Oral > Solid > dosage form: 50 mg (as hyclate); 100 mg (as hyclate) | Antimalarial medicines > Medicines for curative treatment Malaria due to Plasmodium falciparum | Oral > Solid: 100 mg (hydrochloride or hyclate); 100 mg dispersible tablet,WHO eEML,Global,,https://list.essentialmeds.org/print/?format=pdf,active
salt),Oral > Solid > tablet: 500 mg (as trihydrate) + 125 mg (as potassium salt),WHO eEML,Global,,https://list.essentialmeds.org/print/?format=pdf,active
Antifungal medicines Blastomycosis,Parenteral > General injections > IV: 50 mg in vial powder for injection,WHO eEML,Global,,https://list.essentialmeds.org/print/?format=pdf,active
Antileishmaniasis medicines Visceral leishmaniasis,Parenteral > General injections > IV: 50 mg in vial powder for injection | Parenteral > General injections > IM: 1.5 g per 5 mL in 5 mL ampoule | Oral > Solid: 10 mg; 50 mg | Parenteral > General injections > IM: 750 mg paromomycin base (as | Parenteral > General injections > IM: 200 mg (as isetionate); 300 mg (as | Parenteral > General injections > unspecified: 100 mg per mL in 30 mL vial,WHO eEML,Global,,https://list.essentialmeds.org/print/?format=pdf,active
salt) powder for injection; 1 g in vial (as sodium salt) powder for injection Peritoneal abscess (severe),Oral > Liquid: 125 mg per 5 mL (anhydrous) powder for oral suspension co-prescribed with gentamicin | Oral > Solid: 250 mg (anhydrous); 500 mg (anhydrous) Sepsis without septic shock,WHO eEML,Global,,https://list.essentialmeds.org/print/?format=pdf,active
Hormones and antihormones Other specified malignant neoplasms of breast,Oral > Solid: 1 mg tablet | Oral > Solid: 10 mg (as citrate); 20 mg (as citrate),WHO eEML,Global,,https://list.essentialmeds.org/print/?format=pdf,active
Human immunoglobulins Rh incompatibility reaction,Parenteral > General injections > IV: 250 µg in single-dose vial,WHO eEML,Global,,https://list.essentialmeds.org/print/?format=pdf,active
Maternal care for red cell antibodies,Parenteral > General injections > IM: 250 µg in single-dose vial,WHO eEML,Global,,https://list.essentialmeds.org/print/?format=pdf,active
Human immunoglobulins Rabies,Parenteral > General injections > IM: 150 IU per mL in vial | Parenteral > Locoregional injections > Other: 150 IU per mL in vial,WHO eEML,Global,,https://list.essentialmeds.org/print/?format=pdf,active
Human immunoglobulins Tetanus,Parenteral > General injections > IM: 500 IU in vial,WHO eEML,Global,,https://list.essentialmeds.org/print/?format=pdf,active
"substances, chiefly nonmedicinal as to source,",Parenteral > General injections > IV: not elsewhere classified | Parenteral > General injections > IM: 50 mg per mL in 2 mL ampoule; 100 not elsewhere classified | Parenteral > General injections > IV: 5 mg per mL in 20 mL ampoule or vial not elsewhere classified | Oral > Solid: 250 mg not elsewhere classified | Oral > Solid: Powder for oral administration not elsewhere classified | Parenteral > General injections > IV: 200 mg per mL in 5 mL ampoule not elsewhere classified | Parenteral > General injections > IV: 30 mg per mL in 10 mL ampoule not elsewhere classified | Parenteral > General injections > IV: 250 mg per mL in 50 mL ampoule not elsewhere classified | Oral > Solid: 100 mg not elsewhere classified,WHO eEML,Global,,https://list.essentialmeds.org/print/?format=pdf,active
Antiemetic medicines Nausea or vomiting,Oral > Liquid: 125 mg powder for oral suspension (in sachet) | Oral > Solid > capsule: 80 mg; 125 mg; 165 mg | Oral > Liquid: 0.5 mg per 5 mL (as sodium phosphate); 2 mg per 5 mL (as | Oral > Liquid: 5 mg per 5 mL | Oral > Solid: 10 mg (scored) (hydrochloride) | Parenteral > General injections > unspecified: 5 mg per mL in 2 mL | Parenteral > General injections > IV: 2 mg per mL in 2 mL ampoule (as | Oral > Liquid: 5 mg per 5 mL (hydrochloride) | Oral > Solid: 10 mg (hydrochloride); 25 mg (hydrochloride) | Parenteral > General injections > unspecified: 25 mg per mL in 2 mL,WHO eEML,Global,,https://list.essentialmeds.org/print/?format=pdf,active
Malaria due to Plasmodium vivax,Oral > Solid > tablet: 20 mg + 120 mg | Oral > Solid > tablet: 25 mg + 67.5 mg; 50 mg + 135 mg; 100 mg + 270 mg | Oral > Solid > granules: 20 mg + 60 mg (tetraphosphate) | Antimalarial medicines > Medicines for chemoprophylaxis in travellers Malaria due to Plasmodium vivax | Oral > Liquid: 50 mg per 5 mL (base) | Oral > Solid > tablet: 150 mg (base) | Antimalarial medicines > Medicines for chemoprophylaxis in travellers Malaria due to Plasmodium falciparum | Oral > Solid > tablet: 250 mg (scored) (as hydrochloride) | Antimalarial medicines > Medicines for chemoprevention Malaria due to Plasmodium falciparum | Oral > Solid: 250 mg tablet (hydrochloride) | Antimalarial medicines > Medicines for chemoprevention Malaria | Oral > Solid > dispersible tablet: 250 mg + 12.5 mg tablet,WHO eEML,Global,,https://list.essentialmeds.org/print/?format=pdf,active
mg in vial powder for injection; 120 mg in vial powder for injection,Local > Rectal > Other: 100 mg capsules,WHO eEML,Global,,https://list.essentialmeds.org/print/?format=pdf,active
Vitamins and minerals Scurvy,Oral > Solid: 50 mg,WHO eEML,Global,,https://list.essentialmeds.org/print/?format=pdf,active
or unspecified sites,Powder for injection: 10 000 IU in vial. | Oral > Solid: 15 mg tablet | Oral > Solid: 2 mg tablet | Parenteral > General injections > unspecified: 10 mg in vial powder for | Oral > Solid: 25 mg tablet | Parenteral > General injections > unspecified: 100 mg in vial powder for | Parenteral > General injections > IV: 10 mg in vial (hydrochloride); 50 mg | Parenteral > General injections > IV: 20 mg per mL in 5 mL ampoule | Parenteral > General injections > IV: 50 mg per mL in 5 mL ampoule | Parenteral > General injections > unspecified: 100 mg in vial (as sodium | Oral > Solid: 50 mg tablet | Parenteral > General injections > IV: 100 mg per mL in 4 mL ampoule; 100 | Parenteral > General injections > IV: 50 mg in vial (as sodium salt) | Oral > Liquid: 5 mg per mL | Oral > Solid: 50 mg (as hydrochloride) | Parenteral > General injections > IV: 10 mg in vial (vinblastine sulfate) | Parenteral > General injections > IV: 1 mg in vial (vincristine sulfate); 5 mg,WHO eEML,Global,,https://list.essentialmeds.org/print/?format=pdf,active
"Lymphoid leukaemia, not elsewhere classified",Parenteral > General injections > unspecified: 10000 IU in vial powder for,WHO eEML,Global,,https://list.essentialmeds.org/print/?format=pdf,active
Antianginal medicines Angina pectoris,Oral > Solid: 50 mg; 100 mg | Oral > Solid: 1.25 mg; 5 mg | Oral > Solid: 500 µg sublingual tablet | Oral > Solid: 5 mg sublingual tablet | Oral > Solid: 10 mg | Parenteral > General injections > IV: 1 mg in 1 mL ampoule | Oral > Solid: 40 mg (hydrochloride); 80 mg (hydrochloride),WHO eEML,Global,,https://list.essentialmeds.org/print/?format=pdf,active
bronchus or lung,Parenteral > General injections > IV: 1.2 g per 20 mL concentrate solution | Oral > Solid: 200 mg; 250 mg | Parenteral > General injections > IV: 50 mg per mL in 2.4 mL vial | Oral > Solid: 100 mg; 150 mg | Parenteral > General injections > IV: 5 mg per mL in 10 mL vial | Oral > Solid: 40 mg (as mesylate); 80 mg (as mesylate) | Parenteral > General injections > IV: 10 mg per mL in 1 mL vial; 10 mg per,WHO eEML,Global,,https://list.essentialmeds.org/print/?format=pdf,active
Other specified malignant neoplasms of,Parenteral > General injections > IV: 840 mg per 14 mL in vial concentrate | Parenteral > General injections > IV: 10 mg per mL in 4 mL vial bronchus or lung,WHO eEML,Global,,https://list.essentialmeds.org/print/?format=pdf,active
Atherosclerotic chronic arterial occlusive,Oral > Solid > tablet: 20 mg + 5 mg + 5 mg; 20 mg + 10 mg + 10 mg; 40 mg disease,WHO eEML,Global,,https://list.essentialmeds.org/print/?format=pdf,active
Cycloplegic drug,Ophthalmological preparations > Mydriatics Anterior uveitis | Local > Ophthalmological > Solution (eye drops): 0.1% (sulfate); 0.5% | Ophthalmological preparations > Mydriatics Therapeutic equivalent to atropine for,WHO eEML,Global,,https://list.essentialmeds.org/print/?format=pdf,active
antimuscarinics] and spasmolytics,Parenteral > General injections > unspecified: 1 mg in 1 mL ampoule or,WHO eEML,Global,,https://list.essentialmeds.org/print/?format=pdf,active
vial (sulfate); 400 µg per mL in 1 mL ampoule or vial (sulfate),Antidotes and other substances used in poisonings > Specific Exposure to or harmful effects of undetermined,WHO eEML,Global,,https://list.essentialmeds.org/print/?format=pdf,active
intent of pesticides,Parenteral > General injections > unspecified: 1 mg in 1 mL ampoule or,WHO eEML,Global,,https://list.essentialmeds.org/print/?format=pdf,active
Antineoplastics and supportive medicines Diffuse large B-cell lymphomas,Cell suspension for infusion: 2 × 10*6 anti-CD19 CAR-positive viable T-,WHO eEML,Global,,https://list.essentialmeds.org/print/?format=pdf,active
pelvis,Oral > Solid > tablet: 1 mg; 3 mg; 5 mg | Oral > Solid > capsule: 4 mg; 10 mg,WHO eEML,Global,,https://list.essentialmeds.org/print/?format=pdf,active
Cytotoxic medicines Myeloid leukaemia,Parenteral > General injections > IV: 100 mg in vial powder for injection,WHO eEML,Global,,https://list.essentialmeds.org/print/?format=pdf,active
tissues,Parenteral > General injections > IV: 50 mg in vial powder for injection (as | Parenteral > General injections > IV: 50 mg per mL in 1 mL ampoule | Parenteral > General injections > IV: 5 mg per mL in 1 mL vial | Oral > Liquid: 0.2 mg granules for oral suspension; 1 mg granules for oral,WHO eEML,Global,,https://list.essentialmeds.org/print/?format=pdf,active
sodium salt); 100 mg in vial powder for injection (as sodium salt) Relapsing-remitting multiple sclerosis,Oral > Liquid: 10 mg per mL | Oral > Solid > tablet: 25 mg; 50 mg (scored) | Oral > Solid > tablet: 50 mg (scored),WHO eEML,Global,,https://list.essentialmeds.org/print/?format=pdf,active
"Disease-modifying anti-rheumatic drugs (DMARDs) Rheumatoid arthritis, serology unspecified",Oral > Solid > tablet: 50 mg (scored) | Oral > Solid > tablet: 2.5 mg (as sodium salt) | Oral > Solid: 250 mg | Oral > Solid: 500 mg,WHO eEML,Global,,https://list.essentialmeds.org/print/?format=pdf,active
Watch group antibiotics First choice,Oral > Liquid: 200 mg per 5 mL (anhydrous) powder for oral liquid Chlamydia trachomatis | Oral > Solid > dosage form: 250 mg (anhydrous); 500 mg (anhydrous) Typhoid fever | Parenteral > General injections > unspecified: 250 mg in vial powder for Other specified pneumonia (Hospital-acquired | Parenteral > General injections > unspecified: 250 mg in vial (as co-prescribed with vancomycin | Parenteral > General injections > unspecified: 250 mg in vial powder for Typhoid fever | Parenteral > General injections > IV: 2 mg per mL (as hyclate) Neutropenia (low-risk) | Oral > Liquid: 250 mg per 5 mL (anhydrous) Inflammatory and other diseases of prostate | Oral > Liquid: 125 mg per 5 mL powder for oral liquid; 250 mg per 5 mL co-prescribed with cefotaxime | Parenteral > General injections > IV: 2 g (as sodium salt) + 250 mg (as Peritoneal abscess (severe) | Parenteral > General injections > IV: 250 mg in vial (as hydrochloride) Necrotising fasciitis,WHO eEML,Global,,https://list.essentialmeds.org/print/?format=pdf,active
Reserve group antibiotics Other specified bacterial diseases,Parenteral > General injections > unspecified: 1 g in vial powder for | Parenteral > General injections > IV: 400 mg in vial (as fosamil) powder | Parenteral > General injections > unspecified: 1 million IU in vial (as | Parenteral > General injections > IV: 350 mg in vial powder for injection; | Parenteral > General injections > IV: 2 g in vial (as sodium) powder for | Parenteral > General injections > IV: 2 mg per mL in 300 mL bag | Parenteral > General injections > IV: 50 mg in vial powder for injection,WHO eEML,Global,,https://list.essentialmeds.org/print/?format=pdf,active
Oral > Liquid: 10 mg per 5 mL,Parenteral > Locoregional injections > Intrathecal: 500 µg per mL in,WHO eEML,Global,,https://list.essentialmeds.org/print/?format=pdf,active
ampoule,Oral > Solid > tablet: 10 mg,WHO eEML,Global,,https://list.essentialmeds.org/print/?format=pdf,active
Antiasthmatic and medicines for chronic obstructive pulmonary disease Asthma,Respiratory > Inhalation > aerosol: 50 µg per dose (dipropionate); 250 µg | Respiratory > Inhalation > powder: 100 µg per actuation in dry powder | Respiratory > Inhalation > powder: 100 µg + 6 µg per dose actuation in | Parenteral > General injections > unspecified: 1 mg per mL in ampoule (as,WHO eEML,Global,,https://list.essentialmeds.org/print/?format=pdf,active
Cytotoxic medicines Follicular lymphoma,Parenteral > General injections > unspecified: 45 mg per 0.5 mL; 180 mg,WHO eEML,Global,,https://list.essentialmeds.org/print/?format=pdf,active
American trypanosomiasis Chagas disease,Oral > Solid > tablet: 100 mg (scored); 50 mg (scored); 12.5 mg | Oral > Solid > tablet: 30 mg (scored); 120 mg (scored),WHO eEML,Global,,https://list.essentialmeds.org/print/?format=pdf,active
co-prescribed with gentamicin,Parenteral > General injections > unspecified: 600 mg in vial powder for,WHO eEML,Global,,https://list.essentialmeds.org/print/?format=pdf,active
Medicines administered to the neonate [c] Respiratory distress syndrome of newborn,Respiratory > Suspension: 25 mg per mL for intratracheal instillation | Respiratory > Suspension: 80 mg per mL for intratracheal instillation,WHO eEML,Global,,https://list.essentialmeds.org/print/?format=pdf,active
Psoriasis of unspecified type,Local > Topical > Ointment: 0.1% (as valerate) | Local > Topical > Solution: 5%,WHO eEML,Global,,https://list.essentialmeds.org/print/?format=pdf,active
(VEGF) preparations,Parenteral > Locoregional injections > Intravitreal: 25 mg per mL,WHO eEML,Global,,https://list.essentialmeds.org/print/?format=pdf,active
Immunomodulators Hepatocellular carcinoma of liver,Parenteral > General injections > IV: 25 mg per mL in 4 mL vial | Parenteral > General injections > IV: 20 mg per mL in 1.25 mL vial,WHO eEML,Global,,https://list.essentialmeds.org/print/?format=pdf,active
(lactate),Oral > Solid: 2 mg tablet (hydrochloride),WHO eEML,Global,,https://list.essentialmeds.org/print/?format=pdf,active
Medicines used in heart failure Heart failure,Oral > Solid: 1.25 mg; 5 mg | Oral > Solid: 25 mg | Parenteral > General injections > IV: 0.2 mg in 1 mL ampoule | Oral > Solid: 50 µg; 100 µg | Parenteral > General injections > IV: 250 µg per mL in 2 mL ampoule; 100 | Parenteral > General injections > IV: 40 mg per mL in 5 mL vial | Oral > Solid > tablet: 2.5 mg (as hydrogen maleate); 5 mg (as hydrogen | Parenteral > General injections > IV: 10 mg per mL in 2 mL ampoule; 10 | Oral > Liquid: 50 mg per 5 mL | Oral > Solid: 25 mg tablet; 50 mg tablet; 100 mg tablet | Oral > Solid > tablet: 25 mg,WHO eEML,Global,,https://list.essentialmeds.org/print/?format=pdf,active
Cytotoxic medicines Germ cell tumour of testis,Parenteral > General injections > unspecified: 15000 IU in vial (as sulfate),WHO eEML,Global,,https://list.essentialmeds.org/print/?format=pdf,active
elsewhere classified,Parenteral > General injections > IV: 35 µg in vial; 38.5 µg in vial,WHO eEML,Global,,https://list.essentialmeds.org/print/?format=pdf,active
Targeted therapies Plasma cell myeloma,Parenteral > General injections > unspecified: 3.5 mg in vial powder for,WHO eEML,Global,,https://list.essentialmeds.org/print/?format=pdf,active
Antiseizure medicines Parkinson disease,Oral > Solid: 2.5 mg; 5 mg | Oral > Solid > tablet: 0.5 mg | Oral > Solid: | Oral > Solid: 125 µg immediate-release; 250 mg immediate-release; 500 | Oral > Solid: 0.25 mg immediate-release; 0.5 mg immediate-release; 1 mg | Oral > Solid: 2 mg (hydrochloride); 5 mg (hydrochloride),WHO eEML,Global,,https://list.essentialmeds.org/print/?format=pdf,active
inhaler; 200 µg per actuation in dry powder inhaler,Respiratory > Inhalation > suspension: 100 µg per actuation in,WHO eEML,Global,,https://list.essentialmeds.org/print/?format=pdf,active
"Ear, nose and throat medicines [c] Allergic rhinitis",Local > Nasal > Spray: 32 µg per actuation; 64 µg per actuation,WHO eEML,Global,,https://list.essentialmeds.org/print/?format=pdf,active
Local anaesthetics Local anaesthetics,Parenteral > Locoregional injections > Spinal anaesthesia: 0.5% in 4 mL | Parenteral > Locoregional injections > Spinal anaesthesia: 5% in 2 mL | Parenteral > Locoregional injections > Other: 1% (lidocaine hydrochloride | OR lidocaine sulfate) + 1:200 000 epinephrine; 2% (lidocaine | hydrochloride OR lidocaine sulfate) + 1:200 000 epinephrine | Local > Dental > Cartridge: 2% (lidocaine hydrochloride) + 1:80 000,WHO eEML,Global,,https://list.essentialmeds.org/print/?format=pdf,active
ampoule (hydrochloride) + 8% glucose solution,Parenteral > General injections > unspecified: 0.25% (hydrochloride);,WHO eEML,Global,,https://list.essentialmeds.org/print/?format=pdf,active
Plasma-derived medicines Hereditary angioedema,Parenteral > General injections > IV: 500 IU in vial powder for injection,WHO eEML,Global,,https://list.essentialmeds.org/print/?format=pdf,active
glands,Oral > Solid > tablet: 0.5 mg; 1 mg,WHO eEML,Global,,https://list.essentialmeds.org/print/?format=pdf,active
Medicines administered to the neonate [c] Apnoea of newborn,Parenteral > General injections > IV: 20 mg per mL (equivalent to 10 mg,WHO eEML,Global,,https://list.essentialmeds.org/print/?format=pdf,active
caffeine base per mL),Oral > Liquid: 20 mg per mL (equivalent to 10 mg caffeine base per mL),WHO eEML,Global,,https://list.essentialmeds.org/print/?format=pdf,active
Vitamins and minerals Calcium deficiency,Oral > Solid: 500 mg (elemental calcium) | Oral > Liquid: 400 IU per mL,WHO eEML,Global,,https://list.essentialmeds.org/print/?format=pdf,active
Malignant trophoblastic neoplasms of placenta,Parenteral > General injections > unspecified: 3 mg per mL in 10 mL | Oral > Solid: 2.5 mg (as sodium salt),WHO eEML,Global,,https://list.essentialmeds.org/print/?format=pdf,active
unspecified sites,Parenteral > General injections > unspecified: 3 mg per mL in 10 mL,WHO eEML,Global,,https://list.essentialmeds.org/print/?format=pdf,active
Malignant neoplasms of colon,Oral > Solid > tablet: 15 mg; 5 mg; 25 mg,WHO eEML,Global,,https://list.essentialmeds.org/print/?format=pdf,active
Vitamins and minerals Tetany due to acute calcium deficiency,Parenteral > General injections > IV: 100 mg per mL in 10 mL ampoule | Antidotes and other substances used in poisonings > Specific Hypermagnesaemia | Parenteral > General injections > IV: 100 mg per mL in 10 mL ampoule or,WHO eEML,Global,,https://list.essentialmeds.org/print/?format=pdf,active
Cytotoxic medicines Other specified malignant neoplasms of breast,Oral > Solid > tablet: 150 mg; 500 mg | Parenteral > General injections > IV: 20 mg per mL; 40 mg per mL,WHO eEML,Global,,https://list.essentialmeds.org/print/?format=pdf,active
Antiseizure medicines Epilepsy or seizures,Oral > Liquid: 100 mg per 5 mL | Oral > Solid > tablet: 100 mg (scored); 200 mg (scored); 100 mg | Oral > Solid: 25 mg tablet; 50 mg tablet; 100 mg tablet; 200 mg tablet; 2 | Oral > Liquid: 100 mg per mL | Oral > Liquid: 30 mg per 5 mL (phenytoin) | Parenteral > General injections > unspecified: 50 mg per mL in vial | Oral > Liquid: 200 mg per 5 mL,WHO eEML,Global,,https://list.essentialmeds.org/print/?format=pdf,active
Oral > Liquid: 100 mg per 5 mL,Oral > Solid > tablet: 100 mg (scored); 200 mg (scored); 100 mg,WHO eEML,Global,,https://list.essentialmeds.org/print/?format=pdf,active
(chewable); 200 mg (chewable); 400 mg (scored),Oral > Solid > capsule: 100 mg (extended-release); 200 mg (extended-,WHO eEML,Global,,https://list.essentialmeds.org/print/?format=pdf,active
Uterotonics Postpartum haemorrhage,Parenteral > General injections > IV: 100 µg per mL (heat stable) | Parenteral > General injections > unspecified: 200 µg in 1 mL ampoule | Parenteral > General injections > unspecified: 10 IU per mL,WHO eEML,Global,,https://list.essentialmeds.org/print/?format=pdf,active
Cytotoxic medicines Other specified gliomas of brain,Parenteral > General injections > IV: 50 mg per 5 mL; 150 mg per 15 mL;,WHO eEML,Global,,https://list.essentialmeds.org/print/?format=pdf,active
Chronic obstructive pulmonary disease with,Oral > Solid: 250 mg (as monohydrate); 500 mg (as monohydrate),WHO eEML,Global,,https://list.essentialmeds.org/print/?format=pdf,active
Watch group antibiotics Other specified bacterial diseases,Parenteral > General injections > unspecified: 500 mg in vial (as,WHO eEML,Global,,https://list.essentialmeds.org/print/?format=pdf,active
aeruginosa,Parenteral > General injections > IV: 1 g in vial (as sulfate tosylate) | Parenteral > General injections > IV: 2 g in vial + 0.5 g in vial powder for | Parenteral > General injections > IV: 1 g + 0.5 g powder for injection | Parenteral > General injections > IV: 1 g in vial + 1 g in vial powder for,WHO eEML,Global,,https://list.essentialmeds.org/print/?format=pdf,active
Watch group antibiotics Second choice,Oral > Liquid: 100 mg per 5 mL powder for oral liquid Infectious gastroenteritis or colitis without | Parenteral > General injections > IV: 250 mg in vial (as sodium salt) Other specified prophylactic measures | Parenteral > General injections > IV: 500 mg in vial powder for injection Therapeutic equivalent to clarithromycin for | Parenteral > General injections > IV: 250 mg (as monohydrate) + 250 mg Therapeutic equivalent to meropenem for | Parenteral > General injections > IV: 500 mg in vial (as trihydrate) powder Neutropenia (high-risk),WHO eEML,Global,,https://list.essentialmeds.org/print/?format=pdf,active
specification of infectious agent,Oral > Solid: 200 mg (as trihydrate); 400 mg (as trihydrate) | Oral > Solid: 100 mg + 20 mg tablet; 400 mg + 80 mg tablet; 800 mg + 160,WHO eEML,Global,,https://list.essentialmeds.org/print/?format=pdf,active
Bacterial meningitis,Parenteral > General injections > unspecified: 250 mg in vial powder for,WHO eEML,Global,,https://list.essentialmeds.org/print/?format=pdf,active
pneumonia - severe) [children],Parenteral > General injections > unspecified: 250 mg in vial powder for,WHO eEML,Global,,https://list.essentialmeds.org/print/?format=pdf,active
co-prescribed with amikacin,Parenteral > Locoregional injections > Intravitreal: 250 mg in vial powder | Oral > Liquid: 125 mg per 5 mL (as sodium salt) powder for oral liquid;,WHO eEML,Global,,https://list.essentialmeds.org/print/?format=pdf,active
Gonococcal infection,Parenteral > General injections > unspecified: 250 mg in vial powder for,WHO eEML,Global,,https://list.essentialmeds.org/print/?format=pdf,active
salt); 1 g in vial powder for injection (as sodium salt) pneumonia - severe),Parenteral > General injections > unspecified: 2 g in vial; 250 mg in vial co-prescribed with metronidazole,WHO eEML,Global,,https://list.essentialmeds.org/print/?format=pdf,active
Access group antibiotics Second choice,Parenteral > General injections > IV: 1 g in vial powder for injection Bacterial meningitis | Parenteral > General injections > unspecified: 2 g in vial (as Gonococcal infection,WHO eEML,Global,,https://list.essentialmeds.org/print/?format=pdf,active
OOtthheerr iinnddiiccaattiioonnss,Parenteral > General injections > IM: 500 mg in 2 mL ampoule oily | Oral > Liquid: 75 mg per 5 mL powder for oral liquid (as palmitate | Oral > Solid > dosage form: 100 mg (as hyclate) | Oral > Solid: 250 mg (as stearate or ethylsuccinate),WHO eEML,Global,,https://list.essentialmeds.org/print/?format=pdf,active
suspension for injection Bacterial infection of unspecified site,Oral > Liquid: 150 mg per 5 mL (as palmitate) | Oral > Solid: 250 mg capsule,WHO eEML,Global,,https://list.essentialmeds.org/print/?format=pdf,active
(sodium succinate),Parenteral > General injections > IM: 500 mg in 2 mL ampoule oily,WHO eEML,Global,,https://list.essentialmeds.org/print/?format=pdf,active
Medicines administered to the neonate [c] Omphalitis of newborn,Local > Topical > Solution: 7.1% chlorhexidine digluconate (delivering 4%,WHO eEML,Global,,https://list.essentialmeds.org/print/?format=pdf,active
chlorhexidine),Local > Topical > Gel: 7.1% chlorhexidine digluconate (delivering 4%,WHO eEML,Global,,https://list.essentialmeds.org/print/?format=pdf,active
Antiseptics Chlorhexidine,Local > Topical > Solution: 5% (digluconate) for dilution,WHO eEML,Global,,https://list.essentialmeds.org/print/?format=pdf,active
"Disinfectants Disinfectant, not elsewhere classified",Local > Topical > Powder: 0.1% available chlorine for solution | Local > Topical > Liquid: 0.1% available chlorine for solution | Local > Topical > Solid: 0.1% available chlorine for solution | Solution (aqueous): containing hypochlorous acid ≥ 150 parts per million,WHO eEML,Global,,https://list.essentialmeds.org/print/?format=pdf,active
"hydrochloride, phosphate or sulfate)",Oral > Liquid: 50 mg per 5 mL syrup (as phosphate or sulfate) | Oral > Solid: 150 mg tablet (as phosphate or sulfate); 100 mg tablet (as,WHO eEML,Global,,https://list.essentialmeds.org/print/?format=pdf,active
Disease-modifying anti-rheumatic drugs (DMARDs) Rheumatoid arthritis,Oral > Solid: 100 mg tablet (as phosphate or sulfate); 150 mg tablet (as,WHO eEML,Global,,https://list.essentialmeds.org/print/?format=pdf,active
phosphate or sulfate),Antimalarial medicines > Medicines for curative treatment Malaria due to Plasmodium vivax | Oral > Liquid: 50 mg per 5 mL (base) | Oral > Solid > tablet: 150 mg (base) | Antimalarial medicines > Medicines for chemoprevention Malaria due to Plasmodium ovale | Oral > Liquid: 50 mg per 5 mL syrup (as phosphate or sulfate),WHO eEML,Global,,https://list.essentialmeds.org/print/?format=pdf,active
Malaria due to Plasmodium malariae,Oral > Solid: 150 mg tablet (as phosphate or sulfate),WHO eEML,Global,,https://list.essentialmeds.org/print/?format=pdf,active
"Disinfectants Phenol disinfectant, not elsewhere classified",Local > Topical > Solution: 4.8%,WHO eEML,Global,,https://list.essentialmeds.org/print/?format=pdf,active
disorders,Oral > Solid: 100 mg (hydrochloride) | Oral > Solid: 25 mg; 50 mg; 100 mg; 200 mg | Parenteral > General injections > IM: 25 mg per mL in ampoule | Parenteral > General injections > IM: 5 mg per mL in ampoule | Oral > Solid: 2 mg; 5 mg | Oral > Solid: 0.25 mg; 0.5 mg; 1 mg; 2 mg; 3 mg; 4 mg; 6 mg | Parenteral > General injections > IM: 200 mg per mL in 1 mL ampoule,WHO eEML,Global,,https://list.essentialmeds.org/print/?format=pdf,active
Schizophrenia or other primary psychotic,Oral > Solid: 100 mg (hydrochloride); 10 mg (hydrochloride); 25 mg,WHO eEML,Global,,https://list.essentialmeds.org/print/?format=pdf,active
(hydrochloride); 50 mg (hydrochloride),Parenteral > General injections > unspecified: 25 mg per mL in 2 mL,WHO eEML,Global,,https://list.essentialmeds.org/print/?format=pdf,active
concentrate for injection,Oral > Liquid: 100 mg per mL | Oral > Solid > capsule: 25 mg,WHO eEML,Global,,https://list.essentialmeds.org/print/?format=pdf,active
"Antiulcer medicines Peptic ulcer, site unspecified",Oral > Solid: 200 mg,WHO eEML,Global,,https://list.essentialmeds.org/print/?format=pdf,active
Gastro-oesophageal reflux disease,Parenteral > General injections > unspecified: 200 mg in 2 mL ampoule,WHO eEML,Global,,https://list.essentialmeds.org/print/?format=pdf,active
(mild to moderate),Oral > Solid: 250 mg (as hydrochloride),WHO eEML,Global,,https://list.essentialmeds.org/print/?format=pdf,active
Typhoid fever,Oral > Solid > dosage form: 250 mg (as hydrochloride); 500 mg (as,WHO eEML,Global,,https://list.essentialmeds.org/print/?format=pdf,active
Infectious gastroenteritis or colitis without,Oral > Solid > dosage form: 250 mg (as hydrochloride); 500 mg (as | Oral > Liquid: 200 mg + 40 mg per 5 mL oral liquid,WHO eEML,Global,,https://list.essentialmeds.org/print/?format=pdf,active
injection; 50 mg in vial powder for injection Other specified gliomas of brain,Parenteral > General injections > IV: 50 mg per 50 mL; 100 mg per 100 Other specified malignant neoplasms of the,WHO eEML,Global,,https://list.essentialmeds.org/print/?format=pdf,active
Cytotoxic medicines Langerhans cell histiocytosis,Parenteral > General injections > IV: 1 mg per mL in 10 mL vial; 2 mg per,WHO eEML,Global,,https://list.essentialmeds.org/print/?format=pdf,active
pneumonia - severe),Parenteral > General injections > unspecified: 500 mg in vial powder for,WHO eEML,Global,,https://list.essentialmeds.org/print/?format=pdf,active
Bacterial pneumonia (Community-acquired,Oral > Solid > dosage form: 500 mg; 250 mg pneumonia - severe),WHO eEML,Global,,https://list.essentialmeds.org/print/?format=pdf,active
Second choice,Oral > Solid > dosage form: 500 mg | Parenteral > General injections > unspecified: 150 mg per mL (as | Parenteral > General injections > unspecified: 100 mg in vial powder for,WHO eEML,Global,,https://list.essentialmeds.org/print/?format=pdf,active
Necrotising fasciitis,Oral > Solid: 150 mg (as hydrochloride) capsule,WHO eEML,Global,,https://list.essentialmeds.org/print/?format=pdf,active
Bacterial infection of joint,Parenteral > General injections > IV: 150 mg per mL (as phosphate); 600,WHO eEML,Global,,https://list.essentialmeds.org/print/?format=pdf,active
hydrochloride) Bacterial infection of unspecified site,Oral > Solid: 150 mg (as hydrochloride),WHO eEML,Global,,https://list.essentialmeds.org/print/?format=pdf,active
Antileprosy medicines Leprosy,Oral > Solid > dosage form: 100 mg; 50 mg | Oral > Solid: 100 mg tablet; 50 mg tablet; 25 mg tablet | Oral > Liquid: 20 mg per mL | Oral > Solid: 150 mg; 300 mg,WHO eEML,Global,,https://list.essentialmeds.org/print/?format=pdf,active
whether primary or secondary,Oral > Solid: 50 mg (citrate) | Oral > Solid > dosage form: 2.5 mg,WHO eEML,Global,,https://list.essentialmeds.org/print/?format=pdf,active
Antiseizure medicines Generalised myoclonic seizure,Oral > Solid: 500 µg,WHO eEML,Global,,https://list.essentialmeds.org/print/?format=pdf,active
Anti-platelet medicines Acute ischaemic heart disease,Oral > Solid: 75 mg; 300 mg | Oral > Solid > tablet: 60 mg; 90 mg,WHO eEML,Global,,https://list.essentialmeds.org/print/?format=pdf,active
Antifungal medicines Vulvovaginal candidosis,Local > Topical > Other: 1% vaginal cream; 10% vaginal cream; 100 mg,WHO eEML,Global,,https://list.essentialmeds.org/print/?format=pdf,active
250 mg per 5 mL (as sodium salt) powder for oral liquid Sepsis without septic shock,Parenteral > General injections > unspecified: 500 mg in vial (as sodium,WHO eEML,Global,,https://list.essentialmeds.org/print/?format=pdf,active
injection Bacterial infection of unspecified site,Oral > Solid > capsule: 500 mg (as sodium salt); 1 g (as sodium salt); 250,WHO eEML,Global,,https://list.essentialmeds.org/print/?format=pdf,active
haemorrhagic or related conditions,Parenteral > General injections > IV: 500 IU in vial powder for injection; | Injection: frozen liquid in bag or lyophilized powder in vial containing:,WHO eEML,Global,,https://list.essentialmeds.org/print/?format=pdf,active
Coagulation factors Haemophilia B,Parenteral > General injections > IV: 250 IU per mL in vial lyophilized,WHO eEML,Global,,https://list.essentialmeds.org/print/?format=pdf,active
Coagulation factors Haemophilia A,Parenteral > General injections > IV: 250 IU in vial powder for injection; | Parenteral > General injections > IV: 250 IU in vial lyophilized powder for,WHO eEML,Global,,https://list.essentialmeds.org/print/?format=pdf,active
Opioid analgesics Pain,Oral > Solid: 30 mg tablet (codeine phosphate) | Oral > Liquid: 10 mg per 5 mL (morphine hydrochloride or morphine,WHO eEML,Global,,https://list.essentialmeds.org/print/?format=pdf,active
Antitussives Cough,Oral > Solid: 10 mg tablet (codeine phosphate),WHO eEML,Global,,https://list.essentialmeds.org/print/?format=pdf,active
Vitamin D deficiency,Oral > Solid: 400 IU; 1000 IU,WHO eEML,Global,,https://list.essentialmeds.org/print/?format=pdf,active
colistemethate sodium) baumannii,Parenteral > General injections > unspecified: 1 million IU in vial (as Carbapenem-resistant Pseudomonas,WHO eEML,Global,,https://list.essentialmeds.org/print/?format=pdf,active
Parenteral,Parenteral > General injections > IV: injectable solution Hypovolaemic shock | Parenteral > General injections > IV: 5% isotonic; 10% hypertonic Hypoglycaemia without associated diabetes | Parenteral > General injections > IV: 50% hypertonic | Parenteral > General injections > IV: 4% + 0.18% (equivalent to Na+ 30 | Parenteral > General injections > IV: 11.2% in 20 mL ampoule (equivalent | Parenteral > General injections > IV: 0.9% isotonic (equivalent to Na+ | Parenteral > General injections > IV: 1.4% isotonic (equivalent to Na+,WHO eEML,Global,,https://list.essentialmeds.org/print/?format=pdf,active
"Anaplastic large cell lymphoma, ALK-positive",Oral > Solid > capsule: 200 mg; 250 mg | Parenteral > General injections > unspecified: 4 mg per mL in 1 mL,WHO eEML,Global,,https://list.essentialmeds.org/print/?format=pdf,active
Obstetric haemorrhage,> 50 IU Factor VIII,WHO eEML,Global,,https://list.essentialmeds.org/print/?format=pdf,active
Haemophilia A,> 100 IU vWF | > 140 mg clottable fibrinogen per unit Von Willebrand disease,WHO eEML,Global,,https://list.essentialmeds.org/print/?format=pdf,active
Parenteral > General injections > unspecified: 50 mg per mL (lactate),Oral > Solid > tablet: 50 mg (hydrochloride),WHO eEML,Global,,https://list.essentialmeds.org/print/?format=pdf,active
Other specified malignant neoplasms of breast,Parenteral > General injections > unspecified: 500 mg in vial powder for,WHO eEML,Global,,https://list.essentialmeds.org/print/?format=pdf,active
injection Malignant trophoblastic neoplasms of placenta,Parenteral > General injections > IV: 500 mg in vial powder for injection; 1 Follicular lymphoma,WHO eEML,Global,,https://list.essentialmeds.org/print/?format=pdf,active
Malignant neoplasms of breast,Oral > Solid > dosage form: 25 mg; 50 mg | Parenteral > General injections > IV: 50 mg in vial (as sodium salt); 50 mg,WHO eEML,Global,,https://list.essentialmeds.org/print/?format=pdf,active
"injection Anaplastic large cell lymphoma, ALK-negative","Parenteral > General injections > unspecified: 100 mg in vial powder for Anaplastic large cell lymphoma, ALK-positive",WHO eEML,Global,,https://list.essentialmeds.org/print/?format=pdf,active
Medicines affecting coagulation Venous thromboembolism,Oral > Solid: 110 mg; 150 mg,WHO eEML,Global,,https://list.essentialmeds.org/print/?format=pdf,active
Targeted therapies Other specified melanoma of skin,Oral > Solid: 50 mg; 75 mg | Oral > Solid: 0.5 mg; 2 mg,WHO eEML,Global,,https://list.essentialmeds.org/print/?format=pdf,active
Cytotoxic medicines Hodgkin lymphoma,Parenteral > General injections > IV: 100 mg in vial powder for injection;,WHO eEML,Global,,https://list.essentialmeds.org/print/?format=pdf,active
combinations,Oral > Solid > tablet: 30 mg (as dihydrochloride); 60 mg (as | Oral > Solid > tablet: 60 mg (as dihydrochloride) + 400 mg | Oral > Solid: 250 mg tablet | Oral > Solid: 50 mg + 100 mg | Oral > Solid: 50 mg + 20 mg granules | Oral > Solid > tablet: 100 mg + 40 mg | Oral > Solid: 90 mg + 400 mg tablet | Oral > Solid: 12.5 mg + 75 mg + 50 mg tablet | Oral > Solid > tablet: 200 mg | Oral > Solid: 150 mg | Oral > Solid > tablet: 200 mg; 400 mg | Oral > Solid > granules: 200 mg in sachet | Oral > Solid > tablet: 200 mg + 50 mg; 400 mg + 100 mg | Oral > Solid > granules: 150 mg + 37.5 mg in sachet; 200 mg + 50 mg in,WHO eEML,Global,,https://list.essentialmeds.org/print/?format=pdf,active
Cytotoxic medicines Malignant trophoblastic neoplasms of placenta,Parenteral > General injections > IV: 500 µg in vial powder for injection,WHO eEML,Global,,https://list.essentialmeds.org/print/?format=pdf,active
Immunomodulators Plasma cell myeloma,Parenteral > General injections > IV: 100 mg per 5 mL; 400 mg per 20 mL | Oral > Solid: 25 mg | Oral > Solid: 50 mg,WHO eEML,Global,,https://list.essentialmeds.org/print/?format=pdf,active
classified,Oral > Solid: 20 mg tablet; 50 mg tablet; 70 mg tablet; 80 mg tablet; 100 | Oral > Solid > dosage form: 200 mg; 300 mg; 400 mg; 500 mg; 1 g; 100 mg | Oral > Solid > capsule: 150 mg; 200 mg | Parenteral > General injections > IV: 1000 mg per 10 mL phosphate,WHO eEML,Global,,https://list.essentialmeds.org/print/?format=pdf,active
"Cytotoxic medicines Lymphoid leukaemia, not elsewhere classified",Parenteral > General injections > IV: 50 mg in vial (as hydrochloride) | Parenteral > General injections > IV: 3750 units per 5 mL in vial; 3750 | Oral > Solid: 40 mg,WHO eEML,Global,,https://list.essentialmeds.org/print/?format=pdf,active
haemoglobinopathies,Oral > Solid > dispersible tablet: 100 mg; 125 mg; 250 mg; 400 mg; 500 | Parenteral > General injections > unspecified: 500 mg in vial powder for | Oral > Solid > dosage form: 200 mg; 500 mg; 1 g; 100 mg,WHO eEML,Global,,https://list.essentialmeds.org/print/?format=pdf,active
mg Thalassaemias,Oral > Solid > tablet: 90 mg; 180 mg; 360 mg Therapeutic equivalent to deferoxamine for,WHO eEML,Global,,https://list.essentialmeds.org/print/?format=pdf,active
"biological substances, not elsewhere classified",Parenteral > General injections > unspecified: 500 mg in vial powder for,WHO eEML,Global,,https://list.essentialmeds.org/print/?format=pdf,active
Watch group antibiotics Methicillin resistant Staphylococcus aureus,Parenteral > General injections > IV: 300 mg lyophilized powder for,WHO eEML,Global,,https://list.essentialmeds.org/print/?format=pdf,active
Medicines affecting coagulation Haemophilia A,Parenteral > General injections > IV: 4 µg per mL in 1 mL ampoule | Parenteral > General injections > SC: 12 mg per 0.4 mL in vial; 30 mg per,WHO eEML,Global,,https://list.essentialmeds.org/print/?format=pdf,active
(acetate),Local > Nasal > Spray: 150 µg per actuation (acetate),WHO eEML,Global,,https://list.essentialmeds.org/print/?format=pdf,active
altered by maternal corticosteroid therapy,Parenteral > General injections > unspecified: 4 mg per mL,WHO eEML,Global,,https://list.essentialmeds.org/print/?format=pdf,active
"Hormones and antihormones Anaplastic large cell lymphoma, ALK-negative",Oral > Liquid: 2 mg per 5 mL,WHO eEML,Global,,https://list.essentialmeds.org/print/?format=pdf,active
Plasma cell myeloma,Oral > Solid: 2 mg; 4 mg | Oral > Solid: 5 mg; 25 mg,WHO eEML,Global,,https://list.essentialmeds.org/print/?format=pdf,active
Burkitt lymphoma including Burkitt leukaemia,Parenteral > General injections > unspecified: 4 mg per mL in 1 mL | Ophthalmological preparations > Anti-inflammatory agents Scleritis | Local > Ophthalmological > Ointment: 1% (acetate) | Dermatological medicines > Medicines affecting skin differentiation and Psoriasis of unspecified type,WHO eEML,Global,,https://list.essentialmeds.org/print/?format=pdf,active
3.3 mg/mL dexamethasone base,Oral > Solid > tablet: 4 mg (as dexamethasone base) | Oral > Liquid: 2 mg per 5 mL (as sodium phosphate) | Parenteral > General injections > unspecified: 4 mg per mL in 1 mL,WHO eEML,Global,,https://list.essentialmeds.org/print/?format=pdf,active
3.3 mg/mL dexamethasone base),Oral > Solid > tablet: 2 mg (as dexamethasone base); 4 mg (as | Oral > Solid > tablet: 0.5 mg (as dexamethasone base); 0.75 mg (as,WHO eEML,Global,,https://list.essentialmeds.org/print/?format=pdf,active
sodium phosphate),Parenteral > General injections > unspecified: 4 mg per mL in 1 mL,WHO eEML,Global,,https://list.essentialmeds.org/print/?format=pdf,active
3.3 mg dexamethasone base),Oral > Solid > tablet: 2 mg (as dexamethasone base); 4 mg (as,WHO eEML,Global,,https://list.essentialmeds.org/print/?format=pdf,active
unspecified type,Oral > Liquid: 0.5 mg per 5 mL (as sodium phosphate); 2 mg per 5 mL (as | Oral > Liquid: 1 mg per mL | Oral > Solid > tablet: 10 mg; 5 mg (chewable); 10 mg (chewable) | Oral > Liquid: 5 mg per mL | Oral > Solid: 5 mg; 25 mg | Ophthalmological preparations > Anti-inflammatory agents Scleritis | Local > Ophthalmological > Solution (eye drops): 0.5% (sodium,WHO eEML,Global,,https://list.essentialmeds.org/print/?format=pdf,active
Plasma substitutes Hypovolaemia,Parenteral > General injections > IV: 6% injectable solution,WHO eEML,Global,,https://list.essentialmeds.org/print/?format=pdf,active
Antiseizure medicines Therapeutic equivalent to lorazepam for,Local > Rectal > Gel: 5 mg per mL in 0.5 mL rectal delivery system; 5 mg Status epilepticus,WHO eEML,Global,,https://list.essentialmeds.org/print/?format=pdf,active
system,Local > Rectal > Solution: 2 mg per mL in 1.25 mL rectal tube; 2 mg per mL,WHO eEML,Global,,https://list.essentialmeds.org/print/?format=pdf,active
Oral > Liquid: 2 mg per 5 mL,Local > Rectal > Gel: 5 mg per mL in 0.5 mL rectal delivery system; 5 mg,WHO eEML,Global,,https://list.essentialmeds.org/print/?format=pdf,active
in 2.5 mL rectal tube; 4 mg per mL in 2.5 mL rectal tube,Parenteral > General injections > unspecified: 5 mg per mL | Oral > Solid > tablet: 5 mg (scored); 10 mg (scored); 2 mg (scored),WHO eEML,Global,,https://list.essentialmeds.org/print/?format=pdf,active
infancy,Oral > Liquid: 50 mg per mL | Oral > Solid: 50 mg,WHO eEML,Global,,https://list.essentialmeds.org/print/?format=pdf,active
powder for oral solution; 250 mg buffered powder for oral solution,Oral > Solid: 25 mg buffered chewable dispersible tablet; 50 mg buffered,WHO eEML,Global,,https://list.essentialmeds.org/print/?format=pdf,active
µg per mL in 1 mL ampoule,Oral > Liquid: 50 µg per mL | Oral > Solid > tablet: 62.5 µg; 250 µg; 125 µg,WHO eEML,Global,,https://list.essentialmeds.org/print/?format=pdf,active
320 mg (phosphate),Oral > Solid > tablet: 40 mg + 320 mg (phosphate); 20 mg + 160 mg,WHO eEML,Global,,https://list.essentialmeds.org/print/?format=pdf,active
Antiamoebic and antigiardiasis medicines Amoebiasis,Oral > Solid: 500 mg (furoate) | Oral > Liquid: 200 mg per 5 mL (as benzoate) | Parenteral > General injections > unspecified: 500 mg in 100 mL vial | Oral > Solid > tablet: 200 mg; 250 mg; 400 mg; 500 mg | Oral > Liquid: 125 mg per 5 mL as sulfate | Oral > Solid: 250 mg as sulfate,WHO eEML,Global,,https://list.essentialmeds.org/print/?format=pdf,active
Oral > Liquid: 50 mg per 5 mL; 12.5 mg per 5 mL,Oral > Solid > capsule: 100 mg,WHO eEML,Global,,https://list.essentialmeds.org/print/?format=pdf,active
Oral > Liquid: 1 mg per mL (hydrochloride),Oral > Solid > tablet: 5 mg (hydrochloride); 10 mg (hydrochloride); 5 mg,WHO eEML,Global,,https://list.essentialmeds.org/print/?format=pdf,active
uteri,Parenteral > General injections > IV: 50 mg per mL in 10 mL vial,WHO eEML,Global,,https://list.essentialmeds.org/print/?format=pdf,active
in vial (hydrochloride) Rhabdomyosarcoma primary site,Parenteral > General injections > IV: 10 mg in vial (hydrochloride) powder Malignant neoplasms of breast,WHO eEML,Global,,https://list.essentialmeds.org/print/?format=pdf,active
Cytotoxic medicines Kaposi sarcoma of unspecified primary site,Parenteral > General injections > IV: 2 mg per mL in 10 mL vial,WHO eEML,Global,,https://list.essentialmeds.org/print/?format=pdf,active
pneumonia - mild to moderate),Oral > Liquid: 25 mg per 5 mL powder for oral liquid (monohydrate); 50,WHO eEML,Global,,https://list.essentialmeds.org/print/?format=pdf,active
mg per 5 mL (calcium) acute exacerbation,Oral > Solid > dispersible tablet: 100 mg (as monohydrate) Cholera [children] | Oral > Solid > dosage form: 50 mg (as hyclate); 100 mg (as hyclate),WHO eEML,Global,,https://list.essentialmeds.org/print/?format=pdf,active
Bacterial infection of unspecified site,Antimalarial medicines > Medicines for chemoprophylaxis in travellers Malaria due to Plasmodium falciparum | Oral > Liquid: 50 mg per 5 mL (calcium); 25 mg per 5 mL (monohydrate) | Ophthalmological preparations > Anti-infective agents Chlamydial conjunctivitis | Local > Ophthalmological > Ointment: 0.5% | Ophthalmological preparations > Anti-infective agents Other specified conjunctivitis | Local > Ophthalmological > Solution (eye drops): 0.3% (gentamicin,WHO eEML,Global,,https://list.essentialmeds.org/print/?format=pdf,active
(as monohydrate),Antimalarial medicines > Medicines for chemoprevention Malaria due to Plasmodium falciparum | Oral > Solid: 100 mg (hydrochloride or hyclate),WHO eEML,Global,,https://list.essentialmeds.org/print/?format=pdf,active
Oral > Solid > tablet: 50 mg + 25 mg + 37.5 mg; 100 mg + 50 mg + 75 mg,Oral > Solid > granules: 80 mg + 40 mg + 60 mg in sachet; 100 mg + 50 mg,WHO eEML,Global,,https://list.essentialmeds.org/print/?format=pdf,active
Oral hypoglycaemic agents Type 2 diabetes mellitus,Oral > Solid: 10 mg; 25 mg | Oral > Solid: 5 mg; 2.5 mg | Oral > Solid: 30 mg controlled-release; 60 mg controlled-release; 80 mg | Oral > Solid: 500 mg (hydrochloride) | Oral > Solid: 500 mg,WHO eEML,Global,,https://list.essentialmeds.org/print/?format=pdf,active
Medicines affecting coagulation Acute ischaemic heart disease,Parenteral > General injections > SC: 20 mg per 0.2 mL in prefilled syringe; | Parenteral > General injections > IV: 1000 IU per mL in 1 mL ampoule or,WHO eEML,Global,,https://list.essentialmeds.org/print/?format=pdf,active
inhibitors,Oral > Liquid: 0.05 mg per mL | Oral > Solid: 0.5 mg; 1 mg | Oral > Solid: 25 mg | Oral > Solid: 300 mg tablet (equivalent to 245 mg tenofovir disoproxil),WHO eEML,Global,,https://list.essentialmeds.org/print/?format=pdf,active
labour or delivery,Parenteral > Locoregional injections > Spinal anaesthesia: 30 mg per mL,WHO eEML,Global,,https://list.essentialmeds.org/print/?format=pdf,active
Antiarrhythmic medicines Cardiac arrest,Parenteral > General injections > IV: 100 µg per mL in 10 mL ampoule (as,WHO eEML,Global,,https://list.essentialmeds.org/print/?format=pdf,active
acid tartrate or hydrochloride),Ophthalmological preparations > Mydriatics Primary open-angle glaucoma | Local > Ophthalmological > Solution (eye drops): 2% (as hydrochloride),WHO eEML,Global,,https://list.essentialmeds.org/print/?format=pdf,active
Antiallergics and medicines used in anaphylaxis Anaphylaxis,Parenteral > General injections > unspecified: 1 mg in 1 mL ampoule (as | Parenteral > General injections > unspecified: 100 mg in vial powder for,WHO eEML,Global,,https://list.essentialmeds.org/print/?format=pdf,active
Reserve group antibiotics Carbapenem resistant Enterobacterales,Parenteral > General injections > IV: 50 mg lyophilized powder for,WHO eEML,Global,,https://list.essentialmeds.org/print/?format=pdf,active
Calcium deficiency,Oral > Solid: 1.25 mg (50 000 IU),WHO eEML,Global,,https://list.essentialmeds.org/print/?format=pdf,active
(as lactobionate) Acute pharyngitis,Oral > Liquid: 125 mg per 5 mL (as stearate or ethylsuccinate),WHO eEML,Global,,https://list.essentialmeds.org/print/?format=pdf,active
Antianaemia medicines Anaemia due to chronic disease,Parenteral > General injections > unspecified: 1000 IU per 0.5 mL pre-,WHO eEML,Global,,https://list.essentialmeds.org/print/?format=pdf,active
Supportive medicines Drug-induced aplastic anaemia,Parenteral > General injections > unspecified: 2000 IU per mL in vial,WHO eEML,Global,,https://list.essentialmeds.org/print/?format=pdf,active
Estrogens Gonadotropin deficiency,Oral > Solid > tablet: 0.5 mg; 1 mg; 2 mg,WHO eEML,Global,,https://list.essentialmeds.org/print/?format=pdf,active
associated with reproduction,Parenteral > General injections > IM: 5 mg + 25 mg | Parenteral > General injections > IM: 150 mg per mL in 1 mL vial | Parenteral > General injections > SC: 104 mg per 0.65 mL in pre-filled | Parenteral > General injections > IM: 200 mg per mL in 1 mL ampoule oily,WHO eEML,Global,,https://list.essentialmeds.org/print/?format=pdf,active
Antituberculosis medicines Other specified tuberculosis,Parenteral > General injections > IV: 1000 mg per 10 mL; 2000 mg per 20 | Parenteral > General injections > IV: 100 mg per mL,WHO eEML,Global,,https://list.essentialmeds.org/print/?format=pdf,active
mL,Oral > Solid > dispersible tablet: 100 mg | Oral > Solid > tablet: 100 mg (hydrochloride); 400 mg (hydrochloride),WHO eEML,Global,,https://list.essentialmeds.org/print/?format=pdf,active
Antituberculosis medicines Tuberculosis,Oral > Solid: 400 mg + 150 mg tablet | Oral > Solid: 275 mg + 75 mg + 400 mg + 150 mg tablet | Oral > Solid: 275 mg + 75 mg + 150 mg tablet | Oral > Solid > dispersible tablet: 50 mg + 150 mg + 75 mg | Oral > Solid > dispersible tablet: 50 mg + 75 mg | Oral > Solid > tablet: 75 mg + 150 mg; 150 mg + 300 mg | Oral > Solid > tablet: 400 mg | Oral > Solid > dispersible tablet: 150 mg | Oral > Solid > tablet: 400 mg; 500 mg | Oral > Solid: 150 mg | Oral > Liquid: 20 mg per mL | Oral > Solid > tablet: 150 mg; 300 mg,WHO eEML,Global,,https://list.essentialmeds.org/print/?format=pdf,active
Antiseptics Denatured alcohol,Local > Topical > Solution: 70% (denatured),WHO eEML,Global,,https://list.essentialmeds.org/print/?format=pdf,active
management,Local > Vaginal > vaginal ring: 2.7 mg + 11.7 mg | Oral > Solid: 35 µg + 1 mg | Oral > Solid: 350 µg | Local > Vaginal > vaginal ring: 2.074 g micronized progesterone,WHO eEML,Global,,https://list.essentialmeds.org/print/?format=pdf,active
contraception,Oral > Solid: 50 µg + 250 µg [4] | Oral > Solid: 750 µg [2]; 1.5 mg [1] | Oral > Solid: 30 mg tablet (ulipristal acetate),WHO eEML,Global,,https://list.essentialmeds.org/print/?format=pdf,active
Contact with health services for contraceptive,Oral > Solid: 30 µg + 150 µg | Oral > Solid: 30 µg,WHO eEML,Global,,https://list.essentialmeds.org/print/?format=pdf,active
Antituberculosis medicines Tuberculous meningitis,Oral > Solid > dispersible tablet: 125 mg,WHO eEML,Global,,https://list.essentialmeds.org/print/?format=pdf,active
"Antiseizure medicines Absence seizures, typical",Oral > Liquid: 250 mg per 5 mL | Oral > Solid: 250 mg,WHO eEML,Global,,https://list.essentialmeds.org/print/?format=pdf,active
contraceptive device,Implant > Subdermal: 68 mg single rod | Implant > Subdermal: 75 mg per rod (two-rods),WHO eEML,Global,,https://list.essentialmeds.org/print/?format=pdf,active
Ewing sarcoma of bone and articular cartilage,Oral > Solid: 100 mg capsule,WHO eEML,Global,,https://list.essentialmeds.org/print/?format=pdf,active
of unspecified sites,Parenteral > General injections > IV: 20 mg per mL in 5 mL ampoule; 100 | Oral > Other: 600 mg | Parenteral > General injections > IV: 100 mg in vial powder for injection,WHO eEML,Global,,https://list.essentialmeds.org/print/?format=pdf,active
mg in vial powder for injection (as phosphate),Oral > Solid: 100 mg capsule; 50 mg capsule Other specified malignant neoplasms of,WHO eEML,Global,,https://list.essentialmeds.org/print/?format=pdf,active
Targeted therapies Other specified gliomas of brain,Oral > Solid > dispersible tablet: 2 mg; 3 mg; 5 mg | Oral > Solid > tablet: 2.5 mg; 5 mg; 7.5 mg; 10 mg,WHO eEML,Global,,https://list.essentialmeds.org/print/?format=pdf,active
Opioid analgesics Chronic cancer pain,Local > Topical > Transdermal patch: 12 µg/hour; 25 µg/hour; 50 µg/hour; | Oral > Liquid: 5 mg per 5 mL (methadone hydrochloride); 25 mg per 5 mL | Oral > Liquid: 100 mg per mL (hydrochloride) | Oral > Solid: 50 mg (hydrochloride) immediate release; 50 mg,WHO eEML,Global,,https://list.essentialmeds.org/print/?format=pdf,active
75 µg/hour; 100 µg/hour,Oral > Solid: 100 to 800 µg sub-lingual tablet (as citrate); 200 to 1600 µg,WHO eEML,Global,,https://list.essentialmeds.org/print/?format=pdf,active
lozenge (as citrate),Oral > Other: 200 to 1200 µg buccal film (as citrate),WHO eEML,Global,,https://list.essentialmeds.org/print/?format=pdf,active
Antianaemia medicines Iron deficiency anaemia,Oral > Liquid: 25 mg per mL elemental iron; 9 mg per mL elemental iron | Oral > Solid > tablet: 60 to 65 mg elemental iron | Oral > Solid: 60 mg iron + 2.8 mg,WHO eEML,Global,,https://list.essentialmeds.org/print/?format=pdf,active
"Clefts of lip, alveolus or palate",Oral > Solid > tablet: 60 mg elemental iron + 400 µg tablet; 60 mg,WHO eEML,Global,,https://list.essentialmeds.org/print/?format=pdf,active
Gambiense trypanosomiasis,Oral > Solid: 600 mg,WHO eEML,Global,,https://list.essentialmeds.org/print/?format=pdf,active
Immunomodulators Acquired neutropaenia,Parenteral > General injections > SC: 120 µg per 0.2 mL in prefilled | Parenteral > General injections > SC: 6 mg per 0.6 mL in pre-filled syringe,WHO eEML,Global,,https://list.essentialmeds.org/print/?format=pdf,active
Immunomodulators for non-malignant disease Relapsing-remitting multiple sclerosis,Oral > Solid: 0.25 mg; 0.5 mg,WHO eEML,Global,,https://list.essentialmeds.org/print/?format=pdf,active
Enterobacterales,Parenteral > General injections > IV: 0.5 g in vial powder for injection; 1 g | Parenteral > General injections > IV: 500 mg + 500 mg + 250 mg powder,WHO eEML,Global,,https://list.essentialmeds.org/print/?format=pdf,active
Antifungal medicines Cryptococcosis,Parenteral > General injections > IV: 2 mg per mL in vial | Parenteral > General injections > IV: 2.5 g per 250 mL infusion | Oral > Solid: 250 mg capsule,WHO eEML,Global,,https://list.essentialmeds.org/print/?format=pdf,active
Candidosis,Oral > Liquid: 50 mg per 5 mL; 50 mg per 5 mL powder for oral liquid | Oral > Solid > capsule: 50 mg,WHO eEML,Global,,https://list.essentialmeds.org/print/?format=pdf,active
lymphocytic lymphoma,Parenteral > General injections > IV: 50 mg in vial (fludarabine | Oral > Solid: 140 mg | Oral > Solid > capsule: 80 mg,WHO eEML,Global,,https://list.essentialmeds.org/print/?format=pdf,active
phosphate) powder for injection,Oral > Solid: 10 mg tablet (fludarabine phosphate),WHO eEML,Global,,https://list.essentialmeds.org/print/?format=pdf,active
Adrenal hormones and synthetic substitutes Adrenocortical insufficiency,Oral > Liquid: 100 µg per mL | Oral > Solid > tablet: 100 µg (acetate) | Oral > Solid > tablet: 5 mg; 10 mg; 20 mg | Oral > Solid > granules: 0.5 mg in capsule; 1 mg in capsule; 2 mg in capsule; | Oral > Solid > tablet: 1 mg,WHO eEML,Global,,https://list.essentialmeds.org/print/?format=pdf,active
Dental medicines and preparations Dental caries,"Local > Dental > Gel: 2500 to 12500 ppm fluoride (any type) | Local > Dental > Toothpaste, cream or gel: 1000 to 1500 ppm fluoride | Local > Dental > Powder + liquid: Single-use capsules: 0.4 g powder + 0.09 | mL liquid; Multi-use bottle: powder + liquid | Local > Topical > Other: Single-use capsule or multi-use syringe | Local > Topical > Other: Single-use applicator or multi-use bottle | Local > Dental > Solution: 38% w/v",WHO eEML,Global,,https://list.essentialmeds.org/print/?format=pdf,active
(any type),Local > Dental > Mouthrinse: 230 to 900 ppm fluoride (any type) | Local > Dental > Varnish: 22500 ppm fluoride (any type),WHO eEML,Global,,https://list.essentialmeds.org/print/?format=pdf,active
Malignant neoplasms of nasopharynx,Parenteral > General injections > IV: 50 mg per mL in vial,WHO eEML,Global,,https://list.essentialmeds.org/print/?format=pdf,active
Antianaemia medicines Anencephaly or similar anomalies,Oral > Solid: 400 µg,WHO eEML,Global,,https://list.essentialmeds.org/print/?format=pdf,active
Spina bifida,Oral > Liquid: 1 mg per mL,WHO eEML,Global,,https://list.essentialmeds.org/print/?format=pdf,active
Cephalocele,Oral > Solid: 1 mg tablet; 5 mg tablet,WHO eEML,Global,,https://list.essentialmeds.org/print/?format=pdf,active
Blood and blood components Blood transfusion without reported diagnosis,Parenteral > General injections > IV:,WHO eEML,Global,,https://list.essentialmeds.org/print/?format=pdf,active
Hormones and antihormones Malignant neoplasms of breast,Parenteral > General injections > IV: 250 mg per 5 mL | Parenteral > General injections > IM: 7.5 mg in prefilled syringe; 22.5 mg,WHO eEML,Global,,https://list.essentialmeds.org/print/?format=pdf,active
mg per mL in 5 mL ampoule,Oral > Liquid: 20 mg per 5 mL; 50 mg per 5 mL | Oral > Solid > tablet: 40 mg; 20 mg,WHO eEML,Global,,https://list.essentialmeds.org/print/?format=pdf,active
Diuretics Anuria or oliguria,Parenteral > General injections > IV: 10 mg per mL in 2 mL ampoule; 10,WHO eEML,Global,,https://list.essentialmeds.org/print/?format=pdf,active
Non-opioids and non-steroidal anti-inflammatory medicines (NSAIMs) Neuropathic pain,Oral > Solid: 100 mg; 200 mg; 300 mg; 400 mg; 600 mg; 800 mg,WHO eEML,Global,,https://list.essentialmeds.org/print/?format=pdf,active
Cytotoxic medicines Other specified carcinomas of ovary,Parenteral > General injections > IV: 200 mg in vial powder for injection; 1,WHO eEML,Global,,https://list.essentialmeds.org/print/?format=pdf,active
40 mg per mL in pre-filled syringe,Parenteral > General injections > SC: 20 mg per mL; 40 mg per mL,WHO eEML,Global,,https://list.essentialmeds.org/print/?format=pdf,active
Disinfectants Glutaral nonmedicinal,Local > Topical > Solution: 2%,WHO eEML,Global,,https://list.essentialmeds.org/print/?format=pdf,active
Antifungal medicines Dermatophytosis,Oral > Liquid: 125 mg per 5 mL | Oral > Solid: 125 mg; 250 mg,WHO eEML,Global,,https://list.essentialmeds.org/print/?format=pdf,active
Oral > Liquid: 2 mg per mL,Oral > Solid: 0.5 mg; 2 mg; 5 mg | Parenteral > General injections > unspecified: 5 mg per mL in 1-mL | Parenteral > General injections > unspecified: 1 mg per mL in 5 mL vial; 5,WHO eEML,Global,,https://list.essentialmeds.org/print/?format=pdf,active
injection (hydrochloride),Oral > Solid: 50 mg tablet; 25 mg tablet (hydrochloride) | Oral > Solid: 50 mg (hydrochloride); 25 mg (hydrochloride),WHO eEML,Global,,https://list.essentialmeds.org/print/?format=pdf,active
Anti-inflammatory medicines Crohn disease site,Local > Rectal > Suppository: 25 mg (acetate) | Oral > Solid: 500 mg,WHO eEML,Global,,https://list.essentialmeds.org/print/?format=pdf,active
Ulcerative colitis,Local > Rectal > Retention enema: 100 mg per 60 mL | Dermatological medicines > Anti-inflammatory and antipruritic medicines Dermatitis or eczema | Local > Topical > Cream: 1% (acetate) | Local > Rectal > Suppository: 500 mg | Local > Rectal > Retention enema: 3 g per 100 mL,WHO eEML,Global,,https://list.essentialmeds.org/print/?format=pdf,active
Lichen planus,Local > Topical > Ointment: 1% (acetate),WHO eEML,Global,,https://list.essentialmeds.org/print/?format=pdf,active
deficiency,Parenteral > General injections > IM: 1 mg per mL in 1 mL ampoule (as,WHO eEML,Global,,https://list.essentialmeds.org/print/?format=pdf,active
Cytotoxic medicines Squamous cell carcinoma of oropharynx,Oral > Solid: 200 mg; 250 mg; 300 mg; 400 mg; 500 mg; 1 g,WHO eEML,Global,,https://list.essentialmeds.org/print/?format=pdf,active
Disease-modifying anti-rheumatic drugs (DMARDs) Systemic lupus erythematosus,Oral > Solid: 200 mg (as sulfate),WHO eEML,Global,,https://list.essentialmeds.org/print/?format=pdf,active
patch,Parenteral > General injections > unspecified: 400 µg per mL injection;,WHO eEML,Global,,https://list.essentialmeds.org/print/?format=pdf,active
Antiseptics Hypochlorite,Solution (aqueous): containing hypochlorous acid ≥ 150 parts per million,WHO eEML,Global,,https://list.essentialmeds.org/print/?format=pdf,active
Ophthalmological preparations Keratoconjunctivitis sicca,Local > Ophthalmological > Solution (eye drops): 0.3%,WHO eEML,Global,,https://list.essentialmeds.org/print/?format=pdf,active
Medicines administered to the neonate [c] Patent arterial duct,Parenteral > General injections > IV: 5 mg per mL,WHO eEML,Global,,https://list.essentialmeds.org/print/?format=pdf,active
Oral > Liquid: 100 mg per 5 mL; 200 mg per 5 mL,Oral > Solid > tablet: 200 mg; 400 mg,WHO eEML,Global,,https://list.essentialmeds.org/print/?format=pdf,active
ovary,Parenteral > General injections > IV: 500 mg in vial powder for injection; 1 | Oral > Solid: 400 mg; 600 mg | Parenteral > General injections > IV: 6 mg per mL,WHO eEML,Global,,https://list.essentialmeds.org/print/?format=pdf,active
g in vial powder for injection; 2 g in vial powder for injection Germ cell tumour of testis,Parenteral > General injections > IV: 1 g in vial powder for injection; 2 g in Ewing sarcoma of bone and articular cartilage,WHO eEML,Global,,https://list.essentialmeds.org/print/?format=pdf,active
Targeted therapies B lymphoblastic leukaemia or lymphoma with,t(9:22) (q34;q11.2); BCR-ABL1 | Oral > Solid: 100 mg; 400 mg,WHO eEML,Global,,https://list.essentialmeds.org/print/?format=pdf,active
for injection Carbapenem resistant Enterobacterales,Parenteral > General injections > IV: 500 mg (as monohydrate) + 500 mg Carbapenem-resistant Pseudomonas,WHO eEML,Global,,https://list.essentialmeds.org/print/?format=pdf,active
Insulins Type 2 diabetes mellitus,Parenteral > General injections > SC: 100 IU per mL in 3 mL cartridge | Parenteral > General injections > SC: 40 IU per mL in 10 mL vial as | Parenteral > General injections > SC: 40 IU per mL in 10 mL vial solution;,WHO eEML,Global,,https://list.essentialmeds.org/print/?format=pdf,active
Insulins Type 1 diabetes mellitus,Parenteral > General injections > SC: 100 IU per 1 mL in 10 mL vial; 100 | Parenteral > General injections > SC: 100 units per mL,WHO eEML,Global,,https://list.essentialmeds.org/print/?format=pdf,active
acting) for,Parenteral > General injections > SC: 100 IU per mL in 110 mL vial; 100 IU | Parenteral > General injections > SC: 100 IU per mL in 10 mL vial; 100 IU,WHO eEML,Global,,https://list.essentialmeds.org/print/?format=pdf,active
per mL in 3 mL cartridge; 100 IU per mL in 3 mL pre-filled pen Type 1 diabetes mellitus,"Parenteral > General injections > SC: 100 IU per mL in 10 mL vial; 100 IU Therapeutic equivalent to insulin (analogue, rapid-",WHO eEML,Global,,https://list.essentialmeds.org/print/?format=pdf,active
Peritoneal dialysis solution Care involving peritoneal dialysis,Solution: of appropriate composition in accordance with local clinical,WHO eEML,Global,,https://list.essentialmeds.org/print/?format=pdf,active
Vitamins and minerals Iodine deficiency,Parenteral > General injections > IM: 480 mg per mL in 10 mL ampoule or,WHO eEML,Global,,https://list.essentialmeds.org/print/?format=pdf,active
Thyroid hormones and antithyroid medicines Thyrotoxicosis,Oral > Liquid: 5% w/v + 10% w/v (aqueous) | Oral > Solid > tablet: 5 mg; 10 mg | Oral > Solid > tablet: 65 mg (scored) | Oral > Solid: 50 mg,WHO eEML,Global,,https://list.essentialmeds.org/print/?format=pdf,active
Antiasthmatic and medicines for chronic obstructive pulmonary disease Chronic obstructive pulmonary disease,Respiratory > Inhalation > solution: 20 µg per actuation in pressurized | Parenteral > General injections > IV: 500 µg per mL in 1 mL ampoule (as | Respiratory > Inhalation > powder: 18 µg in capsule | Respiratory > Inhalation > solution: 1.25 µg per actuation in soft mist,WHO eEML,Global,,https://list.essentialmeds.org/print/?format=pdf,active
intestine,Parenteral > General injections > IV: 40 mg per 2 mL in 2 mL vial; 100 mg | Parenteral > General injections > IV: 50 mg in vial powder for injection; | Parenteral > General injections > IV: 20 mg per mL in 5 mL vial,WHO eEML,Global,,https://list.essentialmeds.org/print/?format=pdf,active
Antituberculosis medicines Latent tuberculosis,Oral > Solid: 300 mg + 300 mg tablet (scored),WHO eEML,Global,,https://list.essentialmeds.org/print/?format=pdf,active
Antiarrhythmic medicines Bradycardia,Parenteral > General injections > IV: 20 µg per mL in ampoule,WHO eEML,Global,,https://list.essentialmeds.org/print/?format=pdf,active
Antifungal medicines Chronic pulmonary aspergillosis,Oral > Liquid: 10 mg per mL | Parenteral > General injections > IV: 200 mg in vial powder for injection,WHO eEML,Global,,https://list.essentialmeds.org/print/?format=pdf,active
Chromoblastomycosis,Oral > Solid: 100 mg,WHO eEML,Global,,https://list.essentialmeds.org/print/?format=pdf,active
Oral > Solid > tablet: 75 mg; 150 mg,Oral > Solid > granules: 59.5 mg; 75 mg,WHO eEML,Global,,https://list.essentialmeds.org/print/?format=pdf,active
Intestinal anthelminthics Strongyloidiasis,Oral > Solid > tablet: 3 mg,WHO eEML,Global,,https://list.essentialmeds.org/print/?format=pdf,active
Intestinal anthelminthics Ascariasis,Oral > Solid > tablet: 50 mg (as hydrochloride); 150 mg (as hydrochloride) | Oral > Solid > tablet: 100 mg (chewable); 500 mg (chewable) | Oral > Solid > tablet: 250 mg (chewable) (as embonate or pamoate),WHO eEML,Global,,https://list.essentialmeds.org/print/?format=pdf,active
Status epilepticus,Oral > Solid > tablet: 250 mg; 500 mg; 750 mg; 1000 mg | Parenteral > General injections > IV: 100 mg per mL in 5 mL ampoule or | Oral > Solid: 200 mg tablet (enteric-coated); 500 mg tablet (enteric-,WHO eEML,Global,,https://list.essentialmeds.org/print/?format=pdf,active
Thyroid hormones and antithyroid medicines Hypothyroidism,Oral > Solid: 50 µg (sodium salt); 100 µg (sodium salt); 25 µg (sodium salt),WHO eEML,Global,,https://list.essentialmeds.org/print/?format=pdf,active
Antiarrhythmic medicines Ventricular tachyarrhythmia,Parenteral > General injections > IV: 20 mg per mL in 5 mL ampoule,WHO eEML,Global,,https://list.essentialmeds.org/print/?format=pdf,active
ampoule (hydrochloride) + 7.5% glucose solution,Parenteral > Locoregional injections > Other: 1% (hydrochloride); 2%,WHO eEML,Global,,https://list.essentialmeds.org/print/?format=pdf,active
(hydrochloride); 0.5% (hydrochloride),Local > Topical > unspecified: 2 to 4% (hydrochloride),WHO eEML,Global,,https://list.essentialmeds.org/print/?format=pdf,active
Methicillin resistant Staphylococcus aureus,Oral > Liquid: 100 mg per 5 mL powder for oral liquid,WHO eEML,Global,,https://list.essentialmeds.org/print/?format=pdf,active
Vancomycin resistant Staphylococcus aureus,Oral > Solid: 400 mg tablet; 600 mg tablet,WHO eEML,Global,,https://list.essentialmeds.org/print/?format=pdf,active
Vancomycin resistant Enterococcus,Oral > Solid > dispersible tablet: 150 mg | Oral > Solid > tablet: 600 mg,WHO eEML,Global,,https://list.essentialmeds.org/print/?format=pdf,active
tablet (heat-stable),Oral > Solid > dosage form: 40 mg + 10 mg,WHO eEML,Global,,https://list.essentialmeds.org/print/?format=pdf,active
Antiseizure medicines Status epilepticus,Parenteral > General injections > IV: 2 mg per mL in 1 mL ampoule; 4 mg | Parenteral > General injections > unspecified: 1 mg per mL in 5 mL vial | Parenteral > General injections > IV: 200 mg per mL (phenobarbital,WHO eEML,Global,,https://list.essentialmeds.org/print/?format=pdf,active
Antiseizure medicines Severe pre-eclampsia,Parenteral > General injections > IV: 500 mg per mL in 2 mL ampoule,WHO eEML,Global,,https://list.essentialmeds.org/print/?format=pdf,active
(equivalent to 1 g in 2 mL; 50% weight/volume),Parenteral > General injections > IM: 500 mg per mL in 10 mL ampoule,WHO eEML,Global,,https://list.essentialmeds.org/print/?format=pdf,active
Diuretics Ocular hypertension,Parenteral > General injections > IV: 10% solution; 20% solution,WHO eEML,Global,,https://list.essentialmeds.org/print/?format=pdf,active
Progestogens Excessive menstruation with irregular cycle,Oral > Solid: 5 mg,WHO eEML,Global,,https://list.essentialmeds.org/print/?format=pdf,active
Cytotoxic medicines Plasma cell myeloma,Parenteral > General injections > IV: 50 mg in vial powder for injection | Oral > Solid: 2 mg,WHO eEML,Global,,https://list.essentialmeds.org/print/?format=pdf,active
Langerhans cell histiocytosis,Oral > Liquid: 20 mg per mL,WHO eEML,Global,,https://list.essentialmeds.org/print/?format=pdf,active
other specified sites,Parenteral > General injections > IV: 100 mg per mL in 4 mL ampoule; 100,WHO eEML,Global,,https://list.essentialmeds.org/print/?format=pdf,active
mg per mL in 10 mL ampoule; 100 mg per mL in 2 mL ampoule Burkitt lymphoma including Burkitt leukaemia,Oral > Solid > tablet: 400 mg; 600 mg Ewing sarcoma of bone and articular cartilage,WHO eEML,Global,,https://list.essentialmeds.org/print/?format=pdf,active
"Malignant neoplasms of kidney, except renal",Oral > Solid > tablet: 400 mg pelvis,WHO eEML,Global,,https://list.essentialmeds.org/print/?format=pdf,active
(methadone hydrochloride),Oral > Solid > tablet: 5 mg (methadone hydrochloride); 10 mg,WHO eEML,Global,,https://list.essentialmeds.org/print/?format=pdf,active
Immunomodulators for non-malignant disease Crohn disease site,Parenteral > General injections > SC: pre-filled syringe in multiple,WHO eEML,Global,,https://list.essentialmeds.org/print/?format=pdf,active
extended-release (hydrochloride),Oral > Solid > capsule: 10 to 60 mg extended-release (hydrochloride),WHO eEML,Global,,https://list.essentialmeds.org/print/?format=pdf,active
Hormones and antihormones Burkitt lymphoma including Burkitt leukaemia,Parenteral > General injections > IV: 40 mg in vial (as sodium succinate);,WHO eEML,Global,,https://list.essentialmeds.org/print/?format=pdf,active
125 mg in vial (as sodium succinate),Parenteral > General injections > IV: 40 mg in vial (as sodium succinate),WHO eEML,Global,,https://list.essentialmeds.org/print/?format=pdf,active
Oral > Liquid: 5 mg per 5 mL,Oral > Solid: 10 mg (hydrochloride) | Parenteral > General injections > unspecified: 5 mg per mL in 2 mL,WHO eEML,Global,,https://list.essentialmeds.org/print/?format=pdf,active
difficile,Oral > Solid: 200 to 500 mg tablet,WHO eEML,Global,,https://list.essentialmeds.org/print/?format=pdf,active
Trichomoniasis,Parenteral > General injections > unspecified: 500 mg per 100 mL in vial,WHO eEML,Global,,https://list.essentialmeds.org/print/?format=pdf,active
Other specified prophylactic measures,Local > Rectal > Suppository: 500 mg; 1 g,WHO eEML,Global,,https://list.essentialmeds.org/print/?format=pdf,active
Peritonitis (severe),Oral > Solid > tablet: 200 mg; 250 mg; 400 mg; 500 mg,WHO eEML,Global,,https://list.essentialmeds.org/print/?format=pdf,active
Antifungal medicines Systemic or invasive candidosis,Parenteral > General injections > IV: 50 mg in vial (as sodium) powder for,WHO eEML,Global,,https://list.essentialmeds.org/print/?format=pdf,active
administration); 5 mg per mL in 3 mL vial (for buccal administration),Local > Buccal > Solution: 5 mg per mL in 0.5 mL pre-filled syringe (for,WHO eEML,Global,,https://list.essentialmeds.org/print/?format=pdf,active
Preoperative medication and sedation for short-term procedures Sedative-hypnotic and anxiolytic drugs,Parenteral > General injections > IV: 1 mg per mL in 5 vial; 5 mg per mL in,WHO eEML,Global,,https://list.essentialmeds.org/print/?format=pdf,active
1 mL vial; 5 mg per mL in 3 mL vial,Oral > Liquid: 2 mg per mL | Oral > Solid > dosage form: 15 mg; 7.5 mg,WHO eEML,Global,,https://list.essentialmeds.org/print/?format=pdf,active
mg per mL in 1 mL vial; 5 mg per mL in 3 mL vial,Local > Buccal > Solution: ; 5 mg per mL in 0.5 mL pre-filled syringe (for,WHO eEML,Global,,https://list.essentialmeds.org/print/?format=pdf,active
syringe (for oromucosal administration),Oral > Solid > dosage form: 7.5 mg; 15 mg,WHO eEML,Global,,https://list.essentialmeds.org/print/?format=pdf,active
specified,Oral > Solid > tablet: 200 mg + 200 µg; 200 mg [1] + 200 µg [4] in co-,WHO eEML,Global,,https://list.essentialmeds.org/print/?format=pdf,active
Uterotonics Unspecified obstetric condition,Local > Vaginal > tablet: 25 µg,WHO eEML,Global,,https://list.essentialmeds.org/print/?format=pdf,active
Postpartum haemorrhage,Oral > Solid: 200 µg,WHO eEML,Global,,https://list.essentialmeds.org/print/?format=pdf,active
complication,Oral > Solid > tablet: 200 µg,WHO eEML,Global,,https://list.essentialmeds.org/print/?format=pdf,active
affecting opioid receptors,Parenteral > General injections > IV: 1 mg in 1 mL ampoule (morphine,WHO eEML,Global,,https://list.essentialmeds.org/print/?format=pdf,active
sulfate); 5 mg per 5 mL (morphine hydrochloride or morphine sulfate),Parenteral > General injections > unspecified: 1 mg per mL in 1 mL,WHO eEML,Global,,https://list.essentialmeds.org/print/?format=pdf,active
in 1 mL ampoule (morphine hydrochloride or morphine sulfate),Oral > Solid > tablet: 10 mg immediate release (morphine sulfate) | Oral > Solid > dosage form: 5 mg slow-release (morphine hydrochloride or,WHO eEML,Global,,https://list.essentialmeds.org/print/?format=pdf,active
morphine sulfate),Oral > Solid > granules: 20 mg (morphine sulfate); 30 mg (morphine,WHO eEML,Global,,https://list.essentialmeds.org/print/?format=pdf,active
Vitamins and minerals Iron deficiency anaemia,Sachets containing:,WHO eEML,Global,,https://list.essentialmeds.org/print/?format=pdf,active
predominantly related to pregnancy,Tablet containing: | Vit A: 800 mcg retinol activity equivalent | Vit C: 70 mg | Vit D: 5 mcg (200 IU) | Vit E: 10 mg alpha tocopherol equivalent | Vit B1: 1.4 mg | Vit B2: 1.4 mg | Vit B3: 18 mg niacin equivalent | Vit B6: 1.9 mg | Folic acid: 400 mcg | Vit B12: 2.6 mcg | Iron: 30 mg | Iodine: 150 mcg | Zinc: 15 mg | Selenium: 65 mcg | Copper: 2 mg,WHO eEML,Global,,https://list.essentialmeds.org/print/?format=pdf,active
Impetigo,Local > Topical > Ointment: 2%,WHO eEML,Global,,https://list.essentialmeds.org/print/?format=pdf,active
Anti-infective medicines Shigella resistant to unspecified antibiotic,Oral > Solid: 250 mg; 500 mg,WHO eEML,Global,,https://list.essentialmeds.org/print/?format=pdf,active
opioids or related analgesics,Parenteral > General injections > unspecified: 400 µg per 1 mL in ampoule,WHO eEML,Global,,https://list.essentialmeds.org/print/?format=pdf,active
Parenteral > General injections > IM: 380 mg in vial (extended-release),Oral > Solid > tablet: 50 mg,WHO eEML,Global,,https://list.essentialmeds.org/print/?format=pdf,active
(neostigmine metilsulfate),Oral > Solid > tablet: 15 mg (neostigmine bromide),WHO eEML,Global,,https://list.essentialmeds.org/print/?format=pdf,active
Muscle relaxants (peripherally-acting) and cholinesterase inhibitors Myasthenia gravis,Parenteral > General injections > unspecified: 0.5 mg per mL in 1 mL | Parenteral > General injections > IV: 5 mg per mL in ampoule or vial,WHO eEML,Global,,https://list.essentialmeds.org/print/?format=pdf,active
Intestinal anthelminthics Hymenolepiasis,Oral > Solid: 500 mg tablet (chewable),WHO eEML,Global,,https://list.essentialmeds.org/print/?format=pdf,active
Vitamins and minerals Pellagra,Oral > Solid: 50 mg,WHO eEML,Global,,https://list.essentialmeds.org/print/?format=pdf,active
per 24 hour,Oral > Solid > lozenge: 2 mg; 4 mg lozenge | Local > Buccal > Oral spray: 1 mg per actuation | Local > Buccal > Chewing gum: 2 mg; 4 mg,WHO eEML,Global,,https://list.essentialmeds.org/print/?format=pdf,active
Antioxytocics (tocolytics) Preterm labour without delivery,Oral > Solid: 10 mg (immediate-release),WHO eEML,Global,,https://list.essentialmeds.org/print/?format=pdf,active
infusion; 10 mg per mL in 24 mL vial concentrate solution for infusion pelvis,Parenteral > General injections > IV: 10 mg per mL in 24 mL vial Squamous cell carcinoma of oesophagus,WHO eEML,Global,,https://list.essentialmeds.org/print/?format=pdf,active
Human immunoglobulins Primary immunodeficiencies,Parenteral > General injections > IV: 5% protein solution; 10% protein,WHO eEML,Global,,https://list.essentialmeds.org/print/?format=pdf,active
polyneuropathy,Parenteral > General injections > IV: 5% protein solution; 10% protein,WHO eEML,Global,,https://list.essentialmeds.org/print/?format=pdf,active
Antifungal medicines Candidosis,Oral > Liquid: 100000 IU per mL | Local > Topical > Other: 100000 IU pessary | Oral > Solid > dosage form: 500000 IU | Oral > Solid > lozenge: 100000 IU,WHO eEML,Global,,https://list.essentialmeds.org/print/?format=pdf,active
Multiple sclerosis,Parenteral > General injections > IV: 30 mg per mL in 10 vial concentrate,WHO eEML,Global,,https://list.essentialmeds.org/print/?format=pdf,active
acetate) plus diluent,Parenteral > General injections > SC: 0.05 mg per mL in 1 mL vial,WHO eEML,Global,,https://list.essentialmeds.org/print/?format=pdf,active
Infectious diseases of external ear,Ophthalmological preparations > Anti-infective agents Other specified conjunctivitis | Local > Ophthalmological > Solution (eye drops): 0.3%,WHO eEML,Global,,https://list.essentialmeds.org/print/?format=pdf,active
Reserve group antibiotics Methicillin resistant Staphylococcus aureus,Parenteral > General injections > IV: 100 mg lyophilized powder for,WHO eEML,Global,,https://list.essentialmeds.org/print/?format=pdf,active
Antiulcer medicines Gastrointestinal bleeding,Parenteral > General injections > IV: 40 mg in vial,WHO eEML,Global,,https://list.essentialmeds.org/print/?format=pdf,active
"Peptic ulcer, site unspecified",Oral > Liquid: 1 mg per mL powder for oral liquid; 4 mg per mL powder for | Oral > Solid: 150 mg (as hydrochloride) | Parenteral > General injections > unspecified: 25 mg per mL in 2 mL,WHO eEML,Global,,https://list.essentialmeds.org/print/?format=pdf,active
oral liquid,Oral > Solid > dosage form: 10 mg; 20 mg; 40 mg,WHO eEML,Global,,https://list.essentialmeds.org/print/?format=pdf,active
dihydrate),Oral > Liquid: 4 mg per 5 mL (as hydrochloride dihydrate) | Oral > Solid: 4 mg (as hydrochloride dihydrate); 8 mg (as hydrochloride,WHO eEML,Global,,https://list.essentialmeds.org/print/?format=pdf,active
hydrochloride dihydrate); 2 mg per mL in 4 mL ampoule,Oral > Liquid: 4 mg per 5 mL (as hydrochloride dihydrate) | Oral > Solid > dosage form: 4 mg (as hydrochloride dihydrate); 8 mg (as,WHO eEML,Global,,https://list.essentialmeds.org/print/?format=pdf,active
acid-base balance,"Powder for dilution in 200 mL, 500 mL, 1 L:",WHO eEML,Global,,https://list.essentialmeds.org/print/?format=pdf,active
Oral rehydration Diarrhoea,"Powder for dilution in 200 mL, 500 mL, 1 L:",WHO eEML,Global,,https://list.essentialmeds.org/print/?format=pdf,active
Medicines used in diarrhoea Diarrhoea,Oral > Other: ORS powder for dilution and zinc sulfate dispersible tablet,WHO eEML,Global,,https://list.essentialmeds.org/print/?format=pdf,active
virus,Oral > Liquid: 6 mg per mL (as phosphate) powder for oral liquid | Oral > Solid: 30 mg capsule (as phosphate); 45 mg capsule (as phosphate);,WHO eEML,Global,,https://list.essentialmeds.org/print/?format=pdf,active
Antischistosomals and other antitrematode medicines Schistosomiasis due to Schistosoma mansoni,Oral > Liquid: 250 mg per 5 mL | Oral > Solid > capsule: 250 mg,WHO eEML,Global,,https://list.essentialmeds.org/print/?format=pdf,active
Medical gases Respiratory failure as acute or chronic,Respiratory > Inhalation:,WHO eEML,Global,,https://list.essentialmeds.org/print/?format=pdf,active
Targeted therapies Other specified malignant neoplasms of breast,Oral > Solid: 75 mg; 100 mg; 125 mg,WHO eEML,Global,,https://list.essentialmeds.org/print/?format=pdf,active
Gastrointestinal medicines Enzyme intestinal,Capsule (modified release): 10 000 lipase units + 8000 amylase units +,WHO eEML,Global,,https://list.essentialmeds.org/print/?format=pdf,active
Oral > Liquid: 125 mg per 5 mL; 120 mg per 5 mL; 250 mg per 5 mL,Local > Rectal > Suppository: 250 mg | Oral > Solid > dispersible tablet: 100 mg; 250 mg | Oral > Solid > tablet: 250 mg; 325 mg; 500 mg,WHO eEML,Global,,https://list.essentialmeds.org/print/?format=pdf,active
Immunomodulators Melanoma of skin,Parenteral > General injections > IV: 25 mg per mL in 4 mL vial,WHO eEML,Global,,https://list.essentialmeds.org/print/?format=pdf,active
Malignant neoplasms of cervix uteri,Parenteral > General injections > IV: 25 mg per mL in 4 mL vial powder for,WHO eEML,Global,,https://list.essentialmeds.org/print/?format=pdf,active
injection intestine,Parenteral > General injections > IV: 25 mg per mL in 4 mL vial Other specified malignant neoplasms of,WHO eEML,Global,,https://list.essentialmeds.org/print/?format=pdf,active
Antipneumocystosis and antitoxoplasmosis medicines Pneumocystosis,Oral > Solid > tablet: 200 mg (as isethionate); 300 mg (as isethionate) | Parenteral > General injections > IV: 80 mg + 16 mg per mL in 5 mL,WHO eEML,Global,,https://list.essentialmeds.org/print/?format=pdf,active
Pediculosis capitis,Local > Topical > Cream: 5%,WHO eEML,Global,,https://list.essentialmeds.org/print/?format=pdf,active
"Targeted therapies Carcinoma of breast, specialised type",Parenteral > General injections > IV: 240 mg per 14 mL in vial | Parenteral > General injections > IV: 60 mg in vial powder for injection; | Parenteral > General injections > IV: 100 mg in vial powder for injection;,WHO eEML,Global,,https://list.essentialmeds.org/print/?format=pdf,active
(phenobarbital sodium),Oral > Liquid: 15 mg per 5 mL | Oral > Solid > tablet: 15 mg; 30 mg; 60 mg; 100 mg,WHO eEML,Global,,https://list.essentialmeds.org/print/?format=pdf,active
(phenytoin sodium),Oral > Solid > tablet: 50 mg (phenytoin) (chewable) | Oral > Solid > dosage form: 25 mg (phenytoin sodium); 50 mg (phenytoin,WHO eEML,Global,,https://list.essentialmeds.org/print/?format=pdf,active
Oral > Other: 500 mg in sachet (elemental phosphorus) granules,Oral > Solid > tablet: 250 mg (elemental phosphorus); 500 mg (elemental,WHO eEML,Global,,https://list.essentialmeds.org/print/?format=pdf,active
anticoagulants or coagulation factors inhibitors,Parenteral > General injections > IV: 1 mg per 0.5 mL in ampoule; 10 mg | Parenteral > General injections > IV: 10 mg per mL in 5 mL ampoule or vial,WHO eEML,Global,,https://list.essentialmeds.org/print/?format=pdf,active
mixed micelle solution; 10 mg per mL in ampoule mixed micelle solution,Oral > Solid > tablet: 5 mg tablet,WHO eEML,Global,,https://list.essentialmeds.org/print/?format=pdf,active
baumannii,Parenteral > General injections > IV: 500 mg per 10 mL | Parenteral > General injections > IV: 500000 IU in vial powder for,WHO eEML,Global,,https://list.essentialmeds.org/print/?format=pdf,active
Plantar warts,Local > Topical > Solution: 10 to 25%,WHO eEML,Global,,https://list.essentialmeds.org/print/?format=pdf,active
Hypovolaemia,Parenteral > General injections > IV: 3.5% in solution,WHO eEML,Global,,https://list.essentialmeds.org/print/?format=pdf,active
Antifungal medicines Sporotrichosis,Local > Topical > Solution: Saturated solution,WHO eEML,Global,,https://list.essentialmeds.org/print/?format=pdf,active
Antiseptics Povidone iodine,Local > Topical > Solution: 10% (equivalent to 1% available iodine),WHO eEML,Global,,https://list.essentialmeds.org/print/?format=pdf,active
Antischistosomals and other antitrematode medicines Paragonimiasis,Oral > Solid > tablet: 600 mg (scored); 500 mg; 150 mg | Oral > Solid > tablet: 250 mg (scored),WHO eEML,Global,,https://list.essentialmeds.org/print/?format=pdf,active
Intestinal anthelminthics Taeniasis due to Taenia saginata,Oral > Solid > tablet: 600 mg (scored); 500 mg; 150 mg,WHO eEML,Global,,https://list.essentialmeds.org/print/?format=pdf,active
Cysticidal medicines Cysticercosis of central nervous system,Oral > Solid > tablet: 600 mg (scored); 500 mg; 150 mg,WHO eEML,Global,,https://list.essentialmeds.org/print/?format=pdf,active
Anti-inflammatory medicines Therapeutic equivalent to hydrocortisone for,Local > Rectal > Retention enema:,WHO eEML,Global,,https://list.essentialmeds.org/print/?format=pdf,active
Crohn disease site,Local > Rectal > Retention enema: 20 mg per 100 mL (as sodium,WHO eEML,Global,,https://list.essentialmeds.org/print/?format=pdf,active
Adrenal hormones and synthetic substitutes Therapeutic equivalent to prednisolone for,Oral > Solid > tablet: 1 mg,WHO eEML,Global,,https://list.essentialmeds.org/print/?format=pdf,active
Hodgkin lymphoma,Oral > Solid > capsule: 50 mg (as hydrochloride) | Parenteral > General injections > IV: 100 mg per 10 mL contentrate for,WHO eEML,Global,,https://list.essentialmeds.org/print/?format=pdf,active
(pyridostigmine bromide),Oral > Solid > tablet: 60 mg scored (pyridostigmine bromide),WHO eEML,Global,,https://list.essentialmeds.org/print/?format=pdf,active
Vitamins and minerals Other specified polyneuropathy,Oral > Solid > tablet: 25 mg (hydrochloride); 10 mg (hydrochloride),WHO eEML,Global,,https://list.essentialmeds.org/print/?format=pdf,active
Antipneumocystosis and antitoxoplasmosis medicines Toxoplasmosis,Oral > Solid: 25 mg | Oral > Solid: 500 mg,WHO eEML,Global,,https://list.essentialmeds.org/print/?format=pdf,active
Antiulcer medicines Gastro-oesophageal reflux disease,Oral > Liquid: 75 mg per 5 mL (as hydrochloride),WHO eEML,Global,,https://list.essentialmeds.org/print/?format=pdf,active
Vitamins and minerals Vitamin A deficiency,Parenteral > General injections > IM: 50000 IU per mL in 2 mL ampoule or,WHO eEML,Global,,https://list.essentialmeds.org/print/?format=pdf,active
vial water-miscible (as palmitate),Oral > Liquid: 100000 IU per mL (as palmitate or acetate) | Oral > Solid > capsule: 200000 IU (as palmitate or acetate) soft capsule;,WHO eEML,Global,,https://list.essentialmeds.org/print/?format=pdf,active
buffer solution; 800 mg per 10 mL phosphate buffer solution,Oral > Solid: 200 mg; 400 mg; 600 mg,WHO eEML,Global,,https://list.essentialmeds.org/print/?format=pdf,active
Vitamins and minerals Vitamin B2 deficiency,Oral > Solid: 5 mg,WHO eEML,Global,,https://list.essentialmeds.org/print/?format=pdf,active
Other specified tuberculosis,Oral > Solid: 150 mg; 300 mg | Parenteral > General injections > IV: 600 mg in vial powder for injection,WHO eEML,Global,,https://list.essentialmeds.org/print/?format=pdf,active
Latent tuberculosis,Oral > Solid > dispersible tablet: 150 mg,WHO eEML,Global,,https://list.essentialmeds.org/print/?format=pdf,active
Oral > Liquid: 0.75 mg per mL powder for oral liquid,Oral > Solid > dispersible tablet: 5 mg,WHO eEML,Global,,https://list.essentialmeds.org/print/?format=pdf,active
Targeted therapies Follicular lymphoma,Parenteral > General injections > IV: 100 mg per 10 mL in 10 mL vial; 500,WHO eEML,Global,,https://list.essentialmeds.org/print/?format=pdf,active
sulfate); 500 µg per mL in 5 mL ampoule (as sulfate),Respiratory > Inhalation > solution: 100 µg per actuation in pressurized,WHO eEML,Global,,https://list.essentialmeds.org/print/?format=pdf,active
Hypoglycaemic agents Obesity,Parenteral > General injections > SC: 0.25 mg in pre-filled pen injection,WHO eEML,Global,,https://list.essentialmeds.org/print/?format=pdf,active
filled pen injection solution,Oral > Solid > tablet: 3 mg | Parenteral > General injections > SC: 0.68 mg per mL; 1.34 mg per mL;,WHO eEML,Global,,https://list.essentialmeds.org/print/?format=pdf,active
Laxatives Constipation,Oral > Solid: 7.5 mg (sennosides) (or traditional dosage forms),WHO eEML,Global,,https://list.essentialmeds.org/print/?format=pdf,active
Lipid-lowering agents Mixed hyperlipidaemia,Oral > Solid: 5 mg; 10 mg; 20 mg; 40 mg,WHO eEML,Global,,https://list.essentialmeds.org/print/?format=pdf,active
Antihypertensive medicines Hypertensive crisis,Parenteral > General injections > IV: 50 mg in ampoule powder for,WHO eEML,Global,,https://list.essentialmeds.org/print/?format=pdf,active
Ascites,Oral > Solid > tablet: 25 mg; 12.5 mg,WHO eEML,Global,,https://list.essentialmeds.org/print/?format=pdf,active
Thrombolytic medicines Acute myocardial infarction,Parenteral > General injections > IV: 1.5 million IU in vial powder for,WHO eEML,Global,,https://list.essentialmeds.org/print/?format=pdf,active
Anti-infective medicines Bacterial infection of unspecified site,Oral > Solid: 500 mg | Parenteral > General injections > unspecified: 250 mg in 4 mL ampoule | Oral > Liquid: 500 mg per 5 mL | Parenteral > General injections > unspecified: 1 g in 3 mL ampoule,WHO eEML,Global,,https://list.essentialmeds.org/print/?format=pdf,active
mg tablet,Oral > Solid > dispersible tablet: 100 mg + 20 mg,WHO eEML,Global,,https://list.essentialmeds.org/print/?format=pdf,active
ampoule; 80 mg + 16 mg per mL in 10 mL ampoule,Oral > Liquid: 200 mg + 40 mg per 5 mL oral liquid | Oral > Solid: 100 mg + 20 mg tablet; 400 mg + 80 mg tablet; 800 mg + 160,WHO eEML,Global,,https://list.essentialmeds.org/print/?format=pdf,active
50.,Dermatological medicines > Sunscreens Albinism or other specified genetically-,WHO eEML,Global,,https://list.essentialmeds.org/print/?format=pdf,active
determined hypomelanotic disorders,Topical:,WHO eEML,Global,,https://list.essentialmeds.org/print/?format=pdf,active
Antifilarials Filariasis,Parenteral > General injections > IV: 1 g in vial,WHO eEML,Global,,https://list.essentialmeds.org/print/?format=pdf,active
suspension,Oral > Solid: 0.5 mg (immediate-release); 0.75 mg (immediate-release); 1,WHO eEML,Global,,https://list.essentialmeds.org/print/?format=pdf,active
Other specified gliomas of brain,Oral > Solid > capsule: 5 mg; 20 mg; 100 mg; 140 mg; 180 mg; 250 mg | Parenteral > General injections > IV: 10 mg in vial (vinblastine sulfate); 10,WHO eEML,Global,,https://list.essentialmeds.org/print/?format=pdf,active
immunodeficiency virus,Medicines for hepatitis B > Nucleoside/Nucleotide reverse transcriptase Chronic hepatitis B,WHO eEML,Global,,https://list.essentialmeds.org/print/?format=pdf,active
Access group antibiotics Bacterial infection of unspecified site,Oral > Solid: 250 mg (hydrochloride) | Ophthalmological preparations > Anti-infective agents Neonatal conjunctivitis or dacryocystitis | Local > Ophthalmological > Ointment: 1% (tetracycline hydrochloride),WHO eEML,Global,,https://list.essentialmeds.org/print/?format=pdf,active
Vitamins and minerals Vitamin B1 deficiency,Parenteral > General injections > IV: 50 mg per mL in ampoule or vial,WHO eEML,Global,,https://list.essentialmeds.org/print/?format=pdf,active
Immunomodulators Malignant neoplasms of urinary tract,Parenteral > General injections > IV: 100 mg per 10 mL,WHO eEML,Global,,https://list.essentialmeds.org/print/?format=pdf,active
solution for infusion bronchus or lung,Parenteral > General injections > IV: 100 mg per 10 mL concentrate for Squamous cell carcinoma of oesophagus,WHO eEML,Global,,https://list.essentialmeds.org/print/?format=pdf,active
mL in vial; 400 mg per 20 mL in vial,Parenteral > General injections > SC: 162 mg per 0.9 mL in pre-filled,WHO eEML,Global,,https://list.essentialmeds.org/print/?format=pdf,active
Immunomodulators Malignant neoplasms of nasopharynx,Parenteral > General injections > IV: 240 mg per 6 mL in vial,WHO eEML,Global,,https://list.essentialmeds.org/print/?format=pdf,active
release; 400 mg (hydrochloride) controlled release,Parenteral > General injections > unspecified: 50 mg per mL in 2 mL,WHO eEML,Global,,https://list.essentialmeds.org/print/?format=pdf,active
"Medicines affecting coagulation Haemorrhage, not elsewhere classified",Parenteral > General injections > IV: 100 mg per mL in 10 mL ampoule,WHO eEML,Global,,https://list.essentialmeds.org/print/?format=pdf,active
Other medicines administered to the mother Postpartum haemorrhage,Parenteral > General injections > IV: 100 mg per mL in 10 mL ampoule,WHO eEML,Global,,https://list.essentialmeds.org/print/?format=pdf,active
Other antivirals Cytomegaloviral retinitis,Oral > Liquid: 50 mg per mL (as hydrochloride) powder for oral solution | Oral > Solid > tablet: 450 mg (as hydrochloride),WHO eEML,Global,,https://list.essentialmeds.org/print/?format=pdf,active
coated); 100 mg tablet (crushable),Parenteral > General injections > IV: 100 mg per mL in 4 mL ampoule; 100,WHO eEML,Global,,https://list.essentialmeds.org/print/?format=pdf,active
powder for injection co-prescribed with ceftazidime,Oral > Solid > capsule: 125 mg (as hydrochloride); 250 mg (as Endophthalmitis,WHO eEML,Global,,https://list.essentialmeds.org/print/?format=pdf,active
co-prescribed with ceftriaxone,Parenteral > General injections > IV: 250 mg in vial (as hydrochloride),WHO eEML,Global,,https://list.essentialmeds.org/print/?format=pdf,active
Neutropenia (high-risk),Parenteral > Locoregional injections > Intravitreal: 250 mg in vial (as,WHO eEML,Global,,https://list.essentialmeds.org/print/?format=pdf,active
Antiarrhythmic medicines Supraventricular tachyarrhythmia,Parenteral > General injections > IV: 2.5 mg per mL in 2 mL ampoule,WHO eEML,Global,,https://list.essentialmeds.org/print/?format=pdf,active
in vial (vincristine sulfate) Other specified gliomas of brain,Parenteral > General injections > IV: 1 mg in vial (vincristine sulfate); 5 mg Malignant trophoblastic neoplasms of placenta,WHO eEML,Global,,https://list.essentialmeds.org/print/?format=pdf,active
mL in 5 mL vial Other specified malignant neoplasms of breast,Parenteral > General injections > IV: 10 mg per mL in 1 mL vial; 10 mg per Rhabdomyosarcoma primary site,WHO eEML,Global,,https://list.essentialmeds.org/print/?format=pdf,active
mL in 5 mL vial,Oral > Solid > capsule: 20 mg; 30 mg; 80 mg,WHO eEML,Global,,https://list.essentialmeds.org/print/?format=pdf,active
Invasive aspergillosis,Oral > Liquid: 40 mg per mL powder for oral liquid | Oral > Solid: 50 mg tablet; 200 mg tablet,WHO eEML,Global,,https://list.essentialmeds.org/print/?format=pdf,active
arterioles,Oral > Solid > tablet: 5 mg (scored) (sodium); 1 mg (scored) (sodium); 2 mg,WHO eEML,Global,,https://list.essentialmeds.org/print/?format=pdf,active
(scored) (sodium); 0.5 mg (scored) (sodium); 3 mg (scored) (sodium) Venous thromboembolism,Oral > Solid > tablet: 5 mg (scored) (sodium); 1 mg (scored) (sodium); 2 mg Cerebral ischaemic stroke due to embolic,WHO eEML,Global,,https://list.essentialmeds.org/print/?format=pdf,active
Miscellaneous,Parenteral > General injections > unspecified: 2 mL ampoule; 5 mL,WHO eEML,Global,,https://list.essentialmeds.org/print/?format=pdf,active
"Ear, nose and throat medicines [c] Nasal congestion",Local > Nasal > Spray: 0.05% equivalent to 0.5 mg per mL | Local > Nasal > Drops: 0.05% equivalent to 0.5 mg per mL,WHO eEML,Global,,https://list.essentialmeds.org/print/?format=pdf,active
Targeted therapies Mantle cell lymphoma,Oral > Solid: 80 mg,WHO eEML,Global,,https://list.essentialmeds.org/print/?format=pdf,active
for IV infusion,Oral > Liquid: 50 mg per 5 mL | Oral > Solid > tablet: 300 mg | Oral > Solid > capsule: 250 mg,WHO eEML,Global,,https://list.essentialmeds.org/print/?format=pdf,active
marrow,Parenteral > General injections > IV: 4 mg per 5 mL in 5 mL vial; 4 mg per,WHO eEML,Global,,https://list.essentialmeds.org/print/?format=pdf,active
