symptoms,age,gender,disease
vomiting nausea diarrhea,72,male,gastroenteritis
dark urine headache,50,male,dehydration
diarrhea vomiting nausea,23,female,gastroenteritis
fatigue fever chest tightness,32,female,respiratory_infection
shortness of breath fatigue,55,male,respiratory_infection
runny nose stuffy nose sore throat,37,male,common_cold
fatigue headache dark urine dry mouth dizziness,44,female,dehydration
runny nose mild headache sore throat stuffy nose cough,15,female,common_cold
chest tightness cough fever fatigue,24,female,respiratory_infection
rash sneezing,54,male,allergic_reaction
sensitivity to light dizziness severe headache,46,female,migraine
fever chills body ache cough,14,female,flu
mild headache sore throat,62,male,common_cold
runny nose swelling itching sneezing hives,19,male,allergic_reaction
fever vomiting abdominal cramps diarrhea nausea,73,male,gastroenteritis
cough mild headache,67,female,common_cold
fever cough sore throat,80,male,flu
dark urine dizziness dry mouth,26,female,dehydration
fatigue headache dizziness dark urine dry mouth,50,female,dehydration
itching hives swelling runny nose rash,38,male,allergic_reaction
headache body ache chills cough sore throat,7,male,flu
fever diarrhea vomiting nausea abdominal cramps sore throat,68,female,gastroenteritis
nausea sensitivity to light dizziness severe headache,51,male,migraine
nausea sensitivity to light dizziness,45,male,migraine
fatigue chest tightness shortness of breath fever cough,41,male,respiratory_infection
sore throat stuffy nose runny nose mild headache,7,female,common_cold
body ache headache,73,female,flu
dry mouth dizziness dark urine,69,female,dehydration
nausea diarrhea bumps,6,male,gastroenteritis
dry mouth headache mucus,50,male,dehydration
headache dark urine fatigue,57,female,dehydration
dizziness headache,37,female,dehydration
diarrhea vomiting abdominal cramps,73,female,gastroenteritis
dizziness severe headache sensitivity to light,52,male,migraine
abdominal cramps diarrhea vomiting,6,male,gastroenteritis
dizziness nausea severe headache sensitivity to light,50,female,migraine
dry mouth dark urine,58,female,dehydration
sneezing runny nose swelling rash,23,female,allergic_reaction
diarrhea nausea abdominal cramps,18,male,gastroenteritis
cough shortness of breath fever chest tightness fatigue,43,male,respiratory_infection
fever fatigue shortness of breath cough,20,female,respiratory_infection
vomiting abdominal cramps fever,25,male,gastroenteritis
itching runny nose sneezing,21,male,allergic_reaction
cough fatigue numbness,34,female,respiratory_infection
nausea severe headache sensitivity to light dizziness,45,female,migraine
fatigue headache,48,male,dehydration
runny nose cough stuffy nose sore throat fever,26,female,common_cold
dizziness sensitivity to light,33,male,migraine
dizziness sensitivity to light,54,female,migraine
severe headache nausea sensitivity to light,48,male,migraine
dizziness fatigue dark urine,26,female,dehydration
cough fever chest tightness fatigue shortness of breath,34,male,respiratory_infection
runny nose sore throat mild headache stuffy nose cough,23,male,common_cold
itching swelling runny nose,68,female,allergic_reaction
dark urine fatigue dry mouth headache chest pain,52,male,dehydration
cough chest tightness shortness of breath fever,38,male,respiratory_infection
severe headache nausea dizziness sensitivity to light,31,male,migraine
fever chest tightness shortness of breath numbness,47,female,respiratory_infection
cough chest tightness fatigue fever shortness of breath,45,male,respiratory_infection
severe headache nausea sensitivity to light dizziness,25,male,migraine
body ache fever,7,female,flu
fever chest tightness cough,41,male,respiratory_infection
mild headache sore throat runny nose vertigo,50,female,common_cold
fatigue dizziness headache dark urine dry mouth,51,male,dehydration
fatigue body ache headache cough chills,35,male,flu
swelling rash runny nose itching sneezing,31,male,allergic_reaction
sore throat runny nose,45,female,common_cold
abdominal cramps diarrhea vomiting,33,female,gastroenteritis
cough chest tightness shortness of breath,40,female,respiratory_infection
hives itching,65,female,allergic_reaction
diarrhea nausea abdominal cramps fever vomiting,62,male,gastroenteritis
sneezing itching runny nose rash,30,male,allergic_reaction
shortness of breath fatigue fever chest tightness cough,43,male,respiratory_infection
dry mouth fatigue,38,male,dehydration
fatigue fever cough,39,female,flu
fever shortness of breath fatigue chest tightness cough,70,male,respiratory_infection
cough stuffy nose,33,male,common_cold
fatigue cough,61,male,respiratory_infection
diarrhea nausea vomiting fever abdominal cramps,30,male,gastroenteritis
swelling itching rash sneezing runny nose,25,male,allergic_reaction
body ache chills redness,62,female,flu
fever shortness of breath cough fatigue chest tightness,41,female,respiratory_infection
nausea abdominal cramps,30,male,gastroenteritis
hives swelling runny nose sneezing,64,male,allergic_reaction
body ache fever chills cough headache,85,male,flu
fever body ache,43,female,flu
shortness of breath cough fever fatigue chest tightness,25,male,respiratory_infection
stuffy nose runny nose,60,male,common_cold
dry mouth fatigue dizziness headache dark urine,53,male,dehydration
stuffy nose runny nose,8,male,common_cold
dark urine dry mouth fatigue dizziness swelling,22,female,dehydration
shortness of breath chest tightness fever,49,female,respiratory_infection
chest tightness fatigue shortness of breath fever,65,female,respiratory_infection
diarrhea fever,60,female,gastroenteritis
vomiting diarrhea abdominal cramps nausea,18,male,gastroenteritis
dark urine fatigue,64,female,dehydration
vomiting nausea,48,female,gastroenteritis
fever nausea vomiting diarrhea,55,female,gastroenteritis
dark urine fatigue dizziness headache,20,male,dehydration
hives itching,61,male,allergic_reaction
cough headache sore throat fever chills,6,female,flu
sensitivity to light severe headache vertigo,30,male,migraine
swelling sneezing,63,female,allergic_reaction
sore throat cough runny nose mild headache headache,41,female,common_cold
fatigue body ache chills sore throat mucus,6,male,flu
cough sore throat stuffy nose runny nose,70,male,common_cold
severe headache nausea dizziness,30,male,migraine
body ache headache fatigue cough numbness,48,male,flu
dizziness dark urine,43,female,dehydration
rash runny nose swelling body ache,44,female,allergic_reaction
nausea dizziness severe headache sensitivity to light,46,female,migraine
dry mouth dizziness fatigue headache dark urine,63,male,dehydration
sneezing runny nose itching hives,41,male,allergic_reaction
hives swelling runny nose itching sneezing,40,female,allergic_reaction
chills fatigue confusion,65,male,flu
body ache cough fatigue,8,female,flu
hives sneezing swelling itching runny nose,35,male,allergic_reaction
nausea diarrhea vomiting abdominal cramps fever,25,male,gastroenteritis
sensitivity to light dizziness nausea severe headache,39,male,migraine
dark urine fatigue dizziness,45,male,dehydration
sore throat stuffy nose cough mild headache runny nose,69,male,common_cold
hives rash swelling sneezing,43,female,allergic_reaction
nausea sensitivity to light severe headache dizziness,32,male,migraine
cough fatigue,55,female,respiratory_infection
sore throat fatigue headache chills fever,5,female,flu
fever cough sore throat body ache fatigue,6,male,flu
rash swelling sneezing runny nose,42,female,allergic_reaction
diarrhea fever vomiting,52,male,gastroenteritis
chest tightness fever shortness of breath fatigue,31,female,respiratory_infection
runny nose swelling,43,female,allergic_reaction
nausea dizziness,47,female,migraine
diarrhea abdominal cramps vomiting fever,67,male,gastroenteritis
runny nose hives,37,female,allergic_reaction
fever diarrhea abdominal cramps nausea vomiting,60,female,gastroenteritis
runny nose stuffy nose mild headache sore throat,24,female,common_cold
sore throat stuffy nose mild headache,34,male,common_cold
headache dry mouth fatigue,22,female,dehydration
nausea vomiting abdominal cramps weakness,16,male,gastroenteritis
fever abdominal cramps vomiting,60,male,gastroenteritis
hives swelling,46,female,allergic_reaction
swelling sneezing itching hives,43,male,allergic_reaction
sneezing runny nose swelling hives itching,47,male,allergic_reaction
dry mouth headache numbness,28,male,dehydration
fatigue chest tightness,61,male,respiratory_infection
itching sneezing,39,male,allergic_reaction
fatigue dark urine dry mouth headache dizziness,70,female,dehydration
shortness of breath chest tightness fever fatigue cough,45,male,respiratory_infection
itching runny nose hives,36,female,allergic_reaction
sore throat fever chills body ache cough,46,female,flu
swelling itching hives sneezing,51,male,allergic_reaction
hives itching runny nose sneezing,47,female,allergic_reaction
mild headache runny nose,80,male,common_cold
abdominal cramps nausea,17,male,gastroenteritis
sore throat mild headache runny nose,8,male,common_cold
fatigue headache cough,17,male,flu
sneezing rash,43,female,allergic_reaction
stuffy nose runny nose,50,male,common_cold
shortness of breath chest tightness fatigue cough,32,female,respiratory_infection
chills headache fatigue cough,48,male,flu
headache dark urine fatigue,32,male,dehydration
itching sneezing,38,female,allergic_reaction
diarrhea vomiting fever abdominal cramps nausea congestion,52,male,gastroenteritis
sneezing hives rash,64,male,allergic_reaction
dry mouth headache,22,male,dehydration
shortness of breath fever fatigue cough chest tightness hives,46,female,respiratory_infection
sore throat headache fever chills,42,male,flu
nausea dizziness sensitivity to light severe headache swelling,38,female,migraine
nausea sensitivity to light dizziness,43,female,migraine
fever shortness of breath,36,male,respiratory_infection
shortness of breath chest tightness cough fatigue fever,45,male,respiratory_infection
fever diarrhea,58,female,gastroenteritis
cough chills sore throat difficulty swallowing,15,male,flu
dizziness headache,59,male,dehydration
mild headache sore throat cough runny nose,8,male,common_cold
abdominal cramps vomiting,49,male,gastroenteritis
swelling itching,40,female,allergic_reaction
vomiting fever pain,17,male,gastroenteritis
nausea vomiting diarrhea,27,male,gastroenteritis
rash hives runny nose,58,female,allergic_reaction
dark urine dizziness headache dry mouth fatigue ache,29,female,dehydration
nausea severe headache sensitivity to light dizziness,40,female,migraine
headache fever,44,female,flu
shortness of breath fever fatigue cough chest tightness,60,male,respiratory_infection
vomiting fever abdominal cramps,22,male,gastroenteritis
dizziness headache fatigue dry mouth,67,male,dehydration
runny nose sneezing,42,male,allergic_reaction
hives sneezing itching,20,female,allergic_reaction
shortness of breath fatigue,23,female,respiratory_infection
fever diarrhea abdominal cramps,10,male,gastroenteritis
headache dry mouth fatigue,53,male,dehydration
itching runny nose swelling sneezing hives,52,male,allergic_reaction
fever nausea vomiting diarrhea,37,female,gastroenteritis
headache fatigue dark urine dry mouth dizziness muscle pain,18,male,dehydration
sore throat chills,62,female,flu
sensitivity to light dizziness severe headache nausea,27,male,migraine
dizziness sensitivity to light nausea,35,female,migraine
fatigue cough chest tightness fever,30,male,respiratory_infection
fatigue headache dark urine dizziness,70,female,dehydration
chills cough fever headache sore throat,65,female,flu
runny nose mild headache cough,48,female,common_cold
dry mouth fatigue headache,44,male,dehydration
runny nose mild headache,40,male,common_cold
fever abdominal cramps,58,male,gastroenteritis
dizziness sensitivity to light nausea severe headache,46,female,migraine
fever fatigue,58,male,respiratory_infection
vomiting nausea fever,6,male,gastroenteritis
sneezing hives rash runny nose swelling,40,male,allergic_reaction
sneezing itching,26,female,allergic_reaction
sensitivity to light dizziness,48,female,migraine
runny nose stuffy nose mild headache cough sore throat,18,male,common_cold
swelling itching rash,49,male,allergic_reaction
abdominal cramps fever nausea,39,male,gastroenteritis
fatigue dark urine,23,female,dehydration
fever vomiting abdominal cramps,39,female,gastroenteritis
fatigue headache dark urine dry mouth,26,male,dehydration
cough chills sore throat,17,female,flu
mild headache stuffy nose runny nose cough sore throat,28,male,common_cold
dizziness headache,28,female,dehydration
mild headache cough stuffy nose runny nose weakness,51,female,common_cold
chills body ache,11,female,flu
chest tightness cough shortness of breath fever fatigue,64,female,respiratory_infection
chills body ache fever,27,female,flu
dizziness headache spots,34,male,dehydration
severe headache nausea,27,male,migraine
severe headache dizziness nausea,54,female,migraine
fatigue dry mouth,25,male,dehydration
runny nose mild headache cough sore throat,73,female,common_cold
shortness of breath chest tightness fatigue cough,58,male,respiratory_infection
sore throat mild headache,79,female,common_cold
runny nose rash,25,male,allergic_reaction
hives itching neck pain,60,male,allergic_reaction
diarrhea abdominal cramps vomiting nausea shivering,42,female,gastroenteritis
sensitivity to light dizziness nausea bumps,46,female,migraine
nausea sensitivity to light,54,male,migraine
chills headache fatigue body ache,8,male,flu
hives rash itching runny nose,62,female,allergic_reaction
headache fatigue wheezing,58,male,flu
dizziness dry mouth dark urine,31,female,dehydration
swelling hives,44,female,allergic_reaction
dizziness nausea severe headache sensitivity to light,34,male,migraine
severe headache nausea,42,female,migraine
fever cough shortness of breath fatigue chest tightness,30,female,respiratory_infection
itching swelling sneezing rash hives,20,female,allergic_reaction
fatigue headache dark urine dry mouth,43,male,dehydration
chills fever,65,female,flu
cough chest tightness fatigue shortness of breath,33,male,respiratory_infection
headache cough,44,male,flu
fatigue dizziness,20,female,dehydration
cough stuffy nose mild headache runny nose,17,male,common_cold
fever body ache headache chills cough,19,female,flu
fatigue chills cough muscle pain,77,male,flu
sore throat cough stuffy nose,43,female,common_cold
hives itching runny nose,43,female,allergic_reaction
itching runny nose hives,48,female,allergic_reaction
sore throat runny nose cough mild headache,56,female,common_cold
stuffy nose sore throat mild headache,6,female,common_cold
body ache fever headache chills sore throat,50,female,flu
fever fatigue shortness of breath chest tightness,62,male,respiratory_infection
fever shortness of breath fatigue cough chest tightness,19,male,respiratory_infection
vomiting abdominal cramps fever rapid breathing,33,male,gastroenteritis
severe headache sensitivity to light,51,female,migraine
mild headache runny nose cough,9,male,common_cold
dizziness fatigue dry mouth headache,20,male,dehydration
severe headache dizziness sensitivity to light,29,female,migraine
severe headache dizziness sensitivity to light,48,male,migraine
swelling hives cough,30,female,allergic_reaction
runny nose rash sneezing,59,female,allergic_reaction
rash itching hives runny nose sneezing night sweats,30,male,allergic_reaction
sore throat cough mild headache,36,female,common_cold
sneezing runny nose,58,female,allergic_reaction
chest tightness shortness of breath,50,male,respiratory_infection
cough sore throat,76,female,common_cold
sore throat mild headache,80,female,common_cold
fever headache fatigue cough,21,female,flu
mild headache cough sore throat stuffy nose,39,female,common_cold
diarrhea fever vomiting abdominal cramps,30,female,gastroenteritis
headache dry mouth dark urine,51,male,dehydration
runny nose rash sneezing,61,male,allergic_reaction
fatigue cough fever,26,male,respiratory_infection
sore throat fatigue,26,male,flu
fever nausea abdominal cramps diarrhea tender,64,male,gastroenteritis
sore throat stuffy nose mild headache runny nose,30,male,common_cold
runny nose cough sore throat hearing loss,82,female,common_cold
fever abdominal cramps diarrhea vomiting,31,female,gastroenteritis
nausea severe headache sensitivity to light dizziness,31,male,migraine
nausea severe headache sensitivity to light,51,male,migraine
rash itching,51,female,allergic_reaction
severe headache sensitivity to light dizziness,25,male,migraine
mild headache stuffy nose cough sore throat,49,female,common_cold
itching hives sneezing,40,female,allergic_reaction
nausea sensitivity to light severe headache,50,male,migraine
severe headache nausea,46,male,migraine
fatigue shortness of breath,28,male,respiratory_infection
swelling sneezing hives runny nose,59,male,allergic_reaction
sore throat chills,18,male,flu
diarrhea fever nausea,52,female,gastroenteritis
dizziness severe headache nausea,41,male,migraine
runny nose stuffy nose mild headache sore throat cough,17,female,common_cold
sore throat body ache,84,male,flu
sore throat fatigue body ache headache,53,male,flu
dizziness nausea vomiting,32,male,migraine
sore throat chills body ache,12,female,flu
rash runny nose swelling joint pain,34,female,allergic_reaction
hives sneezing rash night sweats,32,female,allergic_reaction
sore throat mild headache,13,male,common_cold
cough chills headache fatigue body ache,48,male,flu
cough fatigue fever shortness of breath chest tightness,62,male,respiratory_infection
fever abdominal cramps,62,male,gastroenteritis
shortness of breath chest tightness cough fever fatigue,59,female,respiratory_infection
mild headache cough stuffy nose,46,female,common_cold
runny nose swelling hives rash itching,39,male,allergic_reaction
body ache chills,59,female,flu
rash sneezing,60,male,allergic_reaction
dry mouth dizziness,53,male,dehydration
nausea fever diarrhea,73,female,gastroenteritis
nausea diarrhea vomiting fever,58,female,gastroenteritis
sensitivity to light dizziness nausea severe headache hearing loss,53,female,migraine
itching swelling rash runny nose,21,female,allergic_reaction
cough sore throat,39,male,common_cold
abdominal cramps vomiting fever diarrhea nausea,24,female,gastroenteritis
nausea severe headache dizziness sensitivity to light,46,female,migraine
dark urine headache dry mouth dizziness fatigue,38,female,dehydration
dark urine fatigue dizziness headache dry mouth congestion,47,male,dehydration
dry mouth fatigue dizziness headache dark urine,35,female,dehydration
fever vomiting diarrhea nausea,8,female,gastroenteritis
swelling rash sneezing,33,female,allergic_reaction
fatigue sore throat chills headache,59,male,flu
rash hives swelling itching runny nose,48,female,allergic_reaction
headache body ache,8,female,flu
headache fatigue,18,female,flu
sensitivity to light severe headache dizziness,30,female,migraine
severe headache sensitivity to light nausea,53,male,migraine
runny nose sneezing swelling hives rash tender,37,female,allergic_reaction
runny nose sore throat stuffy nose mild headache,64,male,common_cold
cough chills,8,female,flu
dizziness severe headache nausea,43,female,migraine
dizziness nausea severe headache sensitivity to light,36,male,migraine
diarrhea vomiting,21,female,gastroenteritis
diarrhea abdominal cramps,34,male,gastroenteritis
cough body ache fatigue,38,male,flu
shortness of breath fatigue fever,40,male,respiratory_infection
cough stuffy nose runny nose sore throat,44,male,common_cold
stuffy nose runny nose mild headache sore throat,19,female,common_cold
cough body ache sore throat chills fever,7,male,flu
fatigue dark urine dizziness headache dry mouth,39,male,dehydration
hives sneezing rash,27,female,allergic_reaction
vomiting abdominal cramps nausea,47,male,gastroenteritis
fatigue chest tightness cough fever shortness of breath,63,female,respiratory_infection
fatigue headache sore throat cough,40,male,flu
dizziness headache fatigue,51,female,dehydration
shortness of breath fever chest tightness fatigue,50,male,respiratory_infection
chills headache fever fatigue body ache,72,male,flu
chest tightness fever,19,male,respiratory_infection
cough mild headache sore throat,5,male,common_cold
cough mild headache,5,female,common_cold
shortness of breath cough fever fatigue chest tightness,66,male,respiratory_infection
stuffy nose runny nose sore throat,35,female,common_cold
runny nose cough stuffy nose sore throat,53,female,common_cold
stuffy nose cough sore throat runny nose,32,female,common_cold
chest tightness cough,50,male,respiratory_infection
fatigue chills,6,male,flu
severe headache dizziness sensitivity to light nausea,30,female,migraine
body ache headache sore throat fever vomiting,70,male,flu
cough chest tightness,44,female,respiratory_infection
cough fatigue,78,female,flu
itching sneezing rash,28,female,allergic_reaction
dark urine dry mouth headache,23,female,dehydration
cough fatigue chest tightness shortness of breath,45,female,respiratory_infection
dark urine headache dry mouth dizziness fatigue,61,male,dehydration
mild headache stuffy nose cough sore throat,12,female,common_cold
vomiting diarrhea abdominal cramps nausea,49,female,gastroenteritis
rash sneezing itching hives runny nose,23,male,allergic_reaction
fatigue dark urine dry mouth headache dizziness,50,male,dehydration
fever abdominal cramps,47,female,gastroenteritis
sore throat runny nose stuffy nose joint pain,60,male,common_cold
fever headache fatigue,66,female,flu
runny nose stuffy nose,80,male,common_cold
dark urine headache dizziness,45,male,dehydration
sneezing swelling,39,male,allergic_reaction
diarrhea nausea,8,female,gastroenteritis
fever cough chest tightness,38,female,respiratory_infection
dark urine fatigue headache dry mouth,34,male,dehydration
sensitivity to light nausea dizziness severe headache,36,male,migraine
sore throat stuffy nose runny nose,43,male,common_cold
runny nose mild headache stuffy nose,19,male,common_cold
swelling sneezing itching,51,female,allergic_reaction
cough chest tightness,49,female,respiratory_infection
hives itching,40,female,allergic_reaction
fever chills headache fatigue cough,72,female,flu
abdominal cramps diarrhea fever vomiting,65,female,gastroenteritis
sensitivity to light dizziness,25,female,migraine
body ache fatigue chills fever cough,56,female,flu
severe headache dizziness nausea sensitivity to light,25,male,migraine
runny nose sore throat cough,17,male,common_cold
chills headache sore throat cough,56,female,flu
abdominal cramps diarrhea vomiting fever,15,female,gastroenteritis
fever shortness of breath fatigue chest tightness cough,46,male,respiratory_infection
cough shortness of breath fever fatigue chest tightness,48,female,respiratory_infection
diarrhea nausea,54,female,gastroenteritis
stuffy nose sore throat,33,male,common_cold
dry mouth fatigue dizziness headache dark urine,33,male,dehydration
body ache sore throat headache chills,10,male,flu
itching swelling sneezing abdominal cramps,37,female,allergic_reaction
hives runny nose swelling sneezing itching,70,female,allergic_reaction
nausea dizziness,43,female,migraine
dizziness nausea,46,female,migraine
cough sore throat,80,female,common_cold
itching swelling hives,40,female,allergic_reaction
fatigue headache cough fever body ache,17,female,flu
shortness of breath cough chest tightness fatigue fever,18,male,respiratory_infection
mild headache sore throat runny nose cough stuffy nose,13,male,common_cold
dizziness severe headache,29,female,migraine
sore throat cough,15,female,common_cold
fatigue dry mouth dark urine dizziness chest tightness,27,male,dehydration
cough shortness of breath chest tightness,24,male,respiratory_infection
stuffy nose mild headache,20,male,common_cold
dark urine headache fatigue,67,female,dehydration
cough fatigue,21,female,respiratory_infection
fever diarrhea nausea,51,male,gastroenteritis
nausea dizziness,39,male,migraine
swelling sneezing itching,61,female,allergic_reaction
cough sore throat fever body ache headache numbness,10,female,flu
fever chest tightness fatigue shortness of breath,70,male,respiratory_infection
runny nose cough mild headache,6,male,common_cold
vomiting abdominal cramps nausea fever diarrhea,42,female,gastroenteritis
diarrhea fever abdominal cramps vomiting nausea,74,male,gastroenteritis
nausea severe headache dizziness,55,female,migraine
fatigue chest tightness cough shortness of breath,63,male,respiratory_infection
diarrhea vomiting nausea,45,male,gastroenteritis
shortness of breath fever fatigue,66,male,respiratory_infection
fever fatigue sore throat body ache chills,11,male,flu
cough sore throat body ache fatigue,60,male,flu
cough runny nose stuffy nose,66,male,common_cold
sore throat mild headache cough runny nose stuffy nose,46,female,common_cold
cough runny nose,26,male,common_cold
cough chest tightness fatigue fever shortness of breath,21,female,respiratory_infection
runny nose mild headache cough,22,male,common_cold
vomiting fever diarrhea nausea,30,male,gastroenteritis
sore throat stuffy nose runny nose mild headache,46,male,common_cold
headache dry mouth fatigue dark urine,62,female,dehydration
cough mild headache sore throat,41,female,common_cold
sneezing rash swelling hives runny nose,69,female,allergic_reaction
severe headache nausea dizziness sensitivity to light,45,female,migraine
fever chest tightness fatigue shortness of breath,40,male,respiratory_infection
fatigue headache,14,male,flu
rash itching swelling hives runny nose,58,female,allergic_reaction
dizziness fatigue headache,37,male,dehydration
nausea sensitivity to light,28,male,migraine
sensitivity to light severe headache nausea dizziness,39,female,migraine
sore throat fever chills body ache fatigue,11,male,flu
rash swelling itching,28,male,allergic_reaction
fever fatigue chest tightness cough shortness of breath,27,male,respiratory_infection
dry mouth fatigue dark urine headache,34,female,dehydration
cough stuffy nose mild headache sore throat itching,28,male,common_cold
dizziness sensitivity to light,50,male,migraine
runny nose itching rapid breathing,32,female,allergic_reaction
fatigue shortness of breath cough fever chest tightness,26,female,respiratory_infection
cough chills fever sore throat fatigue,13,male,flu
cough runny nose sore throat mild headache,5,female,common_cold
nausea dizziness severe headache,39,male,migraine
fatigue fever cough,26,female,respiratory_infection
fever headache chills cough body ache,28,female,flu
cough mild headache runny nose sore throat stuffy nose,17,male,common_cold
fatigue chills headache cough,69,female,flu
shortness of breath chest tightness cough,21,female,respiratory_infection
rash runny nose swelling itching,46,male,allergic_reaction
fatigue shortness of breath,24,female,respiratory_infection
fever fatigue,52,male,respiratory_infection
hives swelling nausea,65,male,allergic_reaction
dizziness nausea severe headache,31,male,migraine
runny nose swelling hives,53,male,allergic_reaction
dizziness sensitivity to light severe headache,32,female,migraine
cough fever chest tightness shortness of breath,59,female,respiratory_infection
rash sneezing,58,female,allergic_reaction
fever vomiting diarrhea nausea,51,male,gastroenteritis
sneezing rash hives itching runny nose,61,female,allergic_reaction
sensitivity to light nausea,46,female,migraine
dry mouth dizziness fatigue dark urine,20,female,dehydration
body ache sore throat fatigue fever headache,63,male,flu
dark urine dry mouth dizziness itching,66,male,dehydration
shortness of breath fever cough,26,female,respiratory_infection
sensitivity to light nausea,46,male,migraine
sensitivity to light dizziness,28,male,migraine
headache sore throat neck pain,62,male,flu
fever chest tightness cough shortness of breath,40,female,respiratory_infection
abdominal cramps fever diarrhea hot,52,female,gastroenteritis
dry mouth dizziness dark urine headache spots,63,female,dehydration
diarrhea fever abdominal cramps,17,male,gastroenteritis
fatigue body ache chills,13,male,flu
fatigue dry mouth dizziness headache,37,female,dehydration
sneezing itching runny nose hives rash,69,female,allergic_reaction
cough fever chest tightness fatigue,54,male,respiratory_infection
fever fatigue shortness of breath cough chest tightness,28,female,respiratory_infection
headache fever chills sore throat hives,23,female,flu
sneezing swelling rash hives runny nose,68,female,allergic_reaction
chest tightness fatigue,57,male,respiratory_infection
cough chills headache stomach pain,42,male,flu
fatigue dark urine dry mouth headache dizziness,47,female,dehydration
fever nausea abdominal cramps,7,male,gastroenteritis
dark urine fatigue headache dry mouth dizziness,51,male,dehydration
sneezing hives runny nose itching hot,62,male,allergic_reaction
dizziness dark urine fatigue headache,38,female,dehydration
dry mouth headache fatigue,52,female,dehydration
fever abdominal cramps diarrhea nausea vomiting,9,male,gastroenteritis
diarrhea nausea fever,71,female,gastroenteritis
dark urine dizziness fatigue headache,23,male,dehydration
dizziness nausea sensitivity to light severe headache,29,male,migraine
sneezing itching,32,male,allergic_reaction
shortness of breath fever chest tightness,66,female,respiratory_infection
dark urine headache fatigue dizziness dry mouth ear pain,19,male,dehydration
rash sneezing,48,female,allergic_reaction
abdominal cramps fever diarrhea,40,male,gastroenteritis
runny nose stuffy nose cough sore throat,7,female,common_cold
fever vomiting difficulty breathing,52,female,gastroenteritis
dark urine dry mouth,52,female,dehydration
shortness of breath fever cough chest tightness fatigue,18,female,respiratory_infection
dark urine fatigue dizziness headache,64,female,dehydration
sensitivity to light nausea severe headache,44,female,migraine
severe headache dizziness nausea sensitivity to light,42,male,migraine
sore throat stuffy nose mild headache,52,female,common_cold
nausea sensitivity to light,32,male,migraine
stuffy nose runny nose mild headache sore throat cough,65,male,common_cold
severe headache sensitivity to light dizziness,34,female,migraine
rash hives itching sneezing runny nose,60,female,allergic_reaction
dizziness sensitivity to light nausea,38,female,migraine
fever cough fatigue,41,male,flu
stuffy nose cough sore throat mild headache,26,female,common_cold
sore throat stuffy nose,46,female,common_cold
stuffy nose cough sore throat,14,female,common_cold
fever chest tightness shortness of breath cough fatigue dizziness,20,female,respiratory_infection
sensitivity to light severe headache nausea,32,female,migraine
diarrhea nausea vomiting abdominal cramps fever,29,male,gastroenteritis
severe headache dizziness sensitivity to light nausea,53,female,migraine
runny nose cough sore throat mild headache stuffy nose,38,female,common_cold
chest tightness fatigue,36,male,respiratory_infection
cough runny nose stuffy nose mild headache,38,male,common_cold
nausea sensitivity to light,38,female,migraine
nausea sensitivity to light severe headache dizziness,29,male,migraine
dizziness severe headache,39,male,migraine
severe headache dizziness nausea redness,50,male,migraine
severe headache dizziness nausea sensitivity to light,43,male,migraine
sensitivity to light severe headache,34,male,migraine
cough sore throat mild headache runny nose stuffy nose,16,male,common_cold
stuffy nose runny nose mild headache cough sore throat,56,male,common_cold
nausea fever vomiting sore throat,65,male,gastroenteritis
severe headache dizziness sensitivity to light,38,female,migraine
stuffy nose sore throat,20,male,common_cold
abdominal cramps diarrhea fever,44,male,gastroenteritis
sore throat body ache,36,female,flu
vomiting abdominal cramps diarrhea,19,male,gastroenteritis
hives swelling,48,male,allergic_reaction
mild headache cough stuffy nose sore throat,11,male,common_cold
diarrhea abdominal cramps nausea,46,female,gastroenteritis
sensitivity to light nausea,38,female,migraine
dry mouth fatigue,66,male,dehydration
severe headache sensitivity to light dizziness nausea,48,male,migraine
diarrhea abdominal cramps vomiting heartburn,56,female,gastroenteritis
fatigue dizziness,24,female,dehydration
hives sneezing,45,male,allergic_reaction
dry mouth dark urine fatigue,22,female,dehydration
sore throat cough stuffy nose runny nose,26,female,common_cold
abdominal cramps fever nausea vomiting,14,female,gastroenteritis
rash sneezing,67,male,allergic_reaction
itching rash sneezing swelling,33,female,allergic_reaction
chest tightness cough fever,32,male,respiratory_infection
nausea severe headache sensitivity to light,46,male,migraine
nausea sensitivity to light dizziness severe headache,49,male,migraine
fever vomiting diarrhea nausea abdominal cramps,28,male,gastroenteritis
runny nose mild headache sore throat,39,female,common_cold
dizziness dark urine headache,41,female,dehydration
rash runny nose itching night sweats,44,male,allergic_reaction
severe headache dizziness nausea,53,male,migraine
sensitivity to light dizziness severe headache,49,male,migraine
dry mouth dizziness,24,male,dehydration
dizziness nausea sensitivity to light,41,female,migraine
shortness of breath fatigue cough,19,female,respiratory_infection
fatigue headache,68,male,dehydration
dark urine dizziness headache dry mouth fatigue,43,female,dehydration
vomiting abdominal cramps,32,male,gastroenteritis
shortness of breath fever chest tightness fatigue cough,53,female,respiratory_infection
headache cough fever sore throat,27,female,flu
dry mouth dark urine,46,male,dehydration
sensitivity to light severe headache,37,female,migraine
headache dark urine,50,female,dehydration
hives swelling runny nose,47,male,allergic_reaction
abdominal cramps vomiting heartburn,62,female,gastroenteritis
severe headache dizziness nausea sensitivity to light,42,male,migraine
stuffy nose mild headache,37,female,common_cold
mild headache sore throat cough runny nose stuffy nose,16,female,common_cold
diarrhea fever nausea,62,female,gastroenteritis
vomiting nausea diarrhea abdominal cramps fever,11,male,gastroenteritis
cough chest tightness,24,female,respiratory_infection
fatigue chest tightness,35,female,respiratory_infection
severe headache sensitivity to light,43,male,migraine
nausea vomiting diarrhea abdominal cramps fever,8,male,gastroenteritis
severe headache sensitivity to light nausea dizziness,52,male,migraine
cough shortness of breath fever chest tightness,30,male,respiratory_infection
sore throat fatigue,10,female,flu
dizziness sensitivity to light severe headache nausea,48,female,migraine
severe headache nausea sensitivity to light,40,female,migraine
severe headache sensitivity to light,32,male,migraine
fever body ache sore throat chills,27,male,flu
severe headache sensitivity to light dizziness,53,female,migraine
runny nose itching rash,38,female,allergic_reaction
fatigue headache dizziness dry mouth dark urine,50,male,dehydration
stuffy nose cough mild headache runny nose sore throat,73,female,common_cold
severe headache sensitivity to light nausea,43,female,migraine
dark urine dizziness dry mouth fatigue headache,55,male,dehydration
mild headache stuffy nose sore throat,73,female,common_cold
dizziness dry mouth fatigue,19,male,dehydration
abdominal cramps diarrhea vomiting,59,male,gastroenteritis
mild headache cough sore throat runny nose stuffy nose,63,male,common_cold
fatigue headache fever,64,female,flu
dizziness headache,68,female,dehydration
mild headache cough stuffy nose,45,male,common_cold
headache fatigue,50,female,dehydration
mild headache stuffy nose,7,female,common_cold
chest tightness fatigue fever,51,female,respiratory_infection
fever nausea sore throat,70,male,gastroenteritis
cough fever shortness of breath fatigue chest tightness,64,male,respiratory_infection
dry mouth headache dark urine fatigue,29,male,dehydration
severe headache nausea sensitivity to light,30,female,migraine
headache dry mouth fatigue dizziness dark urine,22,female,dehydration
dizziness dry mouth dark urine neck pain,61,male,dehydration
severe headache dizziness nausea sensitivity to light,25,male,migraine
sensitivity to light severe headache nausea dizziness,33,male,migraine
fatigue headache,59,male,dehydration
rash runny nose swelling hives sneezing,40,female,allergic_reaction
dark urine fatigue,49,male,dehydration
shortness of breath cough chest tightness fatigue fever,26,female,respiratory_infection
sore throat fatigue lightheaded,28,male,flu
chest tightness fatigue cough fever,59,male,respiratory_infection
runny nose swelling,19,female,allergic_reaction
headache dry mouth dark urine,47,male,dehydration
runny nose hives swelling rash itching,33,female,allergic_reaction
body ache headache sore throat fever discoloration,19,male,flu
runny nose hives itching swelling sneezing,18,female,allergic_reaction
body ache cough sore throat,31,female,flu
cough fever,43,male,respiratory_infection
chills sore throat fatigue headache cough,16,female,flu
headache dizziness dry mouth fatigue dark urine,50,male,dehydration
fatigue cough fever shortness of breath,41,male,respiratory_infection
dry mouth dark urine headache dizziness numbness,34,male,dehydration
nausea dizziness severe headache sensitivity to light,55,male,migraine
dark urine fatigue dizziness dry mouth,30,female,dehydration
dizziness dry mouth,35,male,dehydration
fatigue dark urine dizziness chest tightness,45,male,dehydration
headache fever,62,male,flu
fatigue shortness of breath chest tightness,60,female,respiratory_infection
mild headache cough sore throat stuffy nose,33,female,common_cold
sneezing runny nose itching rash,67,female,allergic_reaction
cough stuffy nose mild headache sore throat,12,male,common_cold
fatigue fever back pain,34,female,respiratory_infection
fatigue dry mouth headache dizziness,48,female,dehydration
dizziness headache,51,female,dehydration
hives swelling itching sneezing rash,55,male,allergic_reaction
dizziness sensitivity to light nausea,31,female,migraine
sore throat mild headache,23,female,common_cold
chills sore throat fatigue cough fever,9,male,flu
dark urine dry mouth fatigue dizziness headache,51,female,dehydration
cough runny nose,6,female,common_cold
fatigue sore throat chills,50,male,flu
fever cough shortness of breath back pain,31,female,respiratory_infection
nausea severe headache dizziness,35,female,migraine
itching rash hives sneezing,47,male,allergic_reaction
nausea dizziness,37,male,migraine
abdominal cramps fever diarrhea vomiting,31,male,gastroenteritis
fever nausea,72,male,gastroenteritis
stuffy nose mild headache cough runny nose sore throat,59,female,common_cold
diarrhea nausea,40,male,gastroenteritis
nausea diarrhea abdominal cramps vomiting fever,66,female,gastroenteritis
dry mouth dizziness,66,female,dehydration
nausea fever vomiting abdominal cramps,72,male,gastroenteritis
chest tightness shortness of breath,54,female,respiratory_infection
cough mild headache stuffy nose,78,female,common_cold
chest tightness fever shortness of breath fatigue,34,female,respiratory_infection
fever shortness of breath cough chest tightness,56,female,respiratory_infection
nausea dizziness severe headache sensitivity to light,44,male,migraine
cough mild headache,20,female,common_cold
nausea fever abdominal cramps diarrhea vomiting,21,male,gastroenteritis
shortness of breath fatigue cough fever,58,male,respiratory_infection
fatigue headache,41,female,dehydration
fever fatigue chest tightness cough,50,male,respiratory_infection
headache dry mouth,27,male,dehydration
fever sore throat chills,57,male,flu
sensitivity to light severe headache dizziness nausea,39,male,migraine
body ache headache fever fatigue,65,male,flu
mild headache cough,10,female,common_cold
rash swelling itching hives sneezing redness,20,male,allergic_reaction
fever abdominal cramps diarrhea nausea vomiting,25,female,gastroenteritis
fatigue body ache,58,male,flu
mild headache stuffy nose,66,male,common_cold
itching hives swelling sneezing rash,23,male,allergic_reaction
dizziness headache fatigue dark urine dry mouth chest pain,30,male,dehydration
fever diarrhea abdominal cramps nausea vomiting,15,female,gastroenteritis
dizziness severe headache sensitivity to light tender,36,female,migraine
shortness of breath cough chest tightness fever,25,female,respiratory_infection
rash itching swelling sneezing,68,male,allergic_reaction
severe headache nausea sensitivity to light dizziness,53,male,migraine
swelling itching rash hives,53,male,allergic_reaction
dry mouth fatigue headache dark urine,28,male,dehydration
abdominal cramps diarrhea,64,male,gastroenteritis
severe headache dizziness,44,female,migraine
cough mild headache,55,female,common_cold
severe headache nausea,28,male,migraine
vomiting abdominal cramps,37,male,gastroenteritis
headache sore throat body ache cough chills,10,female,flu
sensitivity to light nausea,34,female,migraine
vomiting abdominal cramps,41,male,gastroenteritis
mild headache cough runny nose sore throat stuffy nose,29,female,common_cold
mild headache runny nose cough,74,male,common_cold
itching rash,60,female,allergic_reaction
rash hives swelling itching,42,male,allergic_reaction
dark urine fatigue dry mouth dizziness headache,66,male,dehydration
sneezing itching,63,female,allergic_reaction
chills sore throat headache fever,20,female,flu
shortness of breath fever chest tightness fatigue,39,female,respiratory_infection
nausea dizziness tender,48,male,migraine
itching hives swelling,67,female,allergic_reaction
sensitivity to light dizziness severe headache,31,female,migraine
shortness of breath fatigue,27,male,respiratory_infection
sensitivity to light severe headache nausea dizziness,38,female,migraine
dry mouth headache dizziness,36,female,dehydration
fatigue sore throat cough headache,12,female,flu
chest tightness fatigue cough,53,male,respiratory_infection
diarrhea vomiting abdominal cramps,67,male,gastroenteritis
dark urine dizziness,54,female,dehydration
headache chills cough body ache,74,male,flu
cough fatigue body ache fever,54,male,flu
shortness of breath fatigue chest tightness cough,54,female,respiratory_infection
sore throat cough mild headache runny nose,15,female,common_cold
vomiting abdominal cramps,26,male,gastroenteritis
sensitivity to light nausea dizziness,35,female,migraine
diarrhea vomiting nausea,5,male,gastroenteritis
stuffy nose cough sore throat mild headache,14,female,common_cold
sneezing itching runny nose,40,male,allergic_reaction
fatigue cough shortness of breath fever,19,male,respiratory_infection
chills body ache,52,female,flu
headache body ache fever,14,female,flu
hives runny nose swelling,58,male,allergic_reaction
sensitivity to light dizziness severe headache nausea,43,male,migraine
sensitivity to light dizziness severe headache nausea,54,female,migraine
dark urine dry mouth fatigue,34,female,dehydration
fever fatigue,61,female,flu
fever abdominal cramps nausea diarrhea vomiting,44,male,gastroenteritis
chills fever,22,female,flu
headache dry mouth fatigue dark urine wheezing,52,female,dehydration
hives itching swelling,62,male,allergic_reaction
stuffy nose runny nose cough sore throat mild headache,8,female,common_cold
runny nose rash itching sneezing,48,female,allergic_reaction
sore throat body ache,14,male,flu
cough shortness of breath fever,61,male,respiratory_infection
fatigue dry mouth dark urine dizziness headache,41,female,dehydration
sensitivity to light severe headache dizziness nausea,52,male,migraine
shortness of breath chest tightness fever fatigue,66,male,respiratory_infection
cough sore throat runny nose mild headache stuffy nose,13,female,common_cold
nausea dizziness,31,female,migraine
shortness of breath fatigue chest tightness,57,male,respiratory_infection
fatigue cough shortness of breath,39,male,respiratory_infection
dry mouth headache dark urine fatigue dizziness,52,male,dehydration
headache sore throat fatigue,53,male,flu
dark urine fatigue headache dizziness,30,female,dehydration
dizziness dry mouth dark urine headache,31,female,dehydration
fever shortness of breath fatigue chest tightness cough,34,female,respiratory_infection
diarrhea abdominal cramps vomiting,37,male,gastroenteritis
abdominal cramps vomiting nausea fever diarrhea,29,male,gastroenteritis
chills cough,70,female,flu
abdominal cramps diarrhea nausea vomiting fever,43,male,gastroenteritis
vomiting nausea fever abdominal cramps diarrhea,21,female,gastroenteritis
fever vomiting diarrhea nausea abdominal cramps,33,male,gastroenteritis
severe headache nausea dizziness sensitivity to light,29,female,migraine
vomiting nausea diarrhea fever,65,male,gastroenteritis
sneezing hives itching rash swelling,41,male,allergic_reaction
fatigue chest tightness fever,54,female,respiratory_infection
dark urine fatigue dry mouth,49,male,dehydration
cough chest tightness fatigue fever,40,female,respiratory_infection
severe headache dizziness nausea,28,female,migraine
runny nose itching hives,21,male,allergic_reaction
fever shortness of breath itching,21,male,respiratory_infection
vomiting diarrhea fever nausea abdominal cramps,73,female,gastroenteritis
chest tightness fever shortness of breath cough sore throat,23,female,respiratory_infection
diarrhea fever abdominal cramps vomiting nausea,16,female,gastroenteritis
dizziness severe headache sensitivity to light nausea,41,female,migraine
dry mouth dizziness fatigue,41,female,dehydration
sensitivity to light severe headache nausea dizziness,43,female,migraine
runny nose hives,69,male,allergic_reaction
cough runny nose mild headache sore throat stuffy nose,14,female,common_cold
severe headache nausea dizziness sensitivity to light,42,female,migraine
chest tightness fever cough,45,male,respiratory_infection
body ache fever headache cough,74,female,flu
diarrhea fever nausea,63,female,gastroenteritis
headache body ache fatigue,51,male,flu
cough runny nose stuffy nose,23,male,common_cold
nausea sensitivity to light severe headache,38,female,migraine
dark urine headache dizziness fatigue dry mouth,48,female,dehydration
severe headache dizziness nausea,26,male,migraine
severe headache dizziness sensitivity to light,33,male,migraine
chills sore throat fatigue fever headache,17,female,flu
fatigue dry mouth dizziness headache dark urine,30,female,dehydration
sneezing hives rash itching,51,female,allergic_reaction
runny nose rash hives sneezing swelling,66,male,allergic_reaction
fatigue headache sore throat,26,male,flu
stuffy nose runny nose,48,male,common_cold
swelling itching weakness,66,male,allergic_reaction
abdominal cramps nausea vomiting diarrhea fever,14,male,gastroenteritis
chest tightness fever fatigue cough shortness of breath,64,female,respiratory_infection
shortness of breath fever,49,female,respiratory_infection
diarrhea abdominal cramps fever,68,female,gastroenteritis
fever diarrhea vomiting,46,female,gastroenteritis
nausea dizziness,31,male,migraine
fatigue fever chills,53,male,flu
hives rash swelling,67,female,allergic_reaction
sore throat cough,9,male,common_cold
nausea abdominal cramps,53,female,gastroenteritis
fever shortness of breath fatigue chest tightness cough,49,female,respiratory_infection
mild headache stuffy nose runny nose sore throat,10,female,common_cold
mild headache cough stuffy nose,45,male,common_cold
fatigue dizziness dark urine,42,male,dehydration
vomiting nausea abdominal cramps fever diarrhea,64,female,gastroenteritis
cough mild headache stuffy nose sore throat,13,male,common_cold
sneezing rash hives runny nose discoloration,48,female,allergic_reaction
chills body ache cough temperature,82,female,flu
dry mouth dark urine dizziness,22,male,dehydration
nausea diarrhea fever vomiting,51,female,gastroenteritis
dark urine headache dizziness fatigue,41,female,dehydration
cough mild headache stuffy nose runny nose sore throat,42,male,common_cold
shortness of breath fatigue fever chest tightness cough,31,male,respiratory_infection
sensitivity to light nausea severe headache,46,male,migraine
fatigue sore throat headache body ache temperature,20,female,flu
fever shortness of breath fatigue chest tightness cough,43,male,respiratory_infection
vomiting abdominal cramps diarrhea fever nausea,26,male,gastroenteritis
nausea sensitivity to light dizziness,51,female,migraine
nausea abdominal cramps fever vomiting diarrhea,16,female,gastroenteritis
chills body ache fever headache cough,45,female,flu
runny nose sore throat stuffy nose,77,male,common_cold
sensitivity to light severe headache nausea dizziness,25,male,migraine
nausea sensitivity to light,49,male,migraine
rash swelling itching sneezing,66,male,allergic_reaction
chills headache body ache fatigue fever,74,female,flu
cough mild headache sore throat runny nose,71,male,common_cold
headache dizziness dark urine,24,male,dehydration
headache fever chills cough sore throat,69,female,flu
fatigue cough fever shortness of breath chest tightness,27,female,respiratory_infection
body ache fever fatigue sore throat chills,17,female,flu
runny nose sore throat,38,female,common_cold
runny nose rash,43,female,allergic_reaction
chest tightness fever,20,female,respiratory_infection
runny nose mild headache,84,female,common_cold
fatigue body ache,10,female,flu
sore throat runny nose stuffy nose,40,male,common_cold
fever headache fatigue cough body ache,77,male,flu
fatigue fever,53,female,flu
vomiting fever abdominal cramps diarrhea,54,female,gastroenteritis
headache dizziness ringing in ears,27,female,dehydration
headache body ache chills fever sore throat,11,male,flu
swelling itching runny nose sneezing hives,33,male,allergic_reaction
fatigue fever headache phlegm,78,male,flu
dizziness severe headache nausea sensitivity to light,46,male,migraine
vomiting abdominal cramps diarrhea,47,female,gastroenteritis
headache sore throat fever chills cough,57,female,flu
sore throat cough mild headache runny nose stuffy nose,75,female,common_cold
itching runny nose rash swelling,23,male,allergic_reaction
cough fever fatigue shortness of breath chest tightness,69,male,respiratory_infection
sensitivity to light dizziness,55,male,migraine
fatigue dizziness dark urine headache,31,male,dehydration
sensitivity to light severe headache dizziness,55,female,migraine
cough fatigue fever chest tightness,37,female,respiratory_infection
dizziness dark urine headache dry mouth,57,male,dehydration
sensitivity to light severe headache dizziness nausea,49,female,migraine
swelling runny nose hives,49,male,allergic_reaction
diarrhea abdominal cramps nausea fever,70,female,gastroenteritis
hives runny nose swelling itching vertigo,60,male,allergic_reaction
dizziness dark urine fatigue,47,male,dehydration
cough fever fatigue shortness of breath chest tightness,33,female,respiratory_infection
itching rash,27,male,allergic_reaction
runny nose sore throat cough stuffy nose,41,male,common_cold
sensitivity to light severe headache dizziness,55,male,migraine
fever chills fatigue,31,male,flu
diarrhea nausea abdominal cramps vomiting,6,female,gastroenteritis
abdominal cramps vomiting,45,male,gastroenteritis
fever fatigue cough neck pain,13,male,flu
severe headache dizziness nausea,41,female,migraine
diarrhea fever nausea vomiting abdominal cramps vertigo,69,male,gastroenteritis
fever fatigue shortness of breath cough body ache,51,male,respiratory_infection
cough fatigue shortness of breath chest tightness fever,64,male,respiratory_infection
hives itching runny nose sneezing swelling,61,female,allergic_reaction
fatigue cough fever,31,male,respiratory_infection
headache fever chills fatigue,71,female,flu
body ache sore throat fever fatigue cough,60,male,flu
vomiting diarrhea nausea fever,59,male,gastroenteritis
dizziness sensitivity to light severe headache,40,female,migraine
sneezing swelling runny nose itching,18,male,allergic_reaction
cough fatigue chest tightness fever shortness of breath stuffy nose,68,male,respiratory_infection
chills body ache,42,male,flu
diarrhea nausea fever abdominal cramps,26,male,gastroenteritis
dizziness nausea sensitivity to light,49,male,migraine
shortness of breath fatigue chest tightness fever cough,23,male,respiratory_infection
mild headache sore throat runny nose cough stuffy nose,49,male,common_cold
headache fatigue dry mouth dark urine,45,female,dehydration
headache sore throat,6,female,flu
swelling rash hives,70,female,allergic_reaction
fatigue dark urine,56,male,dehydration
sensitivity to light nausea dizziness congestion,54,male,migraine
dizziness dark urine dry mouth headache,30,female,dehydration
severe headache dizziness,44,male,migraine
itching sneezing hives runny nose swelling,50,male,allergic_reaction
chills fever cough,70,male,flu
dark urine fatigue,58,female,dehydration
stuffy nose sore throat cough runny nose,6,female,common_cold
mild headache cough runny nose stuffy nose sore throat,75,male,common_cold
mild headache stuffy nose runny nose,30,female,common_cold
rash runny nose,62,female,allergic_reaction
headache fatigue dark urine dizziness,49,female,dehydration
shortness of breath fever chest tightness cough,50,male,respiratory_infection
severe headache dizziness,40,female,migraine
dry mouth headache fatigue dizziness,67,male,dehydration
sensitivity to light nausea severe headache dizziness,46,female,migraine
nausea fever abdominal cramps,7,female,gastroenteritis
dizziness headache dark urine fatigue dry mouth,51,female,dehydration
nausea fever abdominal cramps vomiting,69,male,gastroenteritis
nausea fever abdominal cramps diarrhea vomiting,19,male,gastroenteritis
mild headache cough,52,male,common_cold
mild headache sore throat,65,female,common_cold
shortness of breath fatigue fever cough chest tightness,20,female,respiratory_infection
stuffy nose mild headache runny nose cough,9,male,common_cold
cough headache,28,female,flu
dry mouth dizziness headache,49,male,dehydration
fever cough chest tightness fatigue shortness of breath,38,female,respiratory_infection
swelling itching runny nose rash,25,male,allergic_reaction
hives runny nose itching sneezing swelling,40,female,allergic_reaction
cough fever,70,male,respiratory_infection
runny nose stuffy nose cough sore throat mild headache,11,female,common_cold
sneezing itching runny nose bruising,31,female,allergic_reaction
cough fever chest tightness fatigue,65,male,respiratory_infection
nausea abdominal cramps fever diarrhea,30,male,gastroenteritis
cough sore throat mild headache,32,female,common_cold
nausea dizziness sensitivity to light,46,male,migraine
cough shortness of breath fatigue chest tightness fever,24,male,respiratory_infection
sensitivity to light nausea,27,male,migraine
fever nausea hearing loss,26,male,gastroenteritis
cough fatigue chest tightness fever shortness of breath swelling,32,male,respiratory_infection
cough body ache,79,female,flu
runny nose sore throat mild headache cough stuffy nose,27,male,common_cold
vomiting abdominal cramps nausea fever,8,male,gastroenteritis
chest tightness cough,34,male,respiratory_infection
sensitivity to light severe headache confusion,28,male,migraine
cough stuffy nose mild headache sore throat,18,female,common_cold
rash hives,56,male,allergic_reaction
fever vomiting diarrhea,53,female,gastroenteritis
body ache headache,16,female,flu
sore throat mild headache,49,male,common_cold
fever cough,83,female,flu
fatigue dry mouth dizziness headache dark urine rash,53,male,dehydration
shortness of breath fever chest tightness fatigue,66,female,respiratory_infection
itching runny nose,42,female,allergic_reaction
nausea diarrhea abdominal cramps,20,female,gastroenteritis
fever sore throat cough body ache,12,male,flu
shortness of breath fatigue abdominal cramps,31,male,respiratory_infection
runny nose mild headache stuffy nose cough,8,female,common_cold
fatigue dry mouth dizziness phlegm,23,male,dehydration
fever chills headache sore throat,52,male,flu
swelling runny nose itching,68,male,allergic_reaction
chest tightness cough shortness of breath fever,63,female,respiratory_infection
nausea severe headache sensitivity to light,44,female,migraine
dizziness severe headache,38,male,migraine
fever shortness of breath fatigue cough hives,43,female,respiratory_infection
dizziness severe headache nausea,26,female,migraine
shortness of breath cough,46,male,respiratory_infection
abdominal cramps fever vomiting nausea,39,female,gastroenteritis
fatigue dry mouth dark urine,23,female,dehydration
shortness of breath fatigue fever chest tightness cough,52,male,respiratory_infection
mild headache stuffy nose runny nose cough sore throat,76,female,common_cold
rash sneezing runny nose hives itching,52,male,allergic_reaction
cough mild headache sore throat stuffy nose,71,male,common_cold
stuffy nose mild headache sore throat cough runny nose,43,female,common_cold
hives runny nose,33,female,allergic_reaction
swelling rash runny nose itching,56,female,allergic_reaction
shortness of breath chest tightness fatigue fever,27,male,respiratory_infection
sore throat mild headache runny nose pain,81,female,common_cold
nausea diarrhea fever vomiting,25,male,gastroenteritis
diarrhea abdominal cramps confusion,63,male,gastroenteritis
cough chest tightness shortness of breath fatigue fever,24,female,respiratory_infection
abdominal cramps fever,37,male,gastroenteritis
headache dizziness dry mouth fatigue dark urine,24,male,dehydration
dizziness nausea severe headache,45,male,migraine
severe headache sensitivity to light nausea dizziness,53,female,migraine
dizziness dry mouth,31,male,dehydration
stuffy nose runny nose cough mild headache,29,female,common_cold
sensitivity to light dizziness nausea severe headache,55,male,migraine
itching hives runny nose swelling,39,female,allergic_reaction
dizziness sensitivity to light,32,female,migraine
nausea dizziness sensitivity to light,36,female,migraine
itching sneezing,25,male,allergic_reaction
cough fatigue shortness of breath,58,female,respiratory_infection
vomiting abdominal cramps nausea,12,male,gastroenteritis
itching rash,23,female,allergic_reaction
severe headache dizziness sensitivity to light nausea,41,female,migraine
chills fever body ache sore throat cough,12,female,flu
fatigue shortness of breath,40,male,respiratory_infection
hives itching swelling sneezing runny nose,33,female,allergic_reaction
sore throat fatigue body ache headache,18,female,flu
hives sneezing itching,25,female,allergic_reaction
nausea fever vomiting,59,male,gastroenteritis
fatigue cough fever,39,female,respiratory_infection
dark urine dizziness,28,male,dehydration
sensitivity to light nausea severe headache,45,male,migraine
dark urine dry mouth fatigue headache dizziness,62,male,dehydration
sore throat fever constipation,8,male,flu
sore throat fatigue fever headache chills,85,female,flu
rash runny nose hives sneezing itching,68,female,allergic_reaction
vomiting diarrhea,19,female,gastroenteritis
shortness of breath fatigue fever chest tightness cough,29,female,respiratory_infection
diarrhea vomiting fever abdominal cramps,63,male,gastroenteritis
abdominal cramps diarrhea vomiting nausea fever,39,male,gastroenteritis
chest tightness fatigue shortness of breath,43,female,respiratory_infection
fever nausea abdominal cramps vomiting diarrhea,72,female,gastroenteritis
mild headache stuffy nose,33,female,common_cold
headache dry mouth,41,female,dehydration
chest tightness cough,57,male,respiratory_infection
cough fever chest tightness fatigue shortness of breath,54,female,respiratory_infection
severe headache dizziness,34,female,migraine
hives sneezing rash,43,male,allergic_reaction
headache dizziness,66,male,dehydration
rash itching hives runny nose,40,female,allergic_reaction
dark urine headache dry mouth dizziness fatigue,18,male,dehydration
swelling itching runny nose hives sneezing,45,male,allergic_reaction
runny nose sneezing rash itching nausea,22,female,allergic_reaction
headache fatigue dry mouth,70,male,dehydration
nausea severe headache sensitivity to light dizziness rapid breathing,50,male,migraine
runny nose sore throat mild headache cough,82,male,common_cold
headache dark urine dry mouth fatigue dizziness hives,50,male,dehydration
dark urine fatigue dry mouth,70,male,dehydration
cough stuffy nose mild headache,45,male,common_cold
fever nausea,43,female,gastroenteritis
dizziness nausea sensitivity to light severe headache,45,female,migraine
dizziness sensitivity to light severe headache,35,male,migraine
mild headache stuffy nose,54,male,common_cold
chest tightness shortness of breath fever fatigue memory loss,48,female,respiratory_infection
fever fatigue sore throat,63,female,flu
mild headache runny nose sore throat difficulty breathing,35,female,common_cold
sensitivity to light nausea,35,male,migraine
vomiting abdominal cramps,25,male,gastroenteritis
body ache fatigue headache,52,male,flu
dark urine dizziness fatigue dry mouth,34,male,dehydration
nausea severe headache dizziness sensitivity to light,48,female,migraine
chest tightness cough,56,female,respiratory_infection
mild headache stuffy nose sore throat runny nose cough,5,male,common_cold
sore throat chills headache fatigue,64,female,flu
severe headache dizziness,44,male,migraine
nausea dizziness,43,male,migraine
fatigue chest tightness shortness of breath cough fever,64,female,respiratory_infection
nausea dizziness severe headache,28,female,migraine
nausea abdominal cramps diarrhea fever vomiting shortness of breath,28,female,gastroenteritis
swelling sneezing,43,female,allergic_reaction
fever nausea vomiting diarrhea abdominal cramps,60,male,gastroenteritis
rash itching sneezing hives runny nose,69,male,allergic_reaction
fatigue chest tightness,42,male,respiratory_infection
runny nose mild headache,14,female,common_cold
dizziness sensitivity to light,28,male,migraine
vomiting fever hoarse voice,51,female,gastroenteritis
sensitivity to light severe headache,48,male,migraine
swelling rash,61,male,allergic_reaction
abdominal cramps fever vomiting diarrhea,50,male,gastroenteritis
fever fatigue,24,male,respiratory_infection
sneezing rash swelling hives runny nose,36,male,allergic_reaction
dark urine dizziness fatigue,28,male,dehydration
fever body ache cough,18,male,flu
nausea fever vomiting diarrhea,10,male,gastroenteritis
mild headache runny nose sore throat cough stuffy nose,6,male,common_cold
dizziness dry mouth fatigue headache dark urine,33,female,dehydration
nausea sensitivity to light dizziness,33,male,migraine
cough stuffy nose sore throat runny nose mild headache,37,female,common_cold
fatigue dizziness dry mouth headache dark urine,24,male,dehydration
fatigue dizziness dark urine dry mouth headache,47,female,dehydration
dizziness fatigue,50,male,dehydration
stuffy nose mild headache sore throat,43,male,common_cold
abdominal cramps fever,44,male,gastroenteritis
dark urine headache,54,female,dehydration
cough mild headache runny nose stuffy nose chest pain,68,female,common_cold
fatigue dizziness,21,male,dehydration
dizziness sensitivity to light,46,male,migraine
nausea dizziness,44,female,migraine
sensitivity to light nausea dizziness severe headache,31,male,migraine
dark urine headache fatigue dry mouth dizziness,64,male,dehydration
sensitivity to light dizziness,40,male,migraine
sensitivity to light severe headache dizziness nausea,47,male,migraine
dizziness sensitivity to light severe headache nausea,32,female,migraine
nausea severe headache,28,male,migraine
fever shortness of breath chest tightness cough,48,female,respiratory_infection
headache dry mouth dizziness fatigue dark urine,34,male,dehydration
dizziness sensitivity to light nausea severe headache,55,female,migraine
sore throat cough headache chills,65,male,flu
chills sore throat,77,female,flu
chest tightness fatigue fever cough,54,female,respiratory_infection
vomiting fever nausea abdominal cramps,68,male,gastroenteritis
dizziness dark urine,35,female,dehydration
dizziness severe headache,29,female,migraine
fever headache shortness of breath,77,female,flu
diarrhea fever vomiting nausea,6,male,gastroenteritis
headache dizziness dry mouth fatigue dark urine neck pain,28,female,dehydration
dizziness headache,18,female,dehydration
vomiting abdominal cramps diarrhea fever,27,female,gastroenteritis
body ache sore throat headache cough weakness,6,male,flu
sore throat headache fever chills,78,female,flu
fatigue sore throat headache,33,female,flu
chest tightness fever shortness of breath,69,male,respiratory_infection
stuffy nose runny nose,49,male,common_cold
fatigue chest tightness shortness of breath cough fever,60,male,respiratory_infection
dry mouth headache fatigue dark urine dizziness,69,male,dehydration
severe headache dizziness sensitivity to light,50,male,migraine
chest tightness cough fever,24,female,respiratory_infection
dizziness dark urine,32,female,dehydration
stuffy nose cough,14,female,common_cold
fatigue chest tightness shortness of breath loss of appetite,48,male,respiratory_infection
fatigue body ache chills fever headache,46,female,flu
chills cough fever,61,male,flu
fatigue fever shortness of breath,34,male,respiratory_infection
nausea sensitivity to light dizziness severe headache ringing in ears,28,female,migraine
mild headache stuffy nose runny nose cough sore throat,51,female,common_cold
cough fatigue body ache fever headache,17,male,flu
chills sore throat,74,male,flu
fever vomiting ear pain,29,female,gastroenteritis
headache cough cold,5,female,flu
nausea dizziness,37,male,migraine
runny nose cough,31,female,common_cold
runny nose itching hives swelling rash,46,male,allergic_reaction
severe headache sensitivity to light,49,female,migraine
headache dizziness,62,male,dehydration
fever fatigue,18,female,respiratory_infection
abdominal cramps nausea,5,male,gastroenteritis
shortness of breath chest tightness fever,43,female,respiratory_infection
severe headache nausea sensitivity to light bumps,45,female,migraine
dark urine headache fatigue dizziness,43,female,dehydration
severe headache sensitivity to light dizziness,54,female,migraine
sensitivity to light dizziness,51,female,migraine
itching swelling hives runny nose sneezing,69,female,allergic_reaction
stuffy nose runny nose mild headache sore throat cough,62,male,common_cold
dizziness headache dry mouth vomiting,48,female,dehydration
runny nose stuffy nose sore throat,79,male,common_cold
runny nose itching hives,62,male,allergic_reaction
cough headache fatigue,57,male,flu
diarrhea nausea vomiting fever abdominal cramps,62,female,gastroenteritis
sensitivity to light nausea dizziness severe headache,50,female,migraine
chest tightness fatigue shortness of breath,47,male,respiratory_infection
shortness of breath fatigue fever cough,26,male,respiratory_infection
hives itching sneezing rash swelling,65,female,allergic_reaction
chest tightness cough fever fatigue,20,female,respiratory_infection
runny nose cough mild headache stuffy nose sore throat,65,female,common_cold
dizziness nausea severe headache,39,female,migraine
sneezing runny nose hives rash itching joint pain,59,male,allergic_reaction
chest tightness fever cough shortness of breath fatigue,63,female,respiratory_infection
sneezing rash hives itching runny nose,24,female,allergic_reaction
shortness of breath fatigue chest tightness fever cough,53,male,respiratory_infection
sensitivity to light severe headache nausea,30,male,migraine
sore throat mild headache,74,male,common_cold
itching hives runny nose rash sneezing,40,male,allergic_reaction
nausea fever diarrhea,66,male,gastroenteritis
nausea fever vomiting diarrhea abdominal cramps,27,male,gastroenteritis
shortness of breath chest tightness fever,18,female,respiratory_infection
vomiting fever diarrhea,8,female,gastroenteritis
shortness of breath fatigue fever chest tightness cough,52,female,respiratory_infection
hives runny nose itching,28,female,allergic_reaction
headache sore throat fever cough,7,male,flu
hives rash,57,female,allergic_reaction
diarrhea nausea,68,female,gastroenteritis
sneezing itching runny nose hives,42,male,allergic_reaction
nausea severe headache sensitivity to light heartburn,44,female,migraine
fever abdominal cramps,19,male,gastroenteritis
dizziness sensitivity to light nausea severe headache,43,female,migraine
sore throat mild headache runny nose stuffy nose cough,21,female,common_cold
dizziness severe headache sensitivity to light nausea,52,male,migraine
chest tightness fatigue cough,53,female,respiratory_infection
body ache chills cough,20,female,flu
rash swelling hives,51,male,allergic_reaction
chest tightness fever shortness of breath,32,female,respiratory_infection
cough runny nose mild headache stuffy nose sore throat,24,male,common_cold
chest tightness fatigue shortness of breath fever cough discoloration,32,female,respiratory_infection
cough stuffy nose,57,male,common_cold
fever chills,32,female,flu
rash sneezing itching swelling,30,male,allergic_reaction
fatigue body ache sore throat fever,61,male,flu
fatigue fever body ache chills,14,female,flu
vomiting diarrhea nausea fever abdominal cramps,23,male,gastroenteritis
itching swelling hives sneezing rash,49,female,allergic_reaction
cough sore throat,82,female,flu
cough fever,66,female,flu
rash swelling hives sneezing,22,female,allergic_reaction
severe headache sensitivity to light dizziness nausea,43,female,migraine
fever cough chills sore throat body ache muscle pain,7,female,flu
fever sore throat fatigue,25,female,flu
nausea sensitivity to light,25,male,migraine
stuffy nose runny nose mild headache sore throat,28,female,common_cold
abdominal cramps nausea fever vomiting,66,female,gastroenteritis
sensitivity to light severe headache dizziness,53,male,migraine
cough sore throat fatigue fever,6,male,flu
shortness of breath fever chest tightness,18,male,respiratory_infection
mild headache stuffy nose runny nose sore throat cough,31,female,common_cold
itching hives sneezing rash,34,female,allergic_reaction
abdominal cramps diarrhea,56,male,gastroenteritis
diarrhea abdominal cramps nausea,71,female,gastroenteritis
nausea abdominal cramps,27,female,gastroenteritis
vomiting fever abdominal cramps nausea diarrhea,50,male,gastroenteritis
chills headache fever,27,male,flu
sore throat headache,57,male,flu
headache dizziness dry mouth,38,male,dehydration
fever chills fatigue,72,female,flu
severe headache nausea sensitivity to light dizziness,43,female,migraine
mild headache sore throat stuffy nose,79,male,common_cold
sore throat runny nose mild headache cough stuffy nose,67,male,common_cold
sneezing swelling itching rash hives,30,female,allergic_reaction
swelling sneezing runny nose rash hoarse voice,34,male,allergic_reaction
sneezing swelling runny nose rash hives body ache,51,male,allergic_reaction
fatigue chest tightness cough,41,male,respiratory_infection
runny nose rash itching sneezing swelling pain,24,female,allergic_reaction
rash swelling sneezing runny nose itching,56,male,allergic_reaction
fever shortness of breath,57,female,respiratory_infection
dry mouth dizziness dark urine headache,18,female,dehydration
sensitivity to light severe headache dizziness,32,male,migraine
swelling hives runny nose itching,22,female,allergic_reaction
sensitivity to light dizziness nausea,40,female,migraine
itching runny nose sneezing hives,67,female,allergic_reaction
diarrhea fever,7,female,gastroenteritis
chest tightness shortness of breath fatigue,33,female,respiratory_infection
cough mild headache runny nose sore throat stuffy nose rapid breathing,60,male,common_cold
cough fatigue,55,female,respiratory_infection
nausea severe headache dizziness,55,female,migraine
dizziness nausea severe headache sensitivity to light,55,female,migraine
runny nose cough stuffy nose mild headache,59,female,common_cold
dizziness headache dark urine dry mouth fatigue,54,male,dehydration
nausea dizziness,30,male,migraine
severe headache sensitivity to light nausea dizziness,29,female,migraine
runny nose sneezing hives itching indigestion,48,female,allergic_reaction
stuffy nose cough,58,female,common_cold
rash hives runny nose itching,26,male,allergic_reaction
sore throat headache,5,female,flu
shortness of breath fever cough fatigue,28,female,respiratory_infection
fever diarrhea,14,female,gastroenteritis
severe headache sensitivity to light,31,female,migraine
fatigue headache dry mouth dizziness,54,female,dehydration
headache chills,62,female,flu
vomiting fever nausea abdominal cramps diarrhea wheezing,19,male,gastroenteritis
mild headache cough stuffy nose runny nose,25,male,common_cold
cough runny nose mild headache,72,male,common_cold
headache dry mouth fatigue dizziness,56,male,dehydration
abdominal cramps diarrhea vomiting,61,female,gastroenteritis
vomiting fever,10,female,gastroenteritis
sore throat cough fatigue body ache discoloration,38,male,flu
cough chest tightness,33,male,respiratory_infection
stuffy nose sore throat runny nose,82,female,common_cold
itching sneezing runny nose swelling hives lightheaded,65,female,allergic_reaction
fatigue fever cough shortness of breath chest tightness,29,male,respiratory_infection
cough mild headache,68,male,common_cold
runny nose stuffy nose cough mild headache sore throat,34,male,common_cold
fever sore throat fatigue chills,32,female,flu
severe headache nausea,38,male,migraine
itching hives swelling rash runny nose,22,male,allergic_reaction
runny nose swelling,26,female,allergic_reaction
sensitivity to light nausea dizziness,36,male,migraine
sore throat runny nose cough mild headache,16,female,common_cold
fever cough chest tightness,35,male,respiratory_infection
fatigue shortness of breath cough fever,67,male,respiratory_infection
headache fatigue body ache,36,female,flu
nausea abdominal cramps fever diarrhea,57,male,gastroenteritis
sensitivity to light dizziness nausea severe headache,28,female,migraine
fever abdominal cramps,70,male,gastroenteritis
runny nose cough mild headache stuffy nose sore throat diarrhea,65,male,common_cold
sensitivity to light severe headache nausea,44,female,migraine
stuffy nose cough,50,female,common_cold
cough runny nose mild headache sore throat,62,female,common_cold
dark urine dry mouth headache fatigue,47,male,dehydration
cough chest tightness shortness of breath fever fatigue,48,female,respiratory_infection
fever fatigue chills headache cough,9,male,flu
stuffy nose sore throat runny nose mild headache cough,24,female,common_cold
itching sneezing constipation,48,male,allergic_reaction
diarrhea vomiting nausea abdominal cramps difficulty breathing,40,female,gastroenteritis
rash hives runny nose,50,male,allergic_reaction
severe headache nausea sensitivity to light,46,male,migraine
diarrhea abdominal cramps nausea vomiting,14,male,gastroenteritis
rash swelling sneezing itching,39,female,allergic_reaction
nausea dizziness severe headache abdominal pain,43,female,migraine
cough chest tightness,51,male,respiratory_infection
fatigue fever chest tightness cough,34,male,respiratory_infection
sneezing runny nose rash hives swelling,31,male,allergic_reaction
fatigue fever,19,female,respiratory_infection
sore throat stuffy nose,21,male,common_cold
rash sneezing,45,female,allergic_reaction
cough chills sore throat,11,female,flu
runny nose itching,47,female,allergic_reaction
fever nausea,47,female,gastroenteritis
dry mouth fatigue dizziness headache,37,male,dehydration
shortness of breath fatigue chest tightness fever,28,female,respiratory_infection
fever chest tightness fatigue cough,48,male,respiratory_infection
cough runny nose sore throat mild headache stuffy nose numbness,80,female,common_cold
runny nose itching swelling sneezing hives,56,female,allergic_reaction
hives sneezing itching runny nose swelling,25,female,allergic_reaction
nausea sensitivity to light,46,female,migraine
sore throat chills headache,8,female,flu
hives itching,20,male,allergic_reaction
swelling rash hives,68,male,allergic_reaction
headache cough memory loss,15,female,flu
fatigue dry mouth dizziness,55,female,dehydration
sneezing runny nose,24,male,allergic_reaction
fever fatigue cough,64,female,respiratory_infection
fatigue dizziness headache dark urine dry mouth,33,male,dehydration
fever shortness of breath fatigue cough heartburn,52,male,respiratory_infection
nausea abdominal cramps diarrhea fever vomiting,71,female,gastroenteritis
nausea severe headache dizziness sensitivity to light,42,male,migraine
cough headache chills body ache fatigue,49,male,flu
nausea diarrhea abdominal cramps vomiting fever,10,male,gastroenteritis
dizziness sensitivity to light nausea severe headache,25,female,migraine
fatigue cough chills body ache fever,63,female,flu
nausea fever diarrhea body ache,26,male,gastroenteritis
sore throat stuffy nose mild headache cough runny nose,52,male,common_cold
swelling runny nose hives sneezing,70,female,allergic_reaction
headache fatigue dizziness dark urine dry mouth,39,male,dehydration
fever diarrhea abdominal cramps,62,male,gastroenteritis
dizziness fatigue dry mouth dark urine,58,male,dehydration
hives sneezing itching runny nose swelling,31,male,allergic_reaction
stuffy nose mild headache cough runny nose,45,female,common_cold
shortness of breath cough fever,23,female,respiratory_infection
diarrhea fever abdominal cramps,16,male,gastroenteritis
shortness of breath cough,50,female,respiratory_infection
nausea abdominal cramps,11,female,gastroenteritis
dark urine headache dizziness fatigue dry mouth,55,female,dehydration
hives sneezing itching runny nose rash,23,male,allergic_reaction
dizziness dark urine dry mouth fatigue headache,25,female,dehydration
itching hives,62,female,allergic_reaction
sneezing rash swelling itching,40,male,allergic_reaction
sore throat cough,13,female,common_cold
fatigue dizziness headache dark urine,38,female,dehydration
chest tightness fatigue fever,48,male,respiratory_infection
nausea fever vomiting diarrhea abdominal cramps,40,male,gastroenteritis
fever chills,74,female,flu
diarrhea fever nausea,53,female,gastroenteritis
rash runny nose,49,male,allergic_reaction
fever abdominal cramps,26,male,gastroenteritis
rash swelling hives sneezing itching,40,female,allergic_reaction
runny nose mild headache stuffy nose sore throat,13,female,common_cold
chest tightness fever,65,male,respiratory_infection
sensitivity to light dizziness,54,female,migraine
diarrhea nausea fever vomiting,45,female,gastroenteritis
dark urine headache,53,male,dehydration
sensitivity to light severe headache difficulty breathing,51,male,migraine
fatigue shortness of breath cough fever chest tightness,53,male,respiratory_infection
mild headache sore throat cough,7,female,common_cold
dry mouth dark urine,46,male,dehydration
dizziness dry mouth,43,female,dehydration
sore throat chills fever body ache cough shivering,8,female,flu
body ache fever,33,female,flu
fever fatigue chills cough headache,45,male,flu
dizziness dry mouth,32,male,dehydration
chills headache fatigue,71,male,flu
runny nose hives rash,47,male,allergic_reaction
cough fatigue shortness of breath chest tightness,69,male,respiratory_infection
abdominal cramps diarrhea fever,68,female,gastroenteritis
dry mouth dark urine,69,male,dehydration
nausea sensitivity to light severe headache,30,female,migraine
fatigue shortness of breath cough chest tightness fever,53,female,respiratory_infection
dark urine dry mouth headache dizziness fatigue,18,male,dehydration
dizziness dry mouth,65,male,dehydration
fever diarrhea vomiting abdominal cramps nausea hot,19,male,gastroenteritis
rash swelling sneezing,35,male,allergic_reaction
fever fatigue,71,male,flu
hives itching lightheaded,50,male,allergic_reaction
body ache chills sore throat headache,66,male,flu
fatigue sore throat body ache headache fever,64,female,flu
body ache headache,10,male,flu
dizziness sensitivity to light nausea,27,male,migraine
cough shortness of breath fever fatigue,39,male,respiratory_infection
cough body ache fatigue fever,76,female,flu
mild headache sore throat cough runny nose,64,male,common_cold
rash runny nose swelling,19,male,allergic_reaction
fatigue dark urine headache dry mouth dizziness,53,female,dehydration
diarrhea nausea,37,female,gastroenteritis
cough body ache fatigue,19,male,flu
sensitivity to light severe headache dizziness nausea,48,male,migraine
severe headache dizziness,49,male,migraine
cough chest tightness,51,female,respiratory_infection
dark urine fatigue dizziness,53,female,dehydration
dry mouth headache dark urine fatigue,60,female,dehydration
runny nose itching rash sneezing,37,female,allergic_reaction
dizziness sensitivity to light nausea,49,female,migraine
sneezing swelling,47,female,allergic_reaction
chills headache,19,male,flu
cough chest tightness,36,male,respiratory_infection
headache fatigue fever chills,50,male,flu
runny nose hives rash sneezing itching redness,55,male,allergic_reaction
dizziness sensitivity to light nausea,28,female,migraine
sore throat fatigue body ache,12,male,flu
swelling itching sneezing hives rash,41,female,allergic_reaction
dizziness fatigue headache dry mouth dark urine,55,female,dehydration
fatigue dry mouth,41,female,dehydration
swelling itching sneezing runny nose,46,female,allergic_reaction
dizziness dark urine dry mouth headache,68,male,dehydration
severe headache sensitivity to light nausea dizziness,39,male,migraine
runny nose rash,70,female,allergic_reaction
rash itching swelling runny nose hives,34,male,allergic_reaction
sneezing itching rash hives runny nose,45,female,allergic_reaction
nausea severe headache,51,female,migraine
sore throat chills body ache cough,25,female,flu
severe headache nausea dizziness sensitivity to light,34,male,migraine
dizziness severe headache,26,male,migraine
dizziness fatigue dry mouth,70,female,dehydration
headache dark urine,22,male,dehydration
runny nose cough stuffy nose mild headache sore throat,13,female,common_cold
swelling hives sneezing runny nose rash,43,male,allergic_reaction
fatigue shortness of breath,52,female,respiratory_infection
headache fatigue,42,male,flu
stuffy nose cough runny nose,70,male,common_cold
headache fever,5,male,flu
sensitivity to light severe headache dizziness nausea,39,male,migraine
dark urine dry mouth headache,60,female,dehydration
cough sore throat body ache,14,female,flu
hives sneezing,40,male,allergic_reaction
abdominal cramps fever,35,female,gastroenteritis
fatigue shortness of breath fever cough chest tightness,52,female,respiratory_infection
swelling rash itching,30,female,allergic_reaction
hives swelling rash itching runny nose,48,female,allergic_reaction
fever nausea diarrhea vomiting abdominal cramps,28,female,gastroenteritis
sore throat fever body ache cough fatigue,77,female,flu
fever body ache cough,83,female,flu
dry mouth headache dizziness dark urine fatigue,69,female,dehydration
fatigue dry mouth dizziness headache,29,male,dehydration
itching swelling,30,female,allergic_reaction
fatigue dizziness headache dark urine dry mouth,60,male,dehydration
nausea severe headache,25,male,migraine
fatigue headache dark urine dizziness,60,female,dehydration
fatigue headache dark urine dizziness,23,female,dehydration
hives sneezing rash itching,55,female,allergic_reaction
sensitivity to light nausea,37,female,migraine
fever diarrhea nausea vomiting abdominal cramps,16,female,gastroenteritis
fatigue dry mouth dark urine,42,male,dehydration
severe headache dizziness sensitivity to light nausea,48,female,migraine
runny nose sore throat stuffy nose,51,female,common_cold
cough stuffy nose,30,female,common_cold
cough runny nose stuffy nose,10,male,common_cold
cough fever,47,male,respiratory_infection
chest tightness shortness of breath cough,34,female,respiratory_infection
fatigue dark urine,23,male,dehydration
chest tightness cough fever fatigue,46,male,respiratory_infection
fatigue dry mouth dizziness dark urine,61,male,dehydration
vomiting fever nausea diarrhea,42,male,gastroenteritis
runny nose rash sneezing,21,female,allergic_reaction
dark urine fatigue dry mouth,51,male,dehydration
hives swelling itching,21,male,allergic_reaction
dark urine fatigue dry mouth headache,62,male,dehydration
nausea vomiting diarrhea fever abdominal cramps,69,female,gastroenteritis
fever cough redness,29,male,respiratory_infection
runny nose cough sore throat mild headache,79,female,common_cold
body ache cough,41,female,flu
cough runny nose sore throat,12,male,common_cold
severe headache nausea dizziness sensitivity to light,41,male,migraine
sneezing swelling hives itching,65,female,allergic_reaction
chest tightness fever fatigue cough shortness of breath,34,female,respiratory_infection
dizziness severe headache,53,female,migraine
dizziness severe headache nausea,29,female,migraine
fatigue chest tightness cough fever,33,female,respiratory_infection
sore throat runny nose mild headache stuffy nose cough,78,male,common_cold
chest tightness shortness of breath,21,male,respiratory_infection
chest tightness fever shortness of breath fatigue cough,67,female,respiratory_infection
runny nose cough,10,female,common_cold
shortness of breath fatigue fever,20,male,respiratory_infection
fever vomiting abdominal cramps diarrhea nausea,18,female,gastroenteritis
mild headache runny nose sore throat cough stuffy nose,45,male,common_cold
dark urine fatigue dry mouth,55,male,dehydration
shortness of breath fever fatigue,46,male,respiratory_infection
fatigue cough sore throat chills headache,28,male,flu
diarrhea vomiting abdominal cramps fever nausea,63,male,gastroenteritis
sensitivity to light severe headache,30,female,migraine
diarrhea nausea abdominal cramps fever vomiting,64,male,gastroenteritis
sensitivity to light severe headache dizziness,38,female,migraine
sore throat runny nose mild headache stuffy nose cough,18,male,common_cold
nausea abdominal cramps vomiting diarrhea fever,10,female,gastroenteritis
cough sore throat chills,5,male,flu
shortness of breath fever fatigue cough,44,male,respiratory_infection
dizziness headache fatigue dry mouth dark urine,34,male,dehydration
headache dizziness dry mouth fatigue,24,female,dehydration
abdominal cramps vomiting,40,male,gastroenteritis
nausea severe headache dizziness sensitivity to light,38,female,migraine
abdominal cramps fever,8,female,gastroenteritis
severe headache dizziness,47,male,migraine
severe headache sensitivity to light dizziness nausea,30,male,migraine
dizziness nausea severe headache sensitivity to light,38,female,migraine
fatigue chills sore throat,70,female,flu
chest tightness fatigue fever,62,male,respiratory_infection
vomiting nausea,19,male,gastroenteritis
cough chest tightness abdominal pain,54,male,respiratory_infection
dizziness dry mouth,67,male,dehydration
sensitivity to light severe headache dizziness,47,female,migraine
stuffy nose sore throat mild headache cough,12,female,common_cold
stuffy nose cough mild headache sore throat,11,female,common_cold
cough headache,57,female,flu
cough runny nose mild headache stuffy nose,40,female,common_cold
dizziness dark urine fatigue dry mouth,31,female,dehydration
chills fatigue cough fever headache,8,female,flu
hives runny nose sneezing itching,21,female,allergic_reaction
hives sneezing runny nose swelling,55,female,allergic_reaction
fever vomiting abdominal cramps nausea,51,female,gastroenteritis
swelling itching rash sneezing runny nose,49,female,allergic_reaction
dizziness sensitivity to light,50,female,migraine
abdominal cramps diarrhea vomiting nausea fever weakness,34,male,gastroenteritis
dark urine headache,22,male,dehydration
swelling sneezing itching,66,female,allergic_reaction
nausea diarrhea abdominal cramps,44,female,gastroenteritis
sneezing itching hives swelling runny nose,19,male,allergic_reaction
sore throat runny nose difficulty breathing,29,male,common_cold
fatigue shortness of breath,54,male,respiratory_infection
chills fatigue sore throat headache,8,male,flu
swelling hives runny nose,29,male,allergic_reaction
dark urine dizziness fatigue,45,male,dehydration
vomiting nausea abdominal cramps,11,female,gastroenteritis
vomiting nausea diarrhea phlegm,53,female,gastroenteritis
headache dizziness dark urine fatigue,60,male,dehydration
sneezing swelling chest pain,36,female,allergic_reaction
dry mouth dark urine,61,female,dehydration
cough sore throat stuffy nose mild headache runny nose,23,female,common_cold
sore throat runny nose cough mild headache stuffy nose,68,male,common_cold
itching hives sneezing swelling,24,female,allergic_reaction
nausea fever diarrhea,15,female,gastroenteritis
dizziness headache fatigue,70,male,dehydration
fever fatigue chest tightness neck pain,37,male,respiratory_infection
cough shortness of breath,57,male,respiratory_infection
cough sore throat fever fatigue,9,male,flu
mild headache cough sore throat,54,male,common_cold
runny nose cough mild headache,24,male,common_cold
nausea severe headache sensitivity to light,26,male,migraine
dizziness nausea,33,male,migraine
sore throat stuffy nose,9,female,common_cold
cough fatigue shortness of breath fever chest tightness,65,female,respiratory_infection
chills sore throat body ache,82,male,flu
fatigue fever cough,27,female,respiratory_infection
dizziness nausea sensitivity to light severe headache phlegm,53,male,migraine
fever shortness of breath chest tightness fatigue cough,58,female,respiratory_infection
sensitivity to light severe headache,30,male,migraine
fatigue fever,38,female,respiratory_infection
runny nose itching hives confusion,22,male,allergic_reaction
chills body ache fatigue sore throat tender,12,female,flu
headache cough fatigue fever sore throat,31,female,flu
headache dry mouth,43,male,dehydration
sensitivity to light dizziness nausea severe headache,39,female,migraine
mild headache sore throat cough stuffy nose runny nose,18,female,common_cold
fever shortness of breath,21,male,respiratory_infection
stuffy nose runny nose cough,42,female,common_cold
cough fever shortness of breath fatigue chest tightness,46,female,respiratory_infection
fatigue cough shortness of breath chest tightness,31,female,respiratory_infection
chest tightness shortness of breath cough fatigue fever earache,61,female,respiratory_infection
fatigue chest tightness,70,female,respiratory_infection
dry mouth fatigue headache,41,male,dehydration
fatigue cough body ache,70,female,flu
nausea severe headache dizziness sensitivity to light,41,male,migraine
cough sore throat,6,female,common_cold
fatigue dry mouth,64,male,dehydration
mild headache cough sore throat stuffy nose,39,male,common_cold
sore throat runny nose cough mild headache,41,male,common_cold
cough runny nose,68,male,common_cold
dizziness sensitivity to light nausea severe headache,51,female,migraine
chills fever fatigue,34,female,flu
dark urine dry mouth headache fatigue dizziness,29,male,dehydration
chills cough fatigue headache sore throat,25,female,flu
diarrhea vomiting,38,female,gastroenteritis
dark urine dry mouth headache,65,male,dehydration
chills headache sore throat fever,67,female,flu
headache fever body ache cough chills,6,male,flu
fever body ache fatigue chills sore throat,17,female,flu
cough fever sore throat,81,female,flu
chest tightness cough fatigue fever,59,female,respiratory_infection
fatigue fever,29,female,respiratory_infection
nausea abdominal cramps,18,male,gastroenteritis
hives sneezing rash itching rapid breathing,58,male,allergic_reaction
itching sneezing swelling runny nose,61,male,allergic_reaction
rash swelling sneezing hives runny nose,33,female,allergic_reaction
cough chills fever headache fatigue,8,male,flu
body ache fatigue fever sore throat,49,female,flu
abdominal cramps fever vomiting,72,male,gastroenteritis
fever chest tightness,47,male,respiratory_infection
fever shortness of breath fatigue,43,female,respiratory_infection
hives sneezing runny nose swelling,48,female,allergic_reaction
fatigue headache,18,male,dehydration
sore throat cough runny nose stuffy nose mild headache,12,female,common_cold
fatigue headache,19,female,dehydration
headache fever diarrhea,6,female,flu
sore throat cough headache,14,female,flu
mild headache cough stuffy nose,9,female,common_cold
body ache fever fatigue,65,male,flu
sensitivity to light severe headache,42,male,migraine
body ache headache chills fatigue stomach upset,22,female,flu
dark urine headache fatigue dizziness dry mouth,23,male,dehydration
cough shortness of breath,36,female,respiratory_infection
nausea diarrhea vomiting fever,63,female,gastroenteritis
hives swelling sore throat,25,female,allergic_reaction
chest tightness shortness of breath fatigue cough fever,46,female,respiratory_infection
abdominal cramps vomiting diarrhea fever,51,male,gastroenteritis
cough fever,27,male,respiratory_infection
swelling runny nose sneezing hives,58,female,allergic_reaction
nausea sensitivity to light dizziness severe headache,52,male,migraine
sneezing rash runny nose swelling itching,36,female,allergic_reaction
stuffy nose mild headache sore throat runny nose,45,male,common_cold
fatigue sore throat headache,66,female,flu
body ache cough sore throat chills headache,22,female,flu
abdominal cramps diarrhea fever nausea vomiting,74,female,gastroenteritis
hives swelling itching,45,female,allergic_reaction
headache chills cough body ache,61,male,flu
shortness of breath cough,21,female,respiratory_infection
chest tightness shortness of breath,39,male,respiratory_infection
hives sneezing rash,57,female,allergic_reaction
sore throat runny nose,13,female,common_cold
headache body ache fatigue chills sore throat,48,female,flu
cough shortness of breath fatigue,44,female,respiratory_infection
fatigue headache dry mouth dizziness,52,female,dehydration
headache fever sore throat fatigue numbness,8,female,flu
sensitivity to light nausea severe headache,39,female,migraine
body ache cough sore throat,50,female,flu
chills headache sore throat,6,female,flu
dry mouth dizziness dark urine fatigue,25,female,dehydration
nausea sensitivity to light dizziness,29,male,migraine
swelling itching rash back pain,63,male,allergic_reaction
fatigue headache dry mouth dark urine,46,male,dehydration
headache dark urine dizziness dry mouth,66,female,dehydration
stuffy nose sore throat cough runny nose,17,female,common_cold
fatigue dizziness headache,48,male,dehydration
headache fatigue,39,female,dehydration
fatigue chills headache fever,12,male,flu
chest tightness cough,47,male,respiratory_infection
severe headache nausea,45,female,migraine
sore throat body ache chills,8,female,flu
fatigue dizziness,43,male,dehydration
nausea severe headache,30,female,migraine
chest tightness cough fever shortness of breath,63,male,respiratory_infection
runny nose itching hives,47,male,allergic_reaction
runny nose mild headache sore throat stuffy nose earache,75,male,common_cold
shortness of breath cough chest tightness tiredness,58,female,respiratory_infection
diarrhea vomiting nausea,43,male,gastroenteritis
runny nose cough,68,female,common_cold
hives sneezing,24,female,allergic_reaction
headache dark urine,56,female,dehydration
fatigue shortness of breath fever cough chest tightness,51,male,respiratory_infection
sensitivity to light nausea severe headache dizziness,50,female,migraine
abdominal cramps nausea,48,male,gastroenteritis
nausea abdominal cramps fever vomiting diarrhea,10,female,gastroenteritis
runny nose sore throat stuffy nose mild headache cough,56,male,common_cold
nausea abdominal cramps vertigo,47,female,gastroenteritis
mild headache sore throat cough stuffy nose runny nose exhaustion,47,female,common_cold
chest tightness fatigue,64,female,respiratory_infection
fatigue chills fever headache body ache,15,male,flu
mild headache runny nose cough stuffy nose,6,male,common_cold
mild headache stuffy nose cough sore throat runny nose,13,male,common_cold
fatigue dry mouth,25,male,dehydration
diarrhea nausea fever vomiting,30,female,gastroenteritis
mild headache sore throat cough stuffy nose,76,male,common_cold
rash swelling runny nose,39,female,allergic_reaction
fatigue fever cough hot,62,male,respiratory_infection
fatigue cough fever chest tightness,47,female,respiratory_infection
abdominal cramps nausea vomiting diarrhea fever,40,female,gastroenteritis
sore throat headache bruising,55,female,flu
chest tightness cough shortness of breath,44,male,respiratory_infection
sensitivity to light nausea dizziness severe headache,38,female,migraine
sensitivity to light nausea dizziness severe headache,49,female,migraine
mild headache cough runny nose sore throat,67,male,common_cold
sore throat fatigue headache,77,male,flu
fever shortness of breath,43,male,respiratory_infection
shortness of breath chest tightness cough fever fatigue,59,female,respiratory_infection
headache dark urine dizziness dry mouth fatigue,49,female,dehydration
fever diarrhea vomiting,61,female,gastroenteritis
runny nose sore throat stuffy nose,56,male,common_cold
nausea diarrhea vomiting,39,female,gastroenteritis
nausea severe headache,35,female,migraine
fever shortness of breath cough,28,male,respiratory_infection
runny nose swelling,37,male,allergic_reaction
chest tightness cough,56,male,respiratory_infection
itching runny nose,64,female,allergic_reaction
fever nausea,32,male,gastroenteritis
fatigue shortness of breath fever cough chest tightness,31,female,respiratory_infection
dark urine dry mouth fatigue dizziness headache,25,female,dehydration
stuffy nose runny nose sore throat cough mild headache,61,male,common_cold
stuffy nose sore throat mild headache cough,57,male,common_cold
body ache chills fever fatigue,27,male,flu
swelling hives,22,female,allergic_reaction
dizziness nausea severe headache,38,male,migraine
chest tightness fever,19,male,respiratory_infection
hives itching rash swelling,18,female,allergic_reaction
nausea severe headache sensitivity to light,54,female,migraine
fatigue dry mouth headache dizziness dark urine,35,female,dehydration
abdominal cramps vomiting nausea,33,female,gastroenteritis
cough fever chills headache redness,73,female,flu
sore throat runny nose,51,male,common_cold
fatigue chest tightness cough shortness of breath fever,53,male,respiratory_infection
rash swelling,33,female,allergic_reaction
headache fatigue,19,female,flu
headache dark urine dry mouth dizziness,52,male,dehydration
cough sore throat stuffy nose mucus,22,female,common_cold
runny nose cough stuffy nose sore throat mild headache,69,female,common_cold
rash sneezing itching hives pain,70,male,allergic_reaction
mild headache sore throat,19,male,common_cold
nausea sensitivity to light severe headache dizziness,34,female,migraine
abdominal cramps nausea diarrhea vomiting,66,male,gastroenteritis
nausea sensitivity to light dizziness,34,male,migraine
headache fatigue dry mouth dizziness dark urine,66,female,dehydration
fatigue body ache chills sore throat fever,58,male,flu
dizziness sensitivity to light severe headache wheezing,33,male,migraine
fatigue dry mouth,46,male,dehydration
dark urine dizziness,20,male,dehydration
cough stuffy nose,67,female,common_cold
abdominal cramps diarrhea,44,male,gastroenteritis
headache fever body ache,58,male,flu
fatigue fever cough,10,female,flu
sore throat runny nose,33,female,common_cold
runny nose cough stuffy nose mild headache sore throat,62,male,common_cold
sore throat headache cough fever,51,male,flu
cough mild headache sore throat stuffy nose,11,female,common_cold
swelling runny nose rash,57,male,allergic_reaction
stuffy nose runny nose cough mild headache,55,male,common_cold
fatigue cough chills headache,63,male,flu
diarrhea nausea abdominal cramps,64,male,gastroenteritis
sore throat fatigue headache,19,male,flu
rash itching hives,25,female,allergic_reaction
cough chest tightness fatigue,40,male,respiratory_infection
fatigue cough chest tightness shortness of breath fever,63,female,respiratory_infection
cough stuffy nose mild headache sore throat runny nose,5,female,common_cold
headache dry mouth dark urine fatigue dizziness,36,female,dehydration
fever shortness of breath chest tightness joint pain,68,male,respiratory_infection
cough sore throat runny nose mild headache,47,female,common_cold
nausea abdominal cramps vomiting fever hearing loss,25,male,gastroenteritis
dry mouth dizziness fatigue headache,67,male,dehydration
shortness of breath fever,26,female,respiratory_infection
cough chills body ache fever sore throat,22,male,flu
sore throat headache,47,male,flu
nausea dizziness sensitivity to light severe headache,41,male,migraine
body ache fatigue,19,female,flu
itching sneezing hives runny nose,22,female,allergic_reaction
nausea diarrhea abdominal cramps,9,male,gastroenteritis
sore throat fatigue headache cough,32,female,flu
sore throat cough headache,22,female,flu
sore throat mild headache stuffy nose cough runny nose,16,female,common_cold
runny nose itching,38,male,allergic_reaction
swelling runny nose sneezing rash itching,69,female,allergic_reaction
cough sore throat,52,female,common_cold
stuffy nose cough runny nose,71,male,common_cold
vomiting diarrhea,36,male,gastroenteritis
cough chills,5,male,flu
sneezing hives runny nose itching body ache,21,female,allergic_reaction
dry mouth dizziness,40,male,dehydration
fever shortness of breath cough,36,male,respiratory_infection
dizziness dark urine headache fatigue dry mouth,24,male,dehydration
swelling rash runny nose weakness,43,male,allergic_reaction
abdominal cramps fever diarrhea vomiting nausea,45,female,gastroenteritis
cough stuffy nose runny nose,43,female,common_cold
hives itching runny nose rash,57,female,allergic_reaction
shortness of breath fatigue chest tightness stuffy nose,52,female,respiratory_infection
dark urine fatigue headache dry mouth,40,male,dehydration
fatigue headache sore throat chills fever,15,female,flu
sore throat fever headache,57,male,flu
nausea dizziness severe headache sensitivity to light,42,male,migraine
shortness of breath fever fatigue cough,48,male,respiratory_infection
cough fatigue,40,female,respiratory_infection
fatigue dark urine dizziness dry mouth,23,male,dehydration
diarrhea fever nausea vomiting abdominal cramps,21,male,gastroenteritis
vomiting diarrhea,25,female,gastroenteritis
diarrhea abdominal cramps fever vomiting nausea,54,male,gastroenteritis
headache cough fatigue sore throat heartburn,18,male,flu
rash sneezing sore,51,female,allergic_reaction
cough fever shortness of breath,63,male,respiratory_infection
cough shortness of breath fatigue,67,male,respiratory_infection
itching sneezing rash hives runny nose,62,male,allergic_reaction
dizziness severe headache sensitivity to light,35,female,migraine
hives swelling sneezing rash itching,21,female,allergic_reaction
fatigue dark urine,42,female,dehydration
body ache headache cough,11,male,flu
sensitivity to light dizziness nausea,42,female,migraine
stuffy nose sore throat,6,female,common_cold
fever chest tightness,29,female,respiratory_infection
mild headache cough stuffy nose runny nose,60,male,common_cold
cough headache hot,70,male,flu
sensitivity to light nausea severe headache dizziness,48,male,migraine
dark urine dizziness headache dry mouth fatigue,68,male,dehydration
vomiting nausea abdominal cramps,39,male,gastroenteritis
rash itching sneezing runny nose,43,male,allergic_reaction
runny nose mild headache sore throat cough,49,female,common_cold
cough headache fatigue,59,female,flu
fever diarrhea,73,female,gastroenteritis
severe headache dizziness nausea,39,female,migraine
fever abdominal cramps vomiting earache,62,female,gastroenteritis
chest tightness fatigue shortness of breath stomach pain,18,female,respiratory_infection
abdominal cramps diarrhea,66,male,gastroenteritis
runny nose mild headache,57,male,common_cold
fatigue cough shortness of breath,39,female,respiratory_infection
headache cough sore throat chills,14,male,flu
swelling rash runny nose,28,female,allergic_reaction
sore throat runny nose stuffy nose cough,29,male,common_cold
body ache headache,41,female,flu
abdominal cramps fever nausea,11,male,gastroenteritis
swelling runny nose,63,male,allergic_reaction
vomiting nausea abdominal cramps diarrhea fever,63,female,gastroenteritis
nausea diarrhea vomiting fever,13,female,gastroenteritis
headache body ache,43,female,flu
dizziness nausea severe headache hoarse voice,55,male,migraine
fever sore throat abdominal cramps,18,female,flu
diarrhea abdominal cramps,49,female,gastroenteritis
nausea vomiting,35,female,gastroenteritis
cough chest tightness,24,female,respiratory_infection
mild headache stuffy nose runny nose loss of appetite,71,male,common_cold
fatigue headache dark urine,66,female,dehydration
severe headache dizziness sensitivity to light,47,female,migraine
headache chills fatigue fever sore throat,38,male,flu
fatigue body ache headache sore throat chills,37,male,flu
dark urine headache,41,female,dehydration
fever chills headache,82,male,flu
chest tightness cough,64,female,respiratory_infection
stuffy nose cough mild headache runny nose,5,male,common_cold
dark urine headache dizziness dry mouth,52,male,dehydration
sore throat body ache chills fatigue,5,male,flu
diarrhea fever vomiting abdominal cramps nausea,28,female,gastroenteritis
hives runny nose swelling rash sneezing,43,female,allergic_reaction
swelling rash sneezing hives runny nose,52,male,allergic_reaction
headache dizziness,58,male,dehydration
dizziness nausea severe headache sensitivity to light weakness,38,female,migraine
fatigue fever shortness of breath cough chest tightness,40,male,respiratory_infection
dizziness severe headache sensitivity to light nausea,49,female,migraine
cough mild headache sore throat stuffy nose itching,73,male,common_cold
headache fatigue fever sore throat,82,female,flu
dark urine dry mouth fatigue dizziness headache,33,male,dehydration
swelling sneezing hives itching rash discoloration,34,female,allergic_reaction
shortness of breath fatigue cough chest tightness fever,39,male,respiratory_infection
rash swelling sneezing itching hives,35,female,allergic_reaction
fever chest tightness shortness of breath cough fatigue,33,male,respiratory_infection
shortness of breath fatigue cough chest tightness fever,52,female,respiratory_infection
cough body ache sore throat fatigue fever phlegm,68,male,flu
nausea vomiting,61,female,gastroenteritis
dizziness sensitivity to light severe headache,52,female,migraine
body ache sore throat cough,46,male,flu
sore throat fatigue body ache fever,39,female,flu
chills body ache sore throat phlegm,76,male,flu
fatigue cough shortness of breath,48,female,respiratory_infection
dark urine dry mouth headache fatigue,29,male,dehydration
rash swelling sneezing runny nose,60,female,allergic_reaction
nausea fever,27,male,gastroenteritis
cough mild headache sore throat runny nose,6,female,common_cold
chills fatigue headache cough,78,female,flu
fever chest tightness shortness of breath fatigue cough,61,female,respiratory_infection
sneezing swelling rash runny nose itching,63,female,allergic_reaction
chills fever headache body ache,15,female,flu
chills headache fatigue cough sore throat temperature,46,female,flu
dizziness dark urine dry mouth,20,male,dehydration
fatigue dry mouth headache,67,female,dehydration
fever cough,60,male,respiratory_infection
cough mild headache,27,male,common_cold
nausea vomiting,20,male,gastroenteritis
diarrhea vomiting abdominal cramps,51,male,gastroenteritis
stuffy nose sore throat runny nose mild headache cough,85,male,common_cold
stuffy nose mild headache runny nose sore throat cough,46,female,common_cold
runny nose hives chest pain,43,male,allergic_reaction
dizziness sensitivity to light,41,male,migraine
dizziness dry mouth dark urine,36,male,dehydration
sneezing runny nose swelling hives,45,male,allergic_reaction
diarrhea nausea abdominal cramps vomiting fever,18,female,gastroenteritis
chills sore throat fever body ache,6,male,flu
abdominal cramps diarrhea fever nausea vomiting,70,female,gastroenteritis
cough mild headache stuffy nose,6,male,common_cold
chills headache cough body ache,46,male,flu
stuffy nose runny nose cough mild headache sore throat,37,male,common_cold
diarrhea abdominal cramps vomiting,44,male,gastroenteritis
nausea sensitivity to light severe headache dizziness,53,male,migraine
headache fever chills fatigue cough,78,male,flu
sneezing itching hives rash runny nose,21,female,allergic_reaction
cough sore throat chills fever body ache,64,female,flu
severe headache nausea,31,male,migraine
sneezing hives swelling runny nose,46,male,allergic_reaction
vomiting nausea diarrhea abdominal cramps fever,26,female,gastroenteritis
hives itching runny nose sneezing rash,53,male,allergic_reaction
hives itching sneezing runny nose rash,50,female,allergic_reaction
swelling itching hives runny nose rash,57,male,allergic_reaction
cough fatigue shortness of breath chest tightness fever,51,male,respiratory_infection
sore throat runny nose mild headache cough,15,female,common_cold
cough fatigue chest tightness shortness of breath,66,female,respiratory_infection
fever nausea,54,female,gastroenteritis
vomiting abdominal cramps diarrhea,45,male,gastroenteritis
diarrhea vomiting,44,male,gastroenteritis
body ache fever chills,36,male,flu
fever fatigue,65,male,respiratory_infection
shortness of breath fever,39,male,respiratory_infection
runny nose cough stuffy nose mild headache,16,female,common_cold
sensitivity to light nausea severe headache,42,female,migraine
dizziness dry mouth dark urine fatigue headache,50,male,dehydration
fatigue dizziness headache dry mouth,35,female,dehydration
sneezing rash itching runny nose,48,male,allergic_reaction
mild headache sore throat weakness,14,male,common_cold
fever cough fatigue shortness of breath,23,female,respiratory_infection
severe headache dizziness sensitivity to light nausea,40,female,migraine
runny nose stuffy nose sore throat cough mild headache,15,female,common_cold
shortness of breath chest tightness fever,57,male,respiratory_infection
fever fatigue chest tightness shortness of breath cough,50,male,respiratory_infection
fever vomiting nausea diarrhea,30,female,gastroenteritis
cough fever,13,male,flu
nausea diarrhea fatigue,11,female,gastroenteritis
itching swelling,68,male,allergic_reaction
headache fatigue sore throat,5,female,flu
vomiting nausea diarrhea,46,female,gastroenteritis
cough mild headache,12,male,common_cold
vomiting nausea heartburn,25,female,gastroenteritis
dizziness dark urine dry mouth headache fatigue,65,female,dehydration
runny nose sneezing hives swelling itching,39,male,allergic_reaction
fever diarrhea nausea vomiting,37,male,gastroenteritis
abdominal cramps diarrhea nausea vomiting fever,35,female,gastroenteritis
hives sneezing,39,male,allergic_reaction
fatigue chest tightness shortness of breath cough fever,48,male,respiratory_infection
body ache headache fatigue cough,5,female,flu
fatigue sore throat chills body ache headache,8,female,flu
fever cough chest tightness,56,female,respiratory_infection
chest tightness fatigue fever,56,male,respiratory_infection
cough sore throat stuffy nose mild headache runny nose,59,male,common_cold
shortness of breath fever chest tightness fatigue chest pain,38,male,respiratory_infection
dark urine dry mouth dizziness headache fatigue,35,female,dehydration
headache fever chills,15,male,flu
dark urine fatigue dizziness ache,51,female,dehydration
chills headache fever sore throat body ache,18,male,flu
abdominal cramps fever diarrhea nausea,27,male,gastroenteritis
runny nose swelling itching hives sneezing cold,53,male,allergic_reaction
fatigue chest tightness cough,32,female,respiratory_infection
abdominal cramps vomiting,14,female,gastroenteritis
headache dizziness dark urine dry mouth fatigue,51,female,dehydration
cough mild headache runny nose,42,female,common_cold
dizziness severe headache sensitivity to light,29,female,migraine
mild headache runny nose stuffy nose sore throat cough,44,female,common_cold
sore throat fever headache chills body ache,24,female,flu
shortness of breath cough,19,male,respiratory_infection
sore throat stuffy nose cough,12,male,common_cold
mild headache stuffy nose,84,male,common_cold
itching rash hives swelling,56,male,allergic_reaction
runny nose mild headache cough stuffy nose sore throat,51,male,common_cold
fatigue dizziness,68,female,dehydration
shortness of breath fatigue fever,25,female,respiratory_infection
sore throat cough chills headache fatigue,12,male,flu
fever cough fatigue,19,female,respiratory_infection
sensitivity to light severe headache nausea,33,male,migraine
headache fever,16,male,flu
sore throat fever fatigue cough,9,male,flu
cough fever chest tightness shortness of breath,27,male,respiratory_infection
headache dizziness fatigue,35,female,dehydration
severe headache nausea,48,female,migraine
diarrhea vomiting abdominal cramps fever,20,male,gastroenteritis
sensitivity to light severe headache,27,female,migraine
body ache fever sore throat,62,male,flu
nausea dizziness sensitivity to light severe headache,51,female,migraine
vomiting abdominal cramps nausea diarrhea,26,female,gastroenteritis
fatigue headache,33,male,flu
rash runny nose,63,female,allergic_reaction
sore throat cough mild headache stuffy nose runny nose,5,female,common_cold
swelling hives itching runny nose sneezing,21,female,allergic_reaction
dizziness sensitivity to light,41,male,migraine
abdominal cramps vomiting nausea,69,female,gastroenteritis
fever abdominal cramps,55,female,gastroenteritis
sneezing swelling hives,36,female,allergic_reaction
nausea abdominal cramps vomiting fever diarrhea,43,female,gastroenteritis
runny nose stuffy nose sore throat,52,female,common_cold
dizziness sensitivity to light severe headache,43,female,migraine
body ache headache chills,51,male,flu
hives runny nose swelling sneezing,32,male,allergic_reaction
sensitivity to light nausea severe headache dizziness,54,male,migraine
dark urine dizziness dry mouth headache abdominal pain,19,male,dehydration
cough fever fatigue,25,female,respiratory_infection
dizziness severe headache nausea sensitivity to light chest pain,49,female,migraine
mild headache runny nose cough,9,male,common_cold
cough fatigue fever shortness of breath chest tightness,45,female,respiratory_infection
headache body ache chills,7,male,flu
rash sneezing runny nose hives swelling,57,male,allergic_reaction
severe headache dizziness nausea,55,female,migraine
itching runny nose sneezing ear pain,39,male,allergic_reaction
fatigue fever chills,8,male,flu
vomiting diarrhea nausea,46,female,gastroenteritis
shortness of breath fatigue chest tightness,47,female,respiratory_infection
fever abdominal cramps diarrhea,35,male,gastroenteritis
chills sore throat cough headache fatigue pain,41,male,flu
fever fatigue,58,male,respiratory_infection
runny nose cough sore throat,7,female,common_cold
nausea sensitivity to light severe headache dizziness shortness of breath,25,male,migraine
dry mouth headache,49,female,dehydration
stuffy nose runny nose sore throat mild headache,12,female,common_cold
runny nose mild headache cough sore throat,46,male,common_cold
cough fatigue chills,30,male,flu
dizziness sensitivity to light severe headache,55,male,migraine
runny nose rash sneezing itching swelling,33,female,allergic_reaction
swelling hives sneezing,42,female,allergic_reaction
sore throat body ache cough fever,23,female,flu
nausea dizziness severe headache sensitivity to light,44,male,migraine
dark urine headache dry mouth fatigue,47,male,dehydration
swelling itching,65,female,allergic_reaction
sneezing rash hives swelling,31,male,allergic_reaction
severe headache dizziness,43,male,migraine
shortness of breath fatigue,41,male,respiratory_infection
chest tightness cough fatigue shortness of breath,27,male,respiratory_infection
dizziness sensitivity to light,33,female,migraine
chest tightness fever,47,male,respiratory_infection
severe headache dizziness nausea,50,female,migraine
fever fatigue cough chills sore throat rapid breathing,84,female,flu
fatigue headache dry mouth,31,female,dehydration
fatigue fever shortness of breath discoloration,35,male,respiratory_infection
cough runny nose sore throat mild headache,36,male,common_cold
diarrhea vomiting fever abdominal cramps nausea,50,male,gastroenteritis
sore throat cough mild headache,22,female,common_cold
headache fever,50,male,flu
fever abdominal cramps diarrhea nausea vomiting,50,male,gastroenteritis
fever sore throat headache chills,28,female,flu
headache fatigue,65,female,dehydration
dizziness nausea severe headache sensitivity to light,28,female,migraine
mild headache cough sore throat runny nose stuffy nose,63,male,common_cold
severe headache nausea dizziness,38,female,migraine
chest tightness shortness of breath cough fatigue,28,female,respiratory_infection
sore throat stuffy nose mild headache runny nose,12,male,common_cold
headache dry mouth fatigue dark urine chest tightness,67,male,dehydration
dizziness severe headache,51,male,migraine
swelling rash runny nose hives,65,female,allergic_reaction
dry mouth dizziness headache,61,female,dehydration
severe headache nausea,55,male,migraine
dark urine headache dry mouth fatigue dizziness,28,female,dehydration
runny nose cough mild headache,15,female,common_cold
dry mouth fatigue headache,39,female,dehydration
diarrhea nausea fever vomiting abdominal cramps,74,female,gastroenteritis
fever headache fatigue chills,82,male,flu
diarrhea nausea abdominal cramps,25,male,gastroenteritis
runny nose sneezing,29,female,allergic_reaction
chest tightness fever fatigue cough shortness of breath,35,male,respiratory_infection
diarrhea vomiting fever nausea,6,female,gastroenteritis
stuffy nose mild headache sore throat,14,female,common_cold
shortness of breath cough chest tightness,47,female,respiratory_infection
fever vomiting abdominal cramps nausea,35,female,gastroenteritis
vomiting fever abdominal cramps,23,female,gastroenteritis
sore throat fever,72,male,flu
dizziness nausea sensitivity to light severe headache,29,female,migraine
dizziness sensitivity to light nausea,49,male,migraine
rash swelling,59,male,allergic_reaction
body ache cough headache heartburn,61,male,flu
fatigue cough shortness of breath chest tightness fever,40,male,respiratory_infection
chills fever,14,female,flu
chills cough,45,female,flu
cough stuffy nose,11,female,common_cold
severe headache dizziness,46,female,migraine
mild headache runny nose sore throat stuffy nose,5,male,common_cold
cough chest tightness bruising,39,female,respiratory_infection
cough fever rapid breathing,6,male,flu
chills fever,35,female,flu
vomiting fever,73,male,gastroenteritis
itching hives,65,male,allergic_reaction
hives rash,64,female,allergic_reaction
nausea dizziness sensitivity to light,31,male,migraine
rash sneezing itching runny nose sore,45,male,allergic_reaction
hives swelling rash runny nose itching,64,female,allergic_reaction
runny nose hives sneezing rash swelling,68,male,allergic_reaction
chest tightness cough fever fatigue shortness of breath,45,male,respiratory_infection
cough sore throat,16,female,common_cold
dry mouth dizziness headache dark urine fatigue,35,female,dehydration
dry mouth dizziness dark urine headache,65,male,dehydration
stuffy nose cough,67,male,common_cold
shortness of breath cough fatigue,51,male,respiratory_infection
severe headache sensitivity to light nausea dizziness,34,female,migraine
fatigue fever headache,16,male,flu
sore throat cough mild headache,67,male,common_cold
chest tightness cough fever shortness of breath fatigue,30,female,respiratory_infection
cough chills sore throat headache,53,female,flu
cough runny nose mild headache sore throat stuffy nose,85,female,common_cold
severe headache sensitivity to light,36,female,migraine
dry mouth dark urine headache dizziness fatigue,63,male,dehydration
fatigue fever chest tightness cough shortness of breath,44,male,respiratory_infection
cough shortness of breath chest tightness,25,female,respiratory_infection
headache dry mouth swelling,30,male,dehydration
cough fatigue shortness of breath fever chest tightness,19,female,respiratory_infection
runny nose swelling,59,male,allergic_reaction
diarrhea nausea vomiting fever abdominal cramps,71,male,gastroenteritis
hives swelling itching rash,51,male,allergic_reaction
chest tightness shortness of breath,20,female,respiratory_infection
fatigue headache dry mouth dizziness dark urine,64,female,dehydration
severe headache sensitivity to light,29,female,migraine
sore throat mild headache runny nose stuffy nose,80,male,common_cold
headache dizziness dark urine fatigue,67,male,dehydration
nausea sensitivity to light dizziness severe headache,36,female,migraine
dark urine dry mouth fatigue,46,male,dehydration
sore throat mild headache runny nose cough,11,female,common_cold
sore throat chills cough,58,male,flu
fatigue fever chest tightness cough,33,female,respiratory_infection
abdominal cramps nausea,19,male,gastroenteritis
itching rash,26,male,allergic_reaction
nausea severe headache sensitivity to light,46,female,migraine
runny nose mild headache cough memory loss,62,female,common_cold
itching sneezing,42,male,allergic_reaction
sore throat stuffy nose cough runny nose,38,female,common_cold
fever fatigue shortness of breath chest tightness temperature,65,male,respiratory_infection
fever shortness of breath,54,female,respiratory_infection
cough fatigue shortness of breath,63,female,respiratory_infection
dark urine headache fatigue dry mouth,32,female,dehydration
fever chest tightness cough fatigue swelling,63,female,respiratory_infection
fever diarrhea vomiting neck pain,57,female,gastroenteritis
nausea severe headache dizziness sensitivity to light,44,female,migraine
dizziness severe headache sensitivity to light,33,female,migraine
dizziness nausea severe headache,25,male,migraine
chest tightness fatigue,45,male,respiratory_infection
sore throat mild headache cough stuffy nose runny nose,78,female,common_cold
fever nausea vomiting,41,male,gastroenteritis
cough fever confusion,58,female,respiratory_infection
dry mouth fatigue dark urine dizziness,66,female,dehydration
abdominal cramps nausea,66,male,gastroenteritis
severe headache dizziness sensitivity to light,49,female,migraine
cough fatigue chest tightness,46,male,respiratory_infection
dizziness fatigue dark urine dry mouth,32,male,dehydration
stuffy nose runny nose cough sore throat sweating,41,male,common_cold
body ache cough,60,female,flu
fatigue body ache cough sore throat,79,female,flu
runny nose sneezing rash itching swelling,25,male,allergic_reaction
swelling sneezing rash hives,41,female,allergic_reaction
chest tightness cough fever,60,female,respiratory_infection
shortness of breath cough fever chest tightness,18,male,respiratory_infection
dizziness dry mouth headache fatigue,55,female,dehydration
swelling runny nose itching hives headache,69,female,allergic_reaction
sensitivity to light dizziness,48,male,migraine
chest tightness fever,48,male,respiratory_infection
diarrhea fever vomiting abdominal cramps,60,female,gastroenteritis
abdominal cramps vomiting,15,male,gastroenteritis
fever vomiting nausea abdominal cramps diarrhea,18,female,gastroenteritis
dizziness severe headache nausea sensitivity to light,26,male,migraine
swelling hives runny nose,35,male,allergic_reaction
fever nausea diarrhea,7,female,gastroenteritis
chest tightness fatigue,63,female,respiratory_infection
runny nose swelling itching sneezing hives,40,male,allergic_reaction
vomiting diarrhea abdominal cramps,70,female,gastroenteritis
mild headache cough stuffy nose runny nose sore throat,7,female,common_cold
fatigue body ache chills sore throat cough,12,female,flu
nausea sensitivity to light dizziness severe headache,51,female,migraine
cough runny nose sore throat mild headache stuffy nose,82,male,common_cold
sneezing runny nose itching,24,female,allergic_reaction
headache sore throat fever fatigue body ache,12,female,flu
fever shortness of breath,51,male,respiratory_infection
sore throat headache body ache chills fever,26,male,flu
diarrhea vomiting fever,60,male,gastroenteritis
shortness of breath chest tightness cough fatigue fever,49,female,respiratory_infection
cough runny nose stuffy nose mild headache sore throat,5,female,common_cold
chest tightness cough fever shortness of breath hives,31,female,respiratory_infection
sore throat cough,5,male,common_cold
swelling hives runny nose itching,28,female,allergic_reaction
body ache sore throat headache,60,male,flu
swelling itching rash runny nose,39,male,allergic_reaction
abdominal cramps nausea vomiting,33,male,gastroenteritis
sore throat stuffy nose runny nose mild headache cough,57,female,common_cold
chest tightness fever shortness of breath fatigue cough,26,female,respiratory_infection
sneezing runny nose rash,19,female,allergic_reaction
abdominal cramps vomiting,64,male,gastroenteritis
nausea severe headache,32,male,migraine
nausea vomiting abdominal cramps fever diarrhea,71,female,gastroenteritis
dizziness dark urine fatigue dry mouth headache,68,male,dehydration
severe headache sensitivity to light dizziness nausea,25,male,migraine
fatigue dizziness dry mouth,31,male,dehydration
cough mild headache runny nose,64,male,common_cold
sensitivity to light nausea dizziness,32,male,migraine
vomiting diarrhea fever,61,female,gastroenteritis
sensitivity to light dizziness nausea severe headache,29,male,migraine
nausea severe headache sensitivity to light dizziness,42,male,migraine
stuffy nose cough,6,female,common_cold
dizziness sensitivity to light severe headache,46,female,migraine
sore throat cough stuffy nose,79,female,common_cold
dizziness nausea,39,male,migraine
cough chest tightness,21,male,respiratory_infection
diarrhea abdominal cramps,8,male,gastroenteritis
dizziness sensitivity to light nausea severe headache,41,female,migraine
fever headache body ache,66,female,flu
stuffy nose cough runny nose sore throat mild headache,13,male,common_cold
dry mouth headache dizziness,43,female,dehydration
dark urine headache fatigue dizziness dry mouth,52,male,dehydration
sore throat body ache cough,75,female,flu
cough shortness of breath fever,23,female,respiratory_infection
fatigue fever,13,male,flu
nausea diarrhea vomiting,35,male,gastroenteritis
dizziness dry mouth headache dark urine fatigue,45,male,dehydration
dizziness sensitivity to light severe headache nausea,55,female,migraine
hives swelling itching rash sneezing,21,male,allergic_reaction
sensitivity to light nausea severe headache dizziness,47,male,migraine
nausea vomiting fever diarrhea,22,female,gastroenteritis
chills sore throat fever cough fatigue,23,male,flu
sensitivity to light severe headache stomach upset,48,female,migraine
cough shortness of breath fever,54,female,respiratory_infection
abdominal cramps vomiting diarrhea,50,male,gastroenteritis
nausea severe headache dizziness sensitivity to light,37,female,migraine
cough stuffy nose runny nose mild headache,8,female,common_cold
fatigue sore throat,56,male,flu
dizziness headache weakness,62,male,dehydration
cough chills,17,male,flu
dizziness fatigue,47,male,dehydration
sneezing hives,67,male,allergic_reaction
itching sneezing hives rash,67,female,allergic_reaction
fever nausea vomiting diarrhea,9,female,gastroenteritis
abdominal cramps fever vomiting diarrhea nausea,65,male,gastroenteritis
cough mild headache,85,male,common_cold
nausea severe headache,50,female,migraine
chest tightness cough,61,male,respiratory_infection
fever abdominal cramps nausea,57,male,gastroenteritis
stuffy nose mild headache,26,female,common_cold
mild headache runny nose,16,male,common_cold
dry mouth fatigue,37,male,dehydration
fatigue body ache fever headache sore throat,11,male,flu
diarrhea nausea fever,32,male,gastroenteritis
runny nose mild headache stuffy nose cough sore throat,6,female,common_cold
vomiting abdominal cramps nausea fever diarrhea,68,female,gastroenteritis
fever headache cough,23,female,flu
sneezing runny nose itching hives swelling,29,male,allergic_reaction
nausea sensitivity to light dizziness,50,male,migraine
sensitivity to light severe headache dizziness nausea,37,male,migraine
body ache sore throat cough,26,female,flu
severe headache nausea dizziness sensitivity to light,42,female,migraine
diarrhea nausea vomiting abdominal cramps,20,male,gastroenteritis
diarrhea abdominal cramps nausea fever,5,male,gastroenteritis
swelling rash hives sneezing,59,female,allergic_reaction
fever sore throat body ache headache chills,14,female,flu
headache sore throat shortness of breath,7,female,flu
headache cough sore throat,15,female,flu
nausea dizziness severe headache,53,male,migraine
chest tightness cough fatigue fever,68,female,respiratory_infection
cough fatigue sore throat fever body ache,41,male,flu
swelling itching,42,female,allergic_reaction
nausea sensitivity to light severe headache,43,female,migraine
headache dark urine dry mouth,20,female,dehydration
runny nose hives,25,female,allergic_reaction
fever vomiting diarrhea,5,female,gastroenteritis
nausea dizziness severe headache sensitivity to light,48,female,migraine
dry mouth dizziness dark urine redness,26,female,dehydration
mild headache sore throat runny nose,35,male,common_cold
dizziness dark urine headache,44,female,dehydration
nausea sensitivity to light severe headache dizziness,35,female,migraine
nausea sensitivity to light dizziness severe headache,30,female,migraine
dizziness nausea sensitivity to light,31,male,migraine
hives sneezing itching rash,54,female,allergic_reaction
sensitivity to light dizziness,35,male,migraine
headache dry mouth dark urine fatigue dizziness,27,female,dehydration
headache dark urine dizziness fatigue,37,male,dehydration
fatigue chest tightness,59,female,respiratory_infection
fatigue headache dizziness,45,male,dehydration
dizziness fatigue dry mouth dark urine headache,53,female,dehydration
dry mouth headache dark urine,42,female,dehydration
rash sneezing hives runny nose,58,female,allergic_reaction
dark urine fatigue dizziness headache,24,female,dehydration
stuffy nose mild headache cough,28,female,common_cold
fever cough chest tightness,40,female,respiratory_infection
chest tightness shortness of breath,70,female,respiratory_infection
fatigue chest tightness,67,male,respiratory_infection
fatigue headache,59,male,dehydration
sneezing runny nose swelling,64,female,allergic_reaction
chills headache,28,male,flu
nausea dizziness sensitivity to light severe headache,35,female,migraine
body ache fever fatigue cough,7,female,flu
shortness of breath fatigue shivering,68,female,respiratory_infection
chills body ache fatigue,11,female,flu
chest tightness fatigue shortness of breath cough fever,35,female,respiratory_infection
cough stuffy nose sore throat runny nose mild headache congestion,31,female,common_cold
dizziness sensitivity to light severe headache,53,female,migraine
headache body ache fever fatigue cough,20,male,flu
shortness of breath cough chest tightness fatigue fever,64,female,respiratory_infection
cough fatigue fever body ache sore throat heartburn,31,male,flu
headache dry mouth dark urine fatigue,51,male,dehydration
shortness of breath fever fatigue cough,30,female,respiratory_infection
nausea vomiting abdominal cramps,70,male,gastroenteritis
runny nose sneezing rash,46,female,allergic_reaction
fatigue body ache headache,40,female,flu
cough fever fatigue chest tightness,23,male,respiratory_infection
nausea diarrhea abdominal cramps,15,female,gastroenteritis
cough stuffy nose mild headache runny nose sore throat,78,male,common_cold
mild headache sore throat,7,female,common_cold
runny nose sneezing hives,35,female,allergic_reaction
dizziness sensitivity to light severe headache,44,male,migraine
dizziness nausea severe headache sensitivity to light,54,male,migraine
fatigue body ache chills headache,17,male,flu
mild headache sore throat cough runny nose stuffy nose,15,female,common_cold
runny nose sore throat stuffy nose cough heartburn,57,male,common_cold
nausea dizziness sensitivity to light,29,female,migraine
runny nose cough mild headache,83,male,common_cold
cough fever fatigue,67,female,respiratory_infection
shortness of breath fatigue cough,50,female,respiratory_infection
headache fatigue dizziness dry mouth dark urine back pain,18,female,dehydration
fever nausea vomiting abdominal cramps,49,male,gastroenteritis
fatigue dry mouth headache dizziness dark urine,40,female,dehydration
runny nose sneezing swelling,18,male,allergic_reaction
mild headache sore throat cough,5,female,common_cold
nausea abdominal cramps vomiting,39,female,gastroenteritis
sensitivity to light nausea severe headache,25,female,migraine
runny nose cough stuffy nose,68,male,common_cold
fever abdominal cramps vomiting nausea diarrhea,47,male,gastroenteritis
shortness of breath cough chest tightness fatigue fever,58,male,respiratory_infection
rash hives runny nose,45,female,allergic_reaction
runny nose hives rash sneezing swelling,37,male,allergic_reaction
dark urine dizziness headache,30,female,dehydration
shortness of breath fever chest tightness cough temperature,46,female,respiratory_infection
nausea diarrhea vomiting lightheaded,74,male,gastroenteritis
dark urine fatigue dizziness,52,male,dehydration
headache cough body ache,10,female,flu
severe headache sensitivity to light,50,male,migraine
cough mild headache sore throat stuffy nose runny nose,61,female,common_cold
nausea sensitivity to light severe headache,27,female,migraine
dark urine fatigue dizziness,62,male,dehydration
sensitivity to light severe headache nausea,30,male,migraine
sore throat mild headache runny nose stuffy nose cough,26,female,common_cold
abdominal cramps nausea,57,male,gastroenteritis
dizziness dry mouth headache,38,female,dehydration
runny nose sneezing rash,24,male,allergic_reaction
severe headache nausea dizziness sensitivity to light,38,male,migraine
sore throat stuffy nose,8,female,common_cold
runny nose mild headache sore throat,67,female,common_cold
shortness of breath fatigue fever cough,68,male,respiratory_infection
chest tightness fever,52,female,respiratory_infection
runny nose itching rash hives,69,female,allergic_reaction
body ache sore throat fever difficulty breathing,21,female,flu
swelling hives sneezing rash runny nose,66,male,allergic_reaction
mild headache runny nose cough stuffy nose,33,female,common_cold
fatigue fever sore throat headache,54,male,flu
nausea vomiting diarrhea abdominal cramps fever,39,female,gastroenteritis
fatigue headache,18,male,dehydration
vomiting fever,37,female,gastroenteritis
nausea diarrhea,42,female,gastroenteritis
cough sore throat,17,female,common_cold
mild headache sore throat cough stuffy nose,8,male,common_cold
fever nausea abdominal cramps diarrhea,51,female,gastroenteritis
cough body ache headache,51,female,flu
sneezing swelling itching,55,male,allergic_reaction
sore throat runny nose stuffy nose,17,female,common_cold
nausea abdominal cramps,48,male,gastroenteritis
dark urine dizziness,30,female,dehydration
sore throat mild headache stuffy nose cough runny nose,19,female,common_cold
mild headache stuffy nose sore throat runny nose,41,female,common_cold
swelling hives,19,female,allergic_reaction
dark urine fatigue headache,57,male,dehydration
vomiting nausea abdominal cramps diarrhea fever,34,male,gastroenteritis
runny nose swelling rash,64,male,allergic_reaction
headache dry mouth fatigue dizziness,67,male,dehydration
fatigue dark urine dizziness,54,female,dehydration
mild headache runny nose stuffy nose cough,38,male,common_cold
body ache fever headache sore throat cough numbness,32,female,flu
nausea dizziness,37,male,migraine
fatigue dry mouth headache,34,male,dehydration
headache fatigue dark urine,43,female,dehydration
severe headache dizziness nausea,41,male,migraine
rash swelling sneezing,48,female,allergic_reaction
vomiting nausea,46,female,gastroenteritis
sensitivity to light dizziness,27,female,migraine
sore throat headache chills fever fatigue,51,female,flu
headache chills,57,female,flu
fever sore throat body ache,52,female,flu
hives swelling rash,29,female,allergic_reaction
fatigue headache dizziness,32,male,dehydration
abdominal cramps vomiting nausea diarrhea fever,52,female,gastroenteritis
diarrhea fever abdominal cramps vomiting nausea,15,female,gastroenteritis
hives runny nose sneezing,27,female,allergic_reaction
sore throat fatigue,9,female,flu
runny nose cough sore throat mild headache,8,female,common_cold
cough chest tightness fever fatigue shortness of breath,66,female,respiratory_infection
abdominal cramps diarrhea fever,14,male,gastroenteritis
dizziness headache dry mouth,46,female,dehydration
cough fatigue sore throat headache,10,female,flu
sneezing runny nose itching rash,66,female,allergic_reaction
mild headache sore throat,46,female,common_cold
vomiting fever abdominal cramps diarrhea nausea,13,female,gastroenteritis
dark urine headache fatigue,46,female,dehydration
fever shortness of breath,23,male,respiratory_infection
swelling sneezing,40,female,allergic_reaction
dark urine headache dry mouth dizziness fatigue,50,male,dehydration
hives runny nose itching,36,male,allergic_reaction
hives sneezing rash swelling itching,53,male,allergic_reaction
dizziness severe headache sensitivity to light nausea,27,female,migraine
runny nose rash ringing in ears,25,female,allergic_reaction
fatigue headache dry mouth dark urine dizziness,35,female,dehydration
nausea fever abdominal cramps diarrhea vomiting,58,female,gastroenteritis
runny nose mild headache sore throat cough,11,female,common_cold
dizziness severe headache nausea sensitivity to light,32,male,migraine
dry mouth dizziness fatigue dark urine headache weakness,63,female,dehydration
vomiting fever nausea abdominal cramps diarrhea,42,female,gastroenteritis
swelling hives sneezing rash runny nose,69,female,allergic_reaction
fever vomiting nausea abdominal cramps diarrhea,52,female,gastroenteritis
vomiting abdominal cramps,11,male,gastroenteritis
stuffy nose runny nose sore throat body ache,73,female,common_cold
runny nose rash itching hives,47,female,allergic_reaction
nausea dizziness sensitivity to light severe headache,51,female,migraine
fatigue dark urine dry mouth dizziness,65,male,dehydration
headache dizziness dry mouth fatigue dark urine,21,male,dehydration
mild headache cough runny nose,60,male,common_cold
headache fatigue dark urine dizziness,69,female,dehydration
itching swelling,63,female,allergic_reaction
sore throat headache fatigue,15,male,flu
shortness of breath chest tightness cough fever fatigue,41,female,respiratory_infection
fatigue body ache sore throat headache cough,38,male,flu
abdominal cramps diarrhea,27,female,gastroenteritis
cough fever shortness of breath chest tightness fatigue,48,male,respiratory_infection
fever shortness of breath tender,46,female,respiratory_infection
nausea severe headache sensitivity to light,46,male,migraine
diarrhea vomiting abdominal cramps,49,male,gastroenteritis
sensitivity to light nausea,34,male,migraine
nausea severe headache sensitivity to light,49,female,migraine
sensitivity to light dizziness,40,female,migraine
fever vomiting,34,female,gastroenteritis
diarrhea vomiting fever,24,female,gastroenteritis
vomiting diarrhea,21,female,gastroenteritis
shortness of breath chest tightness cough fatigue,70,female,respiratory_infection
body ache headache chills,39,male,flu
sore throat runny nose stuffy nose,39,male,common_cold
cough fever fatigue sore throat chills,58,male,flu
fever diarrhea spots,73,male,gastroenteritis
headache dry mouth dark urine fatigue dizziness,51,male,dehydration
fatigue chills fever,10,male,flu
hives itching runny nose sneezing,34,female,allergic_reaction
fever cough body ache,16,male,flu
stuffy nose sore throat,67,male,common_cold
sensitivity to light severe headache nausea,28,female,migraine
nausea severe headache,28,female,migraine
dizziness nausea sensitivity to light,55,male,migraine
dizziness severe headache,54,female,migraine
abdominal cramps nausea vomiting fever,49,female,gastroenteritis
diarrhea abdominal cramps,26,male,gastroenteritis
fever diarrhea vomiting nausea abdominal cramps,23,male,gastroenteritis
stuffy nose runny nose cough mild headache sore throat,28,female,common_cold
itching hives rash,68,male,allergic_reaction
severe headache nausea sensitivity to light,25,female,migraine
itching runny nose,20,male,allergic_reaction
chest tightness fatigue fever,41,male,respiratory_infection
runny nose mild headache,43,male,common_cold
hives sneezing,51,female,allergic_reaction
fever chest tightness shortness of breath,33,male,respiratory_infection
dizziness dark urine fatigue dry mouth,58,male,dehydration
swelling hives rash itching runny nose,22,male,allergic_reaction
nausea dizziness severe headache sensitivity to light,39,female,migraine
chills cough body ache headache sore throat,73,male,flu
cough headache fever,60,female,flu
sensitivity to light nausea vertigo,27,female,migraine
hives rash swelling runny nose joint pain,59,male,allergic_reaction
hives runny nose,46,male,allergic_reaction
dizziness headache dry mouth fatigue dark urine,60,female,dehydration
sensitivity to light severe headache,37,male,migraine
sneezing itching,32,female,allergic_reaction
nausea severe headache,25,male,migraine
vomiting fever,37,male,gastroenteritis
body ache headache ringing in ears,5,male,flu
rash hives,47,male,allergic_reaction
sneezing rash hives swelling runny nose vertigo,61,female,allergic_reaction
mild headache runny nose,56,female,common_cold
rash itching,53,male,allergic_reaction
dizziness nausea severe headache sensitivity to light,53,female,migraine
fever diarrhea nausea vomiting,6,female,gastroenteritis
abdominal cramps nausea fever diarrhea vomiting headache,40,female,gastroenteritis
itching swelling hives sneezing,70,male,allergic_reaction
fatigue headache cough chills chest tightness,7,male,flu
swelling sneezing runny nose itching,59,male,allergic_reaction
cough chills,27,female,flu
cough shortness of breath fever chest tightness,21,female,respiratory_infection
sensitivity to light severe headache temperature,46,female,migraine
severe headache dizziness sensitivity to light,37,male,migraine
severe headache sensitivity to light,30,male,migraine
swelling itching rash,33,female,allergic_reaction
severe headache nausea dizziness sensitivity to light temperature,50,male,migraine
diarrhea fever nausea vomiting,68,male,gastroenteritis
stuffy nose cough sore throat mild headache,85,female,common_cold
body ache fever sore throat fatigue headache,56,male,flu
sore throat stuffy nose,15,female,common_cold
cough shortness of breath,18,male,respiratory_infection
mild headache cough stuffy nose sore throat runny nose,20,female,common_cold
headache body ache fever,80,male,flu
body ache fever headache cough fatigue weakness,58,female,flu
sore throat body ache,28,male,flu
abdominal cramps diarrhea vomiting,55,male,gastroenteritis
runny nose mild headache stuffy nose sore throat cough,21,female,common_cold
vomiting abdominal cramps diarrhea,74,female,gastroenteritis
fever vomiting,41,female,gastroenteritis
headache dry mouth fatigue bumps,59,male,dehydration
cough stuffy nose sore throat runny nose mild headache,76,female,common_cold
headache dizziness dark urine dry mouth fatigue,34,female,dehydration
runny nose mild headache stuffy nose sore throat,55,female,common_cold
sore throat cough mild headache,66,male,common_cold
runny nose sore throat,34,male,common_cold
mild headache runny nose,85,male,common_cold
shortness of breath fatigue,18,male,respiratory_infection
rash runny nose itching hives,29,male,allergic_reaction
chills body ache,18,female,flu
nausea dizziness severe headache,46,female,migraine
itching hives sneezing swelling,29,male,allergic_reaction
cough fatigue headache,59,female,flu
sneezing hives rash runny nose,24,male,allergic_reaction
sore throat cough fatigue,21,female,flu
vomiting abdominal cramps nausea fever diarrhea,51,male,gastroenteritis
severe headache dizziness sensitivity to light nausea,42,male,migraine
chest tightness fever,47,male,respiratory_infection
hives itching runny nose rash sneezing,39,female,allergic_reaction
vomiting diarrhea fever nausea abdominal cramps,57,female,gastroenteritis
abdominal cramps nausea,43,female,gastroenteritis
runny nose sneezing swelling hives itching difficulty swallowing,41,male,allergic_reaction
dizziness severe headache,32,male,migraine
diarrhea fever nausea hoarse voice,7,male,gastroenteritis
vomiting nausea diarrhea,48,female,gastroenteritis
sensitivity to light dizziness,26,female,migraine
sore throat fever headache chills,14,male,flu
fever vomiting diarrhea abdominal cramps nausea,31,male,gastroenteritis
sore throat runny nose stuffy nose cough,7,male,common_cold
sore throat fatigue body ache fever,38,female,flu
cough stuffy nose headache,10,female,common_cold
cough headache body ache chills sore throat,62,male,flu
sore throat cough mild headache stuffy nose bumps,24,male,common_cold
sensitivity to light nausea,54,female,migraine
sore throat cough,40,male,flu
body ache fever cough,15,female,flu
mild headache cough stuffy nose runny nose,7,female,common_cold
stuffy nose sore throat runny nose cough heartburn,63,male,common_cold
fever body ache sore throat back pain,8,female,flu
fever cough,29,male,respiratory_infection
abdominal cramps vomiting nausea fever diarrhea,9,male,gastroenteritis
sensitivity to light severe headache,31,male,migraine
nausea abdominal cramps diarrhea fever vomiting,70,male,gastroenteritis
cough fatigue chest tightness shortness of breath,32,male,respiratory_infection
dry mouth headache dark urine dizziness fatigue,18,female,dehydration
diarrhea abdominal cramps,66,female,gastroenteritis
rash swelling runny nose sneezing,34,male,allergic_reaction
chest tightness cough fever fatigue,26,male,respiratory_infection
itching sneezing hives rash,51,male,allergic_reaction
dry mouth dizziness fatigue dark urine,44,male,dehydration
fatigue dry mouth dark urine headache,29,male,dehydration
sore throat mild headache runny nose,15,female,common_cold
fatigue chills,71,male,flu
chills fatigue,18,male,flu
cough fatigue chills lightheaded,15,male,flu
body ache fever fatigue headache cough,83,female,flu
chest tightness shortness of breath fever cough,36,male,respiratory_infection
sore throat runny nose,21,male,common_cold
shortness of breath fever fatigue,68,female,respiratory_infection
cough chills body ache headache,60,female,flu
fatigue dizziness dry mouth headache,25,male,dehydration
runny nose sneezing rash itching swelling,18,male,allergic_reaction
headache cough sore throat body ache fatigue,5,female,flu
severe headache dizziness sensitivity to light nausea,43,female,migraine
nausea dizziness sensitivity to light severe headache,45,male,migraine
diarrhea vomiting fever abdominal cramps nausea,59,female,gastroenteritis
sore throat chills fever cough,35,female,flu
runny nose itching,35,male,allergic_reaction
chills sore throat,52,female,flu
sneezing runny nose rash,41,female,allergic_reaction
runny nose cough sore throat,20,male,common_cold
fatigue chills headache body ache fever,32,male,flu
abdominal cramps diarrhea nausea fever vomiting,24,female,gastroenteritis
dizziness nausea severe headache shortness of breath,51,female,migraine
runny nose sore throat mild headache,37,male,common_cold
chest tightness shortness of breath fever cough,52,male,respiratory_infection
body ache fever sore throat headache,30,female,flu
headache dry mouth dizziness fatigue dark urine,37,male,dehydration
cough runny nose,33,female,common_cold
vomiting diarrhea nausea abdominal cramps fever,62,female,gastroenteritis
chills fever,27,female,flu
stuffy nose runny nose mild headache cough,42,female,common_cold
body ache cough fatigue sore throat,15,female,flu
diarrhea fever,29,male,gastroenteritis
fever chest tightness shortness of breath fatigue,31,male,respiratory_infection
fever chest tightness fatigue shortness of breath,69,male,respiratory_infection
nausea sensitivity to light dizziness,25,female,migraine
dizziness fatigue dark urine headache,67,male,dehydration
sensitivity to light severe headache nausea,51,male,migraine
sore throat mild headache cough,9,female,common_cold
fever diarrhea nausea abdominal cramps sweating,51,female,gastroenteritis
nausea dizziness severe headache,30,female,migraine
shortness of breath fever fatigue cough chest tightness,62,female,respiratory_infection
headache cough,28,male,flu
dry mouth dark urine fatigue,56,male,dehydration
body ache fatigue sore throat cough,32,female,flu
cough shortness of breath,45,male,respiratory_infection
sensitivity to light nausea dizziness,43,female,migraine
body ache sore throat fever fatigue,58,female,flu
cough fatigue chest tightness fever shortness of breath,48,female,respiratory_infection
severe headache dizziness sensitivity to light nausea,39,male,migraine
chest tightness cough,56,female,respiratory_infection
cough fever fatigue redness,16,female,flu
shortness of breath fatigue fever cough chest tightness body ache,53,female,respiratory_infection
vomiting abdominal cramps fever,32,male,gastroenteritis
fatigue body ache headache,7,female,flu
dark urine fatigue,26,female,dehydration
itching swelling runny nose rash,68,male,allergic_reaction
headache dry mouth dark urine,58,female,dehydration
fever shortness of breath fatigue cough,26,male,respiratory_infection
dry mouth fatigue headache dark urine dizziness,40,male,dehydration
severe headache sensitivity to light dizziness,30,female,migraine
mild headache cough stuffy nose,6,female,common_cold
dizziness nausea bloating,29,female,migraine
dizziness headache dark urine fatigue,67,female,dehydration
sneezing runny nose,70,male,allergic_reaction
itching swelling,63,female,allergic_reaction
shortness of breath fatigue fever,57,female,respiratory_infection
fatigue dry mouth difficulty breathing,60,male,dehydration
fatigue sore throat body ache chills headache,49,female,flu
vomiting diarrhea,75,female,gastroenteritis
nausea abdominal cramps diarrhea memory loss,33,female,gastroenteritis
fever vomiting diarrhea,50,female,gastroenteritis
fever shortness of breath cough fatigue chest tightness,22,female,respiratory_infection
sore throat runny nose cough stuffy nose mild headache,32,female,common_cold
sensitivity to light nausea dizziness hives,44,male,migraine
shortness of breath fatigue fever chest tightness ache,59,male,respiratory_infection
fever shortness of breath cough fatigue,25,male,respiratory_infection
severe headache nausea,34,male,migraine
hives sneezing itching rash,38,male,allergic_reaction
body ache fever cough,8,female,flu
sore throat runny nose stuffy nose cough,42,female,common_cold
dizziness severe headache sensitivity to light nausea,53,female,migraine
fever abdominal cramps nausea vomiting,41,female,gastroenteritis
sensitivity to light severe headache nausea,28,female,migraine
dark urine headache fatigue,36,female,dehydration
headache dizziness dark urine,30,male,dehydration
vomiting fever abdominal cramps,52,female,gastroenteritis
headache dizziness dark urine,38,male,dehydration
cough chest tightness,26,male,respiratory_infection
stuffy nose sore throat,5,male,common_cold
nausea dizziness severe headache sensitivity to light,41,female,migraine
fatigue cough fever chest tightness shortness of breath,46,female,respiratory_infection
nausea dizziness severe headache,29,male,migraine
chest tightness cough fatigue,59,female,respiratory_infection
sneezing runny nose,25,male,allergic_reaction
vomiting diarrhea fever,25,male,gastroenteritis
sensitivity to light nausea severe headache dizziness,25,female,migraine
dizziness sensitivity to light,26,female,migraine
runny nose cough,68,female,common_cold
shortness of breath cough chest tightness fever,29,male,respiratory_infection
nausea dizziness sensitivity to light severe headache weakness,28,female,migraine
cough shortness of breath fatigue,53,female,respiratory_infection
dizziness nausea,37,female,migraine
runny nose cough sore throat,51,female,common_cold
sneezing swelling runny nose itching,33,female,allergic_reaction
cough sore throat stuffy nose runny nose mild headache,31,male,common_cold
mild headache sore throat stuffy nose,57,male,common_cold
fatigue dark urine dry mouth dizziness headache,22,female,dehydration
nausea sensitivity to light severe headache dizziness,55,female,migraine
fatigue dizziness,23,female,dehydration
fatigue fever headache chills,65,female,flu
abdominal cramps fever diarrhea,28,female,gastroenteritis
sneezing rash,57,female,allergic_reaction
shortness of breath cough,21,female,respiratory_infection
abdominal cramps diarrhea,15,female,gastroenteritis
nausea severe headache dizziness,54,female,migraine
nausea diarrhea indigestion,45,female,gastroenteritis
mild headache sore throat runny nose stuffy nose,83,male,common_cold
dry mouth headache dark urine fatigue dizziness,57,male,dehydration
sore throat fatigue headache,25,male,flu
fatigue body ache sore throat cough,70,male,flu
fever abdominal cramps diarrhea,55,female,gastroenteritis
nausea vomiting fever diarrhea,14,female,gastroenteritis
fever chills,17,male,flu
itching hives swelling runny nose,53,male,allergic_reaction
cough fever,38,female,respiratory_infection
itching hives,58,female,allergic_reaction
fatigue cough sore throat fever body ache confusion,29,female,flu
runny nose sore throat mild headache cough,25,male,common_cold
fatigue fever cough shortness of breath,52,female,respiratory_infection
fever shortness of breath fatigue chest tightness cough,38,female,respiratory_infection
abdominal cramps fever nausea vomiting,50,male,gastroenteritis
sore throat runny nose,56,male,common_cold
dizziness dry mouth,48,male,dehydration
headache cough body ache fever fatigue,73,male,flu
dark urine dizziness,25,male,dehydration
hives rash sneezing itching runny nose,54,male,allergic_reaction
severe headache sensitivity to light nausea dizziness,40,female,migraine
fatigue shortness of breath cough fever chest tightness,58,female,respiratory_infection
fatigue body ache cough,64,male,flu
abdominal cramps fever,30,female,gastroenteritis
nausea sensitivity to light,53,female,migraine
diarrhea nausea abdominal cramps fever vomiting,74,female,gastroenteritis
fever fatigue,38,male,respiratory_infection
sensitivity to light severe headache nausea,42,female,migraine
fever sore throat fatigue chills,78,male,flu
chills body ache fever,82,male,flu
diarrhea fever vomiting,18,female,gastroenteritis
headache chills sore throat body ache cough weakness,36,female,flu
mild headache runny nose sore throat stuffy nose,27,female,common_cold
mild headache runny nose sore throat cough,60,male,common_cold
headache fatigue dizziness,44,female,dehydration
swelling runny nose hives,46,female,allergic_reaction
headache cough fever,23,male,flu
runny nose mild headache,44,male,common_cold
shortness of breath chest tightness cough fever,58,female,respiratory_infection
sore throat chills bumps,8,male,flu
fatigue headache chills body ache cough,38,female,flu
fever nausea vomiting diarrhea abdominal cramps,52,male,gastroenteritis
rash hives,54,female,allergic_reaction
stuffy nose mild headache,42,male,common_cold
dark urine dizziness headache,62,female,dehydration
stuffy nose sore throat runny nose,32,male,common_cold
mild headache sore throat cough,76,female,common_cold
nausea sensitivity to light,38,female,migraine
rash hives swelling sneezing itching,41,female,allergic_reaction
sore throat runny nose mild headache stuffy nose,33,male,common_cold
chest tightness cough shortness of breath phlegm,40,male,respiratory_infection
dizziness dry mouth headache fatigue,25,male,dehydration
vomiting abdominal cramps fever diarrhea nausea,43,male,gastroenteritis
shortness of breath chest tightness fatigue fever cough,37,male,respiratory_infection
cough chest tightness fatigue fever bruising,47,male,respiratory_infection
nausea abdominal cramps diarrhea vomiting,43,male,gastroenteritis
hives itching swelling sneezing,49,female,allergic_reaction
cough body ache,49,male,flu
sneezing itching rash hives,61,male,allergic_reaction
fatigue sore throat fever headache,40,female,flu
fatigue chest tightness shortness of breath fever cough,31,female,respiratory_infection
headache sore throat chills fatigue cough,82,male,flu
fatigue dizziness dry mouth dark urine,62,male,dehydration
abdominal cramps fever,20,female,gastroenteritis
shortness of breath cough chest tightness,62,male,respiratory_infection
shortness of breath chest tightness,50,female,respiratory_infection
shortness of breath chest tightness fever cough,47,female,respiratory_infection
dizziness dry mouth headache fatigue dark urine,42,male,dehydration
nausea severe headache sensitivity to light dizziness,33,female,migraine
hives itching runny nose swelling rash,21,male,allergic_reaction
fever cough body ache,28,male,flu
hives itching,18,male,allergic_reaction
chest tightness fever,44,female,respiratory_infection
sore throat stuffy nose,7,male,common_cold
fever cough shortness of breath chest tightness,35,female,respiratory_infection
nausea severe headache sensitivity to light dizziness confusion,27,male,migraine
runny nose swelling hives itching sneezing,53,male,allergic_reaction
fatigue shortness of breath cough chest tightness fever,53,female,respiratory_infection
headache chills body ache cough sore throat,85,female,flu
fever chest tightness,69,male,respiratory_infection
severe headache nausea dizziness sensitivity to light,50,female,migraine
fever cough,14,female,flu
chills headache fatigue,14,male,flu
body ache chills sore throat fatigue,9,male,flu
cough chills headache fatigue,16,male,flu
runny nose mild headache sore throat cough stuffy nose,34,female,common_cold
runny nose cough stuffy nose,39,male,common_cold
diarrhea vomiting abdominal cramps,50,female,gastroenteritis
fatigue fever cough shortness of breath,37,female,respiratory_infection
rash runny nose itching,62,male,allergic_reaction
dark urine dizziness fatigue headache dry mouth,35,female,dehydration
chills fever body ache sore throat,12,female,flu
stuffy nose runny nose,55,male,common_cold
itching sneezing back pain,19,male,allergic_reaction
headache dizziness dry mouth,42,male,dehydration
fatigue fever sore throat headache cough,71,female,flu
cough fatigue,61,female,flu
mild headache runny nose,40,female,common_cold
runny nose rash swelling itching hives,38,male,allergic_reaction
diarrhea abdominal cramps nausea vomiting,13,male,gastroenteritis
headache body ache chills cough,6,male,flu
fever chest tightness,55,male,respiratory_infection
cough fatigue,61,female,respiratory_infection
runny nose stuffy nose,39,female,common_cold
shortness of breath fatigue,25,male,respiratory_infection
runny nose swelling sneezing,34,female,allergic_reaction
dark urine dry mouth headache,50,female,dehydration
dizziness sensitivity to light,41,female,migraine
runny nose hives itching rash night sweats,36,male,allergic_reaction
runny nose itching hives,51,female,allergic_reaction
chills sore throat fever fatigue,29,female,flu
body ache fever cough,47,male,flu
dry mouth fatigue,51,female,dehydration
sore throat mild headache,8,female,common_cold
mild headache sore throat stuffy nose cough,48,male,common_cold
body ache chills,21,male,flu
body ache fever cough,8,female,flu
vomiting fever abdominal cramps,16,male,gastroenteritis
itching rash runny nose hives sneezing,46,female,allergic_reaction
sneezing swelling stuffy nose,31,female,allergic_reaction
mild headache sore throat runny nose stuffy nose,45,male,common_cold
swelling sneezing hives,43,female,allergic_reaction
fever headache body ache sore throat,10,male,flu
swelling itching,46,male,allergic_reaction
dark urine dry mouth headache fatigue dizziness,25,female,dehydration
itching runny nose rash sneezing swelling,43,female,allergic_reaction
fever cough,37,female,respiratory_infection
cough fever hearing loss,36,female,respiratory_infection
nausea sensitivity to light severe headache dizziness,46,male,migraine
body ache cough sore throat headache fever,20,female,flu
chest tightness fatigue shortness of breath fever,37,male,respiratory_infection
rash swelling hives sneezing,52,male,allergic_reaction
dark urine dry mouth headache,53,male,dehydration
sore throat headache fever cough,84,male,flu
headache fatigue sore throat fever chills,8,female,flu
fatigue fever shortness of breath chest tightness muscle pain,49,male,respiratory_infection
itching swelling sneezing,67,male,allergic_reaction
sensitivity to light nausea dizziness,53,female,migraine
rash sneezing runny nose hives itching,63,female,allergic_reaction
body ache fatigue rash,8,male,flu
headache body ache fever sore throat,45,female,flu
sensitivity to light dizziness severe headache nausea,46,male,migraine
sensitivity to light dizziness severe headache,30,female,migraine
dizziness dry mouth headache fatigue dark urine hearing loss,67,male,dehydration
mild headache runny nose stuffy nose sore throat cough,12,female,common_cold
diarrhea abdominal cramps vomiting fever,43,male,gastroenteritis
severe headache sensitivity to light dizziness,42,male,migraine
nausea vomiting diarrhea,73,male,gastroenteritis
fatigue dark urine dry mouth headache dizziness,34,male,dehydration
sneezing hives runny nose,65,male,allergic_reaction
nausea fever,55,male,gastroenteritis
itching hives,22,female,allergic_reaction
sneezing swelling,55,male,allergic_reaction
nausea dizziness sensitivity to light,53,male,migraine
cough fever chest tightness shortness of breath fatigue,54,male,respiratory_infection
fatigue headache dark urine dizziness,35,female,dehydration
shortness of breath chest tightness cough fatigue,70,male,respiratory_infection
cough chest tightness,70,female,respiratory_infection
itching swelling rash sneezing runny nose,37,male,allergic_reaction
body ache headache chills fever fatigue,49,female,flu
hives rash runny nose,49,male,allergic_reaction
nausea severe headache sensitivity to light dizziness,29,female,migraine
abdominal cramps nausea vomiting diarrhea fever constipation,68,female,gastroenteritis
chills body ache,54,female,flu
sore throat cough headache,28,female,flu
fatigue fever chills cough,69,female,flu
runny nose mild headache,22,male,common_cold
hives runny nose itching swelling,65,male,allergic_reaction
headache sore throat cough,35,male,flu
mild headache sore throat cough stuffy nose,10,female,common_cold
body ache cough sore throat,5,male,flu
fatigue dizziness headache dry mouth dark urine,53,male,dehydration
fever headache cough body ache,7,female,flu
sore throat mild headache cough stuffy nose runny nose,78,female,common_cold
chest tightness shortness of breath cough,41,male,respiratory_infection
runny nose stuffy nose mild headache,69,male,common_cold
hives swelling,22,female,allergic_reaction
runny nose stuffy nose,5,male,common_cold
fatigue chest tightness shortness of breath cough fever,59,male,respiratory_infection
dizziness sensitivity to light nausea,30,male,migraine
nausea sensitivity to light,51,male,migraine
fever diarrhea,21,female,gastroenteritis
mild headache sore throat runny nose stuffy nose,42,male,common_cold
fatigue cough,69,female,flu
mild headache sore throat stuffy nose cough,76,female,common_cold
headache sore throat cough fever body ache,31,male,flu
fatigue headache chills,11,male,flu
sore throat chills cough fatigue headache,18,male,flu
nausea diarrhea abdominal cramps fever,35,male,gastroenteritis
fatigue cough,41,female,respiratory_infection
nausea fever abdominal cramps,66,male,gastroenteritis
stuffy nose runny nose cough night sweats,61,female,common_cold
shortness of breath cough chest tightness fever fatigue,56,female,respiratory_infection
cough shortness of breath chest tightness,50,female,respiratory_infection
dark urine headache dry mouth,35,male,dehydration
diarrhea abdominal cramps vomiting nausea fever redness,73,male,gastroenteritis
sneezing hives rash swelling runny nose,23,male,allergic_reaction
chills fatigue body ache fever,33,male,flu
rash sneezing,22,female,allergic_reaction
abdominal cramps fever diarrhea vomiting,23,female,gastroenteritis
diarrhea nausea,33,female,gastroenteritis
runny nose mild headache,56,male,common_cold
fatigue cough shortness of breath muscle pain,50,female,respiratory_infection
stuffy nose mild headache cough,75,female,common_cold
severe headache sensitivity to light,27,male,migraine
mild headache sore throat,14,female,common_cold
rash sneezing hives sore throat,67,male,allergic_reaction
fatigue headache dry mouth dizziness dark urine,23,female,dehydration
shortness of breath cough fever fatigue chest tightness,53,male,respiratory_infection
fatigue dark urine dizziness headache,34,male,dehydration
cough shortness of breath chest tightness,53,male,respiratory_infection
hives rash sneezing swelling itching ear pain,22,female,allergic_reaction
sore throat cough,16,male,common_cold
dizziness nausea sensitivity to light,41,male,migraine
diarrhea abdominal cramps,40,female,gastroenteritis
cough body ache,25,male,flu
mild headache stuffy nose cough runny nose sore throat,16,female,common_cold
cough fever fatigue,24,male,respiratory_infection
runny nose sneezing rash itching,56,female,allergic_reaction
sore throat runny nose,40,female,common_cold
nausea severe headache sensitivity to light dizziness back pain,44,male,migraine
cough shortness of breath fever chest tightness,23,male,respiratory_infection
fatigue fever chills,67,male,flu
headache dark urine dry mouth fatigue dizziness,65,male,dehydration
cough stuffy nose sore throat,50,male,common_cold
dark urine dry mouth,46,male,dehydration
sneezing swelling runny nose rash,62,female,allergic_reaction
cough sore throat runny nose earache,33,female,common_cold
nausea dizziness,38,female,migraine
abdominal cramps vomiting nausea,32,male,gastroenteritis
mild headache sore throat,51,male,common_cold
sneezing itching rash,25,female,allergic_reaction
rash swelling chest pain,44,female,allergic_reaction
vomiting fever abdominal cramps diarrhea nausea,68,female,gastroenteritis
cough chest tightness fatigue shortness of breath fever,33,female,respiratory_infection
fatigue fever chills sore throat,7,male,flu
dizziness nausea sensitivity to light,31,female,migraine
dark urine dizziness dry mouth fatigue headache,69,female,dehydration
nausea diarrhea vomiting,39,female,gastroenteritis
headache fatigue dizziness dark urine dry mouth,44,male,dehydration
vomiting diarrhea fever nausea abdominal cramps,19,female,gastroenteritis
hives runny nose itching rash sneezing,35,male,allergic_reaction
nausea abdominal cramps fever vomiting diarrhea muscle pain,68,male,gastroenteritis
fever cough,53,female,respiratory_infection
vomiting fever abdominal cramps diarrhea stomach pain,59,female,gastroenteritis
hives swelling sneezing,34,male,allergic_reaction
stuffy nose runny nose mild headache,21,male,common_cold
sore throat fever body ache cough headache congestion,21,male,flu
nausea dizziness,36,female,migraine
sore throat cough,65,female,common_cold
dizziness sensitivity to light nausea,47,female,migraine
fatigue dark urine,47,female,dehydration
cough stuffy nose mild headache,8,male,common_cold
dizziness dry mouth headache,40,female,dehydration
rash sneezing spots,43,male,allergic_reaction
headache fatigue body ache cold,69,male,flu
sneezing itching swelling runny nose rash,53,female,allergic_reaction
shortness of breath fatigue chest tightness,37,male,respiratory_infection
hives swelling itching runny nose,37,female,allergic_reaction
fever vomiting,29,female,gastroenteritis
nausea fever abdominal cramps vomiting diarrhea,73,female,gastroenteritis
dizziness fatigue dark urine,37,male,dehydration
dark urine dry mouth headache dizziness spots,65,male,dehydration
hives sneezing swelling,44,female,allergic_reaction
diarrhea abdominal cramps,25,male,gastroenteritis
mild headache runny nose sore throat cough,56,male,common_cold
dizziness severe headache nausea sensitivity to light,44,female,migraine
abdominal cramps nausea diarrhea,49,male,gastroenteritis
shortness of breath chest tightness,36,male,respiratory_infection
dizziness nausea,42,female,migraine
nausea severe headache dizziness sensitivity to light,29,male,migraine
sore throat mild headache,58,female,common_cold
runny nose hives rash sneezing,65,male,allergic_reaction
shortness of breath fatigue chest tightness fever,53,male,respiratory_infection
fatigue shortness of breath cough,34,male,respiratory_infection
cough fever fatigue chest pain,35,male,respiratory_infection
headache sore throat chills,70,male,flu
dizziness fatigue headache dry mouth,22,female,dehydration
cough runny nose sore throat mild headache,28,female,common_cold
sore throat stuffy nose cough,65,male,common_cold
dry mouth fatigue dizziness dark urine,54,male,dehydration
abdominal cramps diarrhea,19,male,gastroenteritis
cough fatigue chest tightness,30,male,respiratory_infection
severe headache nausea,39,male,migraine
sore throat mild headache stuffy nose,47,male,common_cold
cough fever chills headache,50,female,flu
sensitivity to light severe headache dizziness nausea,25,male,migraine
abdominal cramps vomiting nausea,40,male,gastroenteritis
sneezing rash hives,68,female,allergic_reaction
fever fatigue chest tightness abdominal cramps,19,male,respiratory_infection
stuffy nose runny nose mild headache shortness of breath,54,female,common_cold
nausea fever,60,male,gastroenteritis
dark urine fatigue dizziness headache,41,male,dehydration
dizziness sensitivity to light severe headache,45,male,migraine
abdominal cramps diarrhea fever nausea vomiting,6,female,gastroenteritis
sensitivity to light severe headache nausea dizziness,46,male,migraine
hives itching,63,male,allergic_reaction
runny nose mild headache sore throat,72,female,common_cold
fever sore throat cough,48,male,flu
cough runny nose stuffy nose sore throat mild headache,13,female,common_cold
stuffy nose cough runny nose sore throat,14,male,common_cold
sore throat headache cough fever,50,female,flu
rash hives runny nose itching swelling,42,male,allergic_reaction
headache cough sore throat,14,male,flu
sneezing hives itching,37,female,allergic_reaction
chills sore throat headache,38,female,flu
chest tightness shortness of breath fatigue,49,male,respiratory_infection
shortness of breath cough fever,51,female,respiratory_infection
dry mouth fatigue,48,female,dehydration
itching rash sneezing swelling runny nose,25,female,allergic_reaction
vomiting fever diarrhea abdominal cramps nausea,45,male,gastroenteritis
abdominal cramps nausea,14,female,gastroenteritis
sore throat runny nose cough mild headache stuffy nose,73,male,common_cold
fever headache body ache,45,male,flu
sensitivity to light dizziness loss of appetite,54,male,migraine
hives swelling sneezing,46,female,allergic_reaction
chills headache,53,female,flu
hives sneezing,35,female,allergic_reaction
vomiting fever diarrhea,9,male,gastroenteritis
itching rash runny nose swelling joint pain,43,male,allergic_reaction
itching rash swelling,37,male,allergic_reaction
sneezing rash sore throat,36,female,allergic_reaction
dizziness fatigue dry mouth headache,69,female,dehydration
headache fatigue dry mouth,20,male,dehydration
sore throat body ache,56,female,flu
fever fatigue chest tightness shortness of breath,23,male,respiratory_infection
runny nose rash hives swelling itching,51,male,allergic_reaction
body ache headache chills sore throat,72,male,flu
fever nausea abdominal cramps,38,male,gastroenteritis
sore throat body ache chills headache fever,19,male,flu
itching swelling rash hives sneezing,52,female,allergic_reaction
dizziness headache,46,female,dehydration
dry mouth dizziness headache dark urine,37,male,dehydration
fatigue fever cough,44,female,flu
vomiting abdominal cramps,33,female,gastroenteritis
runny nose sneezing itching rash,51,female,allergic_reaction
sensitivity to light dizziness nausea severe headache,28,female,migraine
nausea abdominal cramps fever vomiting,65,male,gastroenteritis
fever chills,44,female,flu
headache chills fatigue fever cough,84,male,flu
nausea severe headache sensitivity to light,52,male,migraine
runny nose cough mild headache sore throat,51,female,common_cold
itching sneezing rash runny nose,35,male,allergic_reaction
dizziness dark urine headache chills,32,male,dehydration
swelling runny nose,61,female,allergic_reaction
rash itching runny nose,41,female,allergic_reaction
swelling sneezing hives rash runny nose,32,female,allergic_reaction
sore throat runny nose,62,female,common_cold
sensitivity to light severe headache,51,female,migraine
cough fever sore throat body ache fatigue,63,male,flu
dark urine dry mouth,35,female,dehydration
sensitivity to light nausea,55,female,migraine
nausea abdominal cramps vomiting diarrhea,12,female,gastroenteritis
dry mouth headache dark urine fatigue,49,male,dehydration
fever fatigue pain,20,female,respiratory_infection
body ache fatigue cough headache fever,34,female,flu
hives swelling sneezing,34,female,allergic_reaction
chest tightness cough fatigue fever shortness of breath,25,male,respiratory_infection
stuffy nose runny nose hot,12,male,common_cold
fatigue dark urine headache,38,male,dehydration
sore throat fatigue fever headache cough,56,male,flu
sneezing swelling itching runny nose rash,41,female,allergic_reaction
nausea sensitivity to light severe headache dizziness,29,female,migraine
shortness of breath cough fatigue bumps,31,male,respiratory_infection
headache fatigue dry mouth,65,male,dehydration
nausea fever diarrhea abdominal cramps,46,female,gastroenteritis
chest tightness fatigue fever shortness of breath,21,male,respiratory_infection
fever abdominal cramps vomiting,67,male,gastroenteritis
cough shortness of breath,30,female,respiratory_infection
mild headache sore throat stuffy nose runny nose,25,female,common_cold
diarrhea fever,75,male,gastroenteritis
vomiting nausea fever diarrhea abdominal cramps,11,male,gastroenteritis
mild headache cough stuffy nose,40,male,common_cold
fever cough body ache,8,female,flu
fatigue shortness of breath cough,32,male,respiratory_infection
nausea vomiting abdominal cramps weakness,12,male,gastroenteritis
dizziness mouth dark urine,33,male,dehydration
cough chills sore throat headache,57,female,flu
rash sneezing spots,42,male,allergic_reaction
swelling itching,49,female,allergic_reaction
throat chills body ache cough,25,female,flu
sore headache fever chills,75,female,flu
hives rash,60,female,allergic_reaction
swelling rash,75,female,allergic_reaction
diarrhea vomiting cramps,68,male,gastroenteritis
mild runny nose cough stuffy nose,36,female,common_cold
nausea abdominal cramps fever diarrhea,56,male,gastroenteritis
cough stuffy,7,female,common_cold
fatigue body ache,15,female,flu
headache fever,25,male,flu
fatigue fever tightness cough shortness of breath,47,male,respiratory_infection
diarrhea nausea vomiting fever abdominal cramps,65,female,gastroenteritis
fatigue dark urine dry mouth headache,23,female,dehydration
dry mouth headache fatigue urine dizziness,68,male,dehydration
chest tightness shortness of breath cough,37,female,respiratory_infection
fatigue chest tightness shortness of breath cough fever,61,male,respiratory_infection
urine fatigue dry mouth,54,male,dehydration
sneezing itching,59,female,allergic_reaction
runny nose mild headache sore throat,38,female,common_cold
diarrhea nausea,69,female,gastroenteritis
severe headache sensitivity to light nausea,38,female,migraine
sneezing hives swelling runny nose,48,male,allergic_reaction
runny nose itching,43,male,allergic_reaction
fatigue headache,14,male,flu
headache dizziness dark,42,male,dehydration
diarrhea nausea vomiting abdominal cramps,19,male,gastroenteritis
fatigue dizziness headache dark urine dry mouth,52,male,dehydration
nose hives,27,female,allergic_reaction
nausea abdominal cramps vomiting fever hearing loss,28,male,gastroenteritis
rash sneezing runny nose hives,68,female,allergic_reaction
cough body ache sore throat chills fever,6,male,flu
nausea severe headache dizziness,35,female,migraine
dizziness severe headache,40,male,migraine
runny nose cough mild headache stuffy nose sore throat,68,male,common_cold
vomiting diarrhea,47,female,gastroenteritis
swelling hives sneezing,39,female,allergic_reaction
fever cramps,50,female,gastroenteritis
runny nose hives rash sneezing redness,55,male,allergic_reaction
body ache cough sore throat headache fever,23,female,flu
fever chest tightness shortness of breath fatigue,62,female,respiratory_infection
fatigue headache dark urine dizziness,68,female,dehydration
stuffy nose nose,58,male,common_cold
mild headache nose sore throat cough,65,male,common_cold
hives rash swelling runny nose joint,57,male,allergic_reaction
sensitivity to light dizziness nausea severe headache loss,54,female,migraine
sore throat chills fever,36,female,flu
sore throat runny nose cough mild headache stuffy nose,74,male,common_cold
runny nose itching,42,male,allergic_reaction
vomiting abdominal,27,male,gastroenteritis
mild headache stuffy nose runny nose loss of,73,male,common_cold
headache fever body ache cough chills,9,male,flu
stuffy nose sore throat runny nose mild headache cough,81,male,common_cold
rash runny nose,60,female,allergic_reaction
nausea headache dizziness,52,female,migraine
shortness of breath fever chest tightness cough,55,male,respiratory_infection
nausea severe headache dizziness sensitivity to light,47,male,migraine
sensitivity to light dizziness,32,female,migraine
body ache headache,49,male,flu
vomiting fever abdominal cramps diarrhea stomach pain,61,female,gastroenteritis
cough shortness of breath fever chest tightness,65,female,respiratory_infection
severe headache nausea sensitivity to light,28,male,migraine
chills body fatigue,16,female,flu
cough runny nose nose,20,male,common_cold
runny nose mild headache sore throat,43,female,common_cold
swelling itching runny nose,44,female,allergic_reaction
fatigue fever phlegm,82,male,flu
mild headache sore throat runny nose cough stuffy,8,male,common_cold
headache fatigue dark urine dry dizziness muscle pain,23,male,dehydration
chills fever,23,female,flu
fatigue body ache chills sore throat fever,58,male,flu
stuffy nose cough sore throat mild headache,9,female,common_cold
cough fatigue chest shortness of breath,70,female,respiratory_infection
runny nose swelling rash,64,male,allergic_reaction
abdominal cramps diarrhea vomiting,34,female,gastroenteritis
dry mouth dark,41,male,dehydration
dark urine dizziness headache dry mouth fatigue,65,male,dehydration
hives swelling,43,female,allergic_reaction
to light dizziness,55,male,migraine
fever shortness of breath cough fatigue,21,male,respiratory_infection
headache dizziness dry mouth fatigue dark urine,25,male,dehydration
shortness of breath cough chest tightness fever fatigue,56,female,respiratory_infection
sneezing rash hives itching runny,20,female,allergic_reaction
dark urine dry mouth headache dizziness,52,female,dehydration
diarrhea nausea abdominal cramps,19,male,gastroenteritis
sneezing itching runny,42,male,allergic_reaction
sensitivity to light dizziness severe headache nausea,28,male,migraine
to light nausea,40,female,migraine
cough of breath chest tightness,55,male,respiratory_infection
chest tightness cough,56,female,respiratory_infection
headache fever,5,male,flu
sneezing swelling itching runny nose rash,42,female,allergic_reaction
sneezing runny nose,67,male,allergic_reaction
fever diarrhea,7,female,gastroenteritis
sore throat mild headache,44,male,common_cold
cough chills fever sore throat,10,male,flu
fatigue headache throat cough,43,male,flu
mild headache runny nose cough,76,male,common_cold
ache chills,16,male,flu
nausea severe headache,49,female,migraine
fever of breath cough fatigue chest tightness,41,female,respiratory_infection
cough sore throat,44,male,common_cold
cough chest,48,female,respiratory_infection
runny nose stuffy nose mild headache,71,male,common_cold
cough chills fatigue body ache,48,male,flu
chest tightness fever shortness of breath cough sore,28,female,respiratory_infection
vomiting abdominal cramps diarrhea,75,female,gastroenteritis
nose cough sore throat,25,male,common_cold
dizziness fatigue headache dry mouth,22,female,dehydration
fatigue dark urine headache,40,male,dehydration
rash swelling hives,47,male,allergic_reaction
dizziness dry headache fatigue dark urine hearing loss,68,male,dehydration
chest tightness fatigue fever,47,female,respiratory_infection
body ache cough heartburn,62,male,flu
stuffy nose cough runny nose sore throat mild headache,14,male,common_cold
sneezing swelling,43,female,allergic_reaction
sensitivity to light dizziness severe headache nausea,43,male,migraine
abdominal cramps vomiting diarrhea fever,40,female,gastroenteritis
stuffy nose cough sore throat mild headache,87,female,common_cold
headache dry mouth dizziness fatigue dark urine,36,male,dehydration
sensitivity to light severe headache nausea dizziness,37,male,migraine
chest tightness fever,44,male,respiratory_infection
fever cough fatigue,36,male,flu
severe headache sensitivity to light,28,male,migraine
dark urine fatigue dizziness dry mouth,27,female,dehydration
nausea severe headache sensitivity to light,41,male,migraine
nausea vomiting abdominal cramps,67,male,gastroenteritis
cough stuffy nose sore throat runny nose mild headache congestion,33,female,common_cold
diarrhea nausea,10,male,gastroenteritis
runny nose nose mild headache,66,male,common_cold
vomiting abdominal cramps,31,male,gastroenteritis
sneezing swelling rash hives runny,68,female,allergic_reaction
sore throat runny nose mild headache stuffy nose cough,21,male,common_cold
dry mouth dizziness headache,33,male,dehydration
nausea vomiting diarrhea,58,female,gastroenteritis
rash sneezing,49,female,allergic_reaction
stuffy runny nose,58,male,common_cold
fever vomiting diarrhea abdominal cramps nausea,34,male,gastroenteritis
nausea sensitivity to light dizziness severe headache,52,male,migraine
dark urine dry mouth dizziness spots,60,male,dehydration
sore runny nose cough mild headache,55,female,common_cold
vomiting abdominal cramps nausea,14,male,gastroenteritis
severe headache sensitivity light,30,male,migraine
shortness of breath fever,64,male,respiratory_infection
fever vomiting abdominal cramps diarrhea nausea,22,female,gastroenteritis
dry mouth dizziness headache dark urine,66,male,dehydration
mild headache stuffy nose nose cough sore throat,56,female,common_cold
diarrhea nausea vomiting fever abdominal,66,male,gastroenteritis
hives itching runny nose sneezing,42,female,allergic_reaction
itching sneezing,21,male,allergic_reaction
fever shortness of breath cough fatigue chest tightness,17,female,respiratory_infection
dark urine fatigue dizziness,17,male,dehydration
mild headache cough stuffy nose,45,female,common_cold
fever chest tightness shortness of breath fatigue cough,65,female,respiratory_infection
cough fever chest tightness of breath fatigue,55,male,respiratory_infection
chills sore cough headache fatigue pain,39,male,flu
hives runny nose rash sneezing,36,male,allergic_reaction
cough mild headache throat runny nose,73,male,common_cold
severe headache nausea sensitivity to light,50,male,migraine
shortness of breath cough chest tightness tiredness,55,female,respiratory_infection
fever fatigue,20,male,respiratory_infection
runny nose sneezing,16,male,allergic_reaction
nausea severe,33,female,migraine
mild headache stuffy nose,71,male,common_cold
runny nose itching hives,39,male,allergic_reaction
fever abdominal cramps diarrhea,51,female,gastroenteritis
nausea severe headache dizziness sensitivity to light,45,female,migraine
sore throat,12,female,flu
tightness fatigue shortness of breath,38,female,respiratory_infection
sensitivity to light,29,male,migraine
sore throat runny nose mild headache cough stuffy nose,64,male,common_cold
rash swelling,56,male,allergic_reaction
itching runny nose sneezing ear pain,38,male,allergic_reaction
sore throat cough mild headache,63,male,common_cold
diarrhea nausea fever vomiting,29,female,gastroenteritis
fever fatigue,70,male,respiratory_infection
nausea abdominal cramps,17,male,gastroenteritis
body ache fatigue headache,56,male,flu
chills fever,27,male,flu
cough of breath fever chest tightness,26,male,respiratory_infection
sensitivity to light,39,male,migraine
nausea abdominal cramps diarrhea fever vomiting,66,male,gastroenteritis
stuffy nose runny nose mild cough,46,female,common_cold
rash sneezing runny nose itching,58,female,allergic_reaction
rash swelling sneezing runny nose,38,female,allergic_reaction
severe headache nausea dizziness sensitivity light,43,male,migraine
cough fever chills headache,54,female,flu
diarrhea nausea abdominal cramps,60,male,gastroenteritis
fever chills,18,male,flu
cough mild headache sore throat runny nose,11,female,common_cold
nausea to light,30,male,migraine
urine headache fatigue dizziness,40,female,dehydration
runny nose cough stuffy nose sore throat mild headache,73,female,common_cold
vomiting diarrhea abdominal cramps fever,13,male,gastroenteritis
headache dizziness dry mouth fatigue,26,female,dehydration
shortness of breath fatigue tightness stuffy nose,53,female,respiratory_infection
sneezing rash hives itching runny nose,22,female,allergic_reaction
dark fatigue dizziness headache,62,female,dehydration
fatigue shortness of breath cough,31,male,respiratory_infection
nausea severe,36,female,migraine
fatigue headache dry mouth,35,female,dehydration
shortness of breath fatigue tightness fever cough,50,male,respiratory_infection
throat chills body ache,7,female,flu
fatigue chest tightness shortness of breath cough,48,male,respiratory_infection
runny nose cough mild headache,24,male,common_cold
fatigue fever,58,female,flu
dry mouth fatigue,36,male,dehydration
fatigue fever cough shortness of breath,49,female,respiratory_infection
mild headache sore throat stuffy nose cough,50,male,common_cold
nausea dizziness sensitivity to light,35,male,migraine
nose mild headache sore throat,69,female,common_cold
mild headache cough nose runny nose sore throat,12,female,common_cold
vomiting diarrhea,22,female,gastroenteritis
cough sore throat,36,male,common_cold
headache spots,33,male,dehydration
abdominal cramps,30,male,gastroenteritis
diarrhea nausea,47,female,gastroenteritis
headache stuffy nose,31,female,common_cold
chest tightness shortness breath,25,male,respiratory_infection
fever chest tightness cough,54,male,respiratory_infection
hives sneezing rash night,30,female,allergic_reaction
abdominal cramps,7,female,gastroenteritis
headache cough throat,10,male,flu
fever chills,27,female,flu
fatigue body ache chills sore throat fever,56,male,flu
vomiting fever,10,female,gastroenteritis
fatigue headache dark urine dry mouth dizziness,47,female,dehydration
cough chills ache fever sore throat,25,male,flu
rash itching runny nose,41,female,allergic_reaction
sensitivity to light nausea,52,female,migraine
chest tightness fever,25,female,respiratory_infection
runny nose cough,66,female,common_cold
sore runny nose,40,female,common_cold
shortness of cough fever,26,female,respiratory_infection
ache headache,71,female,flu
diarrhea cramps,62,female,gastroenteritis
dark urine fatigue headache dizziness,25,female,dehydration
dark dry mouth dizziness itching,65,male,dehydration
nose cough,5,female,common_cold
cough fatigue shortness of fever chest tightness,24,female,respiratory_infection
stuffy nose mild headache sore throat,44,male,common_cold
abdominal diarrhea,42,male,gastroenteritis
diarrhea cramps,45,female,gastroenteritis
diarrhea fever nausea vomiting,63,male,gastroenteritis
swelling sneezing,64,female,allergic_reaction
mild headache runny nose stuffy nose sore throat cough,10,female,common_cold
cough fever fatigue chest tightness,19,male,respiratory_infection
stuffy nose cough mild headache runny nose,4,male,common_cold
stuffy cough runny nose,66,male,common_cold
diarrhea abdominal cramps vomiting fever,72,male,gastroenteritis
dizziness dry mouth headache,43,female,dehydration
dizziness severe headache nausea,47,female,migraine
dry mouth dark,72,male,dehydration
itching hives swelling runny nose,50,male,allergic_reaction
sore throat mild headache runny stuffy nose,82,male,common_cold
mild cough sore throat runny nose stuffy nose,58,male,common_cold
body ache headache sore throat chills,36,male,flu
sensitivity to light headache nausea,27,male,migraine
sore throat mild headache stuffy nose runny nose,75,female,common_cold
hives swelling itching,20,male,allergic_reaction
sneezing itching runny nose swelling,30,male,allergic_reaction
headache cough fever sore throat,30,female,flu
shortness of breath fatigue chest,46,female,respiratory_infection
nausea diarrhea vomiting lightheaded,79,male,gastroenteritis
fatigue body ache chills sore throat fever,60,male,flu
nausea to light dizziness severe headache,50,female,migraine
diarrhea vomiting,39,female,gastroenteritis
mild headache stuffy runny nose cough sore throat,80,female,common_cold
nausea severe headache dizziness sensitivity to light,41,male,migraine
sensitivity to light severe headache dizziness,35,male,migraine
cough fever chest tightness shortness of breath,48,female,respiratory_infection
swelling itching rash hives,52,male,allergic_reaction
nausea severe headache to light dizziness,38,female,migraine
cough runny nose stuffy nose mild headache sore throat,1,female,common_cold
dry mouth,66,male,dehydration
fatigue cough of breath,41,female,respiratory_infection
severe headache nausea sensitivity to light,47,male,migraine
fatigue cough shortness of fever,21,male,respiratory_infection
sore throat runny nose cough mild headache,43,male,common_cold
headache dizziness nausea,40,female,migraine
vomiting nausea,52,female,gastroenteritis
hives runny nose,44,female,allergic_reaction
itching swelling,59,female,allergic_reaction
swelling hives,25,female,allergic_reaction
chills cough,48,female,flu
cough fever,45,male,respiratory_infection
vomiting abdominal cramps diarrhea nausea,12,female,gastroenteritis
cough chest tightness,37,female,respiratory_infection
rash hives,54,male,allergic_reaction
sensitivity to light dizziness,56,male,migraine
fever tightness shortness of breath numbness,43,female,respiratory_infection
itching sneezing,30,male,allergic_reaction
body ache headache chills sore throat,49,female,flu
nausea sensitivity to,46,male,migraine
nose sore throat mild headache cough,9,female,common_cold
nausea severe headache to light dizziness,45,female,migraine
rash hives nose,50,female,allergic_reaction
mild headache cough stuffy nose runny nose,64,male,common_cold
tightness fatigue,69,female,respiratory_infection
body ache fever throat,60,male,flu
nausea vomiting,66,female,gastroenteritis
shortness of fever chest tightness,22,male,respiratory_infection
dry mouth headache fatigue,72,male,dehydration
headache fatigue body ache cold,70,male,flu
throat chills body ache,8,female,flu
shortness of breath fever,41,male,respiratory_infection
vomiting fever,69,male,gastroenteritis
dizziness headache fatigue dark urine mouth chest pain,32,male,dehydration
chest tightness,62,female,respiratory_infection
sneezing swelling chest pain,33,female,allergic_reaction
dark fatigue dizziness,62,male,dehydration
severe headache sensitivity to light dizziness nausea,23,male,migraine
fatigue shortness of breath fever cough chest tightness,52,female,respiratory_infection
chills sore fever fatigue,34,female,flu
fever vomiting diarrhea abdominal cramps,32,male,gastroenteritis
abdominal cramps vomiting nausea fever diarrhea,26,male,gastroenteritis
chest tightness fatigue shortness of stomach pain,21,female,respiratory_infection
headache dizziness dark urine,36,male,dehydration
urine headache dizziness fatigue dry mouth,44,female,dehydration
shortness of breath cough,45,male,respiratory_infection
dry mouth headache,22,male,dehydration
nausea vomiting cramps fever diarrhea,66,female,gastroenteritis
fever chills body cough,15,female,flu
nausea severe headache dizziness sensitivity to light,47,male,migraine
sensitivity to dizziness nausea severe headache,40,male,migraine
severe headache dizziness nausea,24,male,migraine
sore throat runny nose,43,female,common_cold
mild headache sore throat runny nose cough stuffy nose,14,male,common_cold
fever headache shortness of breath,79,female,flu
itching sneezing abdominal cramps,36,female,allergic_reaction
headache chills,65,female,flu
body ache fever fatigue,70,male,flu
stuffy nose runny nose cough,43,female,common_cold
vomiting diarrhea,33,male,gastroenteritis
body ache fever headache cough fatigue weakness,63,female,flu
dark urine dry mouth dizziness fatigue,35,female,dehydration
sore throat body ache fever,38,female,flu
chest shortness of breath,51,female,respiratory_infection
cough mild headache sore throat stuffy nose,75,male,common_cold
dizziness dark urine fatigue,42,male,dehydration
fatigue sore throat headache body ache,21,female,flu
headache body ache fever sore throat,40,female,flu
sore throat mild headache runny nose stuffy nose,83,male,common_cold
nausea diarrhea abdominal cramps vomiting fever,69,female,gastroenteritis
hives nausea,61,male,allergic_reaction
sneezing runny nose hives itching,63,female,allergic_reaction
fever vomiting,28,female,gastroenteritis
mild sore throat runny nose cough stuffy nose,17,male,common_cold
hives sneezing itching runny nose swelling,33,male,allergic_reaction
shortness of breath fatigue fever,45,male,respiratory_infection
dizziness nausea severe headache,38,female,migraine
dark urine fatigue,40,female,dehydration
fever nausea vomiting diarrhea abdominal cramps,59,male,gastroenteritis
cough sore,76,female,common_cold
cough shortness of fever,28,female,respiratory_infection
chills headache fever throat body ache,19,male,flu
mild headache sore throat runny nose vertigo,45,female,common_cold
diarrhea nausea abdominal cramps vomiting,7,female,gastroenteritis
headache cough stuffy nose runny nose,10,female,common_cold
body ache cough sore,31,female,flu
fatigue cough sore fever body ache confusion,33,female,flu
fever chills,35,female,flu
vomiting fever,35,female,gastroenteritis
mild headache runny,85,male,common_cold
mouth dizziness fatigue headache dark urine,65,male,dehydration
body ache headache fatigue,3,female,flu
dry mouth dizziness fatigue headache dark urine,60,male,dehydration
sore throat runny,39,female,common_cold
runny nose rash sneezing,51,female,allergic_reaction
runny nose itching rash,40,female,allergic_reaction
cough sore throat stuffy nose mucus,20,female,common_cold
sore throat fatigue lightheaded,23,male,flu
dry mouth dark urine headache spots,64,female,dehydration
mild headache sore throat runny nose stuffy nose,45,male,common_cold
itching sneezing hives runny nose swelling,46,male,allergic_reaction
fever headache body ache,47,male,flu
chest tightness shortness of breath cough fatigue fever earache,66,female,respiratory_infection
shortness of breath fever fatigue,51,male,respiratory_infection
to light severe headache dizziness,52,female,migraine
dry mouth headache dark urine fatigue,54,male,dehydration
abdominal cramps nausea,21,male,gastroenteritis
fatigue chest tightness fever,26,male,respiratory_infection
chest tightness,52,male,respiratory_infection
sore throat chills bumps,11,male,flu
abdominal diarrhea fever,15,male,gastroenteritis
runny nose swelling itching hives sneezing,56,male,allergic_reaction
dry mouth fatigue,69,male,dehydration
diarrhea fever,10,female,gastroenteritis
diarrhea cramps,31,male,gastroenteritis
stuffy nose nose,62,male,common_cold
sensitivity light severe headache,28,male,migraine
fever chest tightness,38,male,respiratory_infection
mild headache sore throat,77,female,common_cold
fever diarrhea neck pain,56,female,gastroenteritis
severe headache dizziness nausea sensitivity to light,42,male,migraine
mild headache sore throat stuffy,56,male,common_cold
headache dark urine dry mouth,16,female,dehydration
mild headache stuffy nose sore throat runny nose cough,0,male,common_cold
nose runny nose mild headache cough sore throat,56,male,common_cold
sore throat,12,male,common_cold
cough mild headache sore runny nose,1,female,common_cold
sore throat mild headache runny nose stuffy nose cough,22,female,common_cold
cough runny nose,66,male,common_cold
cough chest tightness fever fatigue shortness of breath,68,female,respiratory_infection
cough fatigue chest tightness fever shortness of breath,48,female,respiratory_infection
dizziness sensitivity to severe headache,40,male,migraine
dizziness headache fatigue,69,male,dehydration
nausea sensitivity light severe headache dizziness,28,male,migraine
sore throat mild cough stuffy nose runny nose,80,female,common_cold
swelling itching rash sneezing runny nose,29,male,allergic_reaction
fever shortness of breath fatigue chest tightness cough,48,female,respiratory_infection
cramps diarrhea vomiting,51,male,gastroenteritis
headache fatigue dark urine dizziness,66,female,dehydration
shortness of breath chest tightness joint pain,72,male,respiratory_infection
fatigue dizziness headache dry mouth dark urine,56,male,dehydration
swelling rash hives sneezing,60,female,allergic_reaction
severe headache dizziness nausea,42,male,migraine
nausea diarrhea abdominal,12,female,gastroenteritis
fatigue dark urine dizziness chest tightness,50,male,dehydration
cough chest tightness,29,male,respiratory_infection
stuffy nose mild headache sore throat runny nose,49,male,common_cold
fatigue fever cough,24,female,respiratory_infection
sore cough mild headache stuffy nose runny nose,4,female,common_cold
runny nose swelling itching,50,male,allergic_reaction
sensitivity to light nausea severe headache,43,male,migraine
fatigue chills,9,male,flu
abdominal cramps,13,female,gastroenteritis
runny nose itching swelling sneezing,53,female,allergic_reaction
mild headache stuffy nose cough sore,14,female,common_cold
sore throat mild headache cough runny nose stuffy nose,49,female,common_cold
ache fever headache chills sore throat,54,female,flu
sore throat mild headache cough,12,female,common_cold
cough headache,52,male,flu
diarrhea nausea,53,female,gastroenteritis
severe headache dizziness nausea,37,female,migraine
body ache fever chills cough headache,85,male,flu
hives swelling,49,female,allergic_reaction
itching rash back pain,68,male,allergic_reaction
swelling rash runny nose weakness,41,male,allergic_reaction
nausea dizziness sensitivity to light severe weakness,25,female,migraine
swelling itching,38,female,allergic_reaction
abdominal cramps vomiting nausea,74,female,gastroenteritis
fatigue dry mouth dark urine,38,male,dehydration
fatigue dry mouth headache dark urine,38,female,dehydration
fatigue chest tightness,64,male,respiratory_infection
vomiting abdominal cramps,7,male,gastroenteritis
hives itching nose rash sneezing,39,female,allergic_reaction
vomiting diarrhea nausea abdominal cramps fever,62,female,gastroenteritis
rash hives,72,male,allergic_reaction
runny rash hives swelling itching,48,male,allergic_reaction
sneezing swelling,51,male,allergic_reaction
sore throat runny nose,56,male,common_cold
dizziness dry mouth dark urine,66,male,dehydration
rash sneezing sore,49,female,allergic_reaction
cough chills,21,male,flu
dizziness headache,69,female,dehydration
vomiting diarrhea,15,female,gastroenteritis
diarrhea fever vomiting,35,female,gastroenteritis
swelling itching rash runny nose,36,male,allergic_reaction
diarrhea abdominal cramps vomiting,35,male,gastroenteritis
swelling sneezing,42,female,allergic_reaction
mild headache sore throat nose cough stuffy nose,50,male,common_cold
headache sore throat cough runny nose stuffy nose,15,female,common_cold
fatigue tightness,55,female,respiratory_infection
shortness breath fatigue fever cough chest tightness,22,female,respiratory_infection
fever nausea,32,male,gastroenteritis
fatigue dry mouth dizziness headache dark urine,31,female,dehydration
dizziness severe headache to light,29,female,migraine
dark urine dizziness chest tightness,50,male,dehydration
fever abdominal cramps vomiting,59,male,gastroenteritis
dark urine headache dizziness fatigue dry mouth,57,female,dehydration
sensitivity light severe headache dizziness,56,female,migraine
dry mouth headache fatigue,51,female,dehydration
chills cough,68,female,flu
dizziness headache,41,female,dehydration
nose mild headache cough,31,female,common_cold
chest cough,61,female,respiratory_infection
dry mouth,65,male,dehydration
runny nose cough sore throat mild,11,female,common_cold
fever chills,41,female,flu
runny nose itching,62,male,allergic_reaction
headache cough sore throat body ache fatigue,9,female,flu
hives sore throat,23,female,allergic_reaction
nausea fever,28,male,gastroenteritis
itching rash hives swelling,57,male,allergic_reaction
nausea severe headache,58,female,migraine
dizziness nausea sensitivity to light severe headache,30,female,migraine
sore throat cough mild headache,68,male,common_cold
cramps fever diarrhea hot,49,female,gastroenteritis
diarrhea nausea,44,male,gastroenteritis
abdominal cramps fever vomiting,70,female,gastroenteritis
fever diarrhea,18,female,gastroenteritis
headache chills fatigue,68,female,flu
runny mild headache cough,46,female,common_cold
headache fever body ache cough chills,10,male,flu
fever diarrhea nausea vomiting,10,female,gastroenteritis
sensitivity to light dizziness nausea,36,female,migraine
nausea abdominal cramps fever diarrhea,54,male,gastroenteritis
sensitivity to light nausea severe headache,37,female,migraine
headache fatigue,48,female,dehydration
diarrhea fever abdominal cramps,14,male,gastroenteritis
chest tightness cough,55,male,respiratory_infection
fever nausea vomiting diarrhea cramps,58,male,gastroenteritis
itching sneezing rash hives,25,female,allergic_reaction
body ache fever,6,female,flu
severe headache sensitivity to light,56,female,migraine
fatigue fever shortness of breath,32,male,respiratory_infection
mild headache sore,11,female,common_cold
diarrhea nausea fever,70,female,gastroenteritis
itching sneezing rash nose,35,male,allergic_reaction
runny nose cough sore throat,15,male,common_cold
dry mouth dizziness headache,46,male,dehydration
dark urine headache,58,male,dehydration
body ache sore throat fatigue headache,58,male,flu
dizziness nausea sensitivity to light severe headache,34,male,migraine
diarrhea vomiting fever abdominal cramps nausea congestion,48,male,gastroenteritis
severe headache nausea dizziness sensitivity to,44,female,migraine
sensitivity to light severe headache nausea dizziness,37,male,migraine
shortness of breath fever chest tightness fatigue chest pain,40,male,respiratory_infection
itching swelling runny nose,73,male,allergic_reaction
dry mouth dark urine fatigue,56,male,dehydration
rash swelling sneezing runny nose itching,54,male,allergic_reaction
dry mouth fatigue,45,female,dehydration
nausea severe headache sensitivity to light,50,male,migraine
cough fatigue,51,female,respiratory_infection
dizziness severe,32,female,migraine
cough fatigue shortness of breath fever chest tightness,61,female,respiratory_infection
dizziness mouth dark urine fatigue headache,52,male,dehydration
sore throat stuffy nose runny mild headache,2,female,common_cold
runny nose rash hives swelling,63,male,allergic_reaction
swelling itching,70,female,allergic_reaction
runny nose sneezing hives,40,female,allergic_reaction
runny nose rash,22,male,allergic_reaction
sensitivity to light nausea,29,male,migraine
shortness of breath cough fever fatigue chest tightness,51,male,respiratory_infection
shortness breath chest tightness cough fatigue,66,male,respiratory_infection
severe headache sensitivity to light,56,female,migraine
runny nose itching confusion,25,male,allergic_reaction
diarrhea vomiting fever abdominal cramps nausea,59,female,gastroenteritis
fever fatigue cough chills sore rapid breathing,82,female,flu
severe headache dizziness sensitivity to light nausea,46,female,migraine
chills throat fever fatigue,31,female,flu
sensitivity to light,42,female,migraine
stuffy nose cough,54,female,common_cold
sore throat cough chills,70,male,flu
urine dizziness headache dry mouth fatigue,72,male,dehydration
sore throat cough fatigue headache,23,male,flu
hives runny nose swelling itching vertigo,55,male,allergic_reaction
fatigue cough chest tightness,42,female,respiratory_infection
severe headache nausea sensitivity to light bumps,45,female,migraine
nose cough stuffy nose mild headache sore throat,66,male,common_cold
hives sneezing itching rash,50,female,allergic_reaction
sensitivity to light severe headache nausea,27,male,migraine
fever shortness of breath fatigue chest tightness cough,42,male,respiratory_infection
fatigue sore throat headache,58,male,flu
dizziness nausea,30,male,migraine
chills headache fatigue body ache,13,male,flu
chills headache,49,female,flu
fever cough,34,male,respiratory_infection
body ache chills redness,58,female,flu
chest tightness fever,53,female,respiratory_infection
headache fever sore throat fatigue numbness,5,female,flu
itching swelling sneezing rash hives,21,female,allergic_reaction
severe headache dizziness sensitivity to light,47,male,migraine
severe headache nausea sensitivity to light bumps,42,female,migraine
nose swelling,42,male,allergic_reaction
fatigue dry mouth dark urine dizziness chest,22,male,dehydration
fatigue sore throat fever headache,35,female,flu
dark headache dizziness dry mouth,56,male,dehydration
to light nausea dizziness severe headache,31,male,migraine
fever nausea sore throat,71,male,gastroenteritis
diarrhea abdominal cramps vomiting nausea fever redness,69,male,gastroenteritis
sore throat mild headache runny nose stuffy nose,17,male,common_cold
sensitivity to light nausea dizziness headache,50,female,migraine
mild headache stuffy nose,5,female,common_cold
fever diarrhea cramps,67,male,gastroenteritis
sensitivity to light severe headache,44,male,migraine
headache fatigue,69,female,dehydration
shortness of breath fatigue,70,female,respiratory_infection
severe headache dizziness nausea,40,female,migraine
chills fever,26,female,flu
rash runny swelling,17,male,allergic_reaction
headache fatigue,62,female,dehydration
body ache sore throat fatigue headache,59,male,flu
headache dry mouth,23,male,dehydration
chills fever fatigue,36,female,flu
cough mild headache sore stuffy nose,8,female,common_cold
headache dizziness,71,male,dehydration
chills fever,8,male,flu
chills body ache cough,13,female,flu
mild headache sore throat cough stuffy nose,73,male,common_cold
dark urine dry mouth itching,69,male,dehydration
hives rash,63,female,allergic_reaction
itching sneezing,40,female,allergic_reaction
dark urine fatigue dizziness,51,male,dehydration
cough mild,29,male,common_cold
fever chest tightness,28,female,respiratory_infection
fever vomiting,39,female,gastroenteritis
sore throat mild headache cough runny nose stuffy nose,46,female,common_cold
fever cough,27,male,respiratory_infection
fever diarrhea abdominal cramps,6,male,gastroenteritis
chest tightness shortness of breath cough,30,female,respiratory_infection
fatigue tightness,66,male,respiratory_infection
mild headache stuffy,3,female,common_cold
cough runny nose stuffy nose mild headache throat,1,female,common_cold
itching rash hives swelling,55,male,allergic_reaction
throat headache bruising,55,female,flu
stuffy nose sore throat mild headache cough,59,male,common_cold
fever chest tightness fatigue shortness of breath,43,male,respiratory_infection
vomiting diarrhea nausea fever abdominal cramps,21,male,gastroenteritis
hives runny nose sneezing,32,female,allergic_reaction
runny nose rash,41,female,allergic_reaction
fever nausea,43,female,gastroenteritis
nausea dizziness severe headache sensitivity to light,44,male,migraine
sore runny nose,58,female,common_cold
itching nose,18,male,allergic_reaction
swelling sneezing hives runny nose,51,male,allergic_reaction
sensitivity to light dizziness nausea headache,29,female,migraine
headache dizziness,45,female,migraine
chills headache fatigue cough,45,male,flu
chest tightness fatigue shortness of,38,female,respiratory_infection
shortness of breath cough chest tightness fever,63,male,respiratory_infection
runny sore throat stuffy nose mild headache,65,male,common_cold
mild headache stuffy nose cough sore throat,54,female,common_cold
dark fatigue,25,female,dehydration
cough fatigue,44,female,respiratory_infection
throat runny nose stuffy nose,12,female,common_cold
cough fever chest tightness shortness of breath,54,female,respiratory_infection
fever diarrhea nausea vomiting,38,male,gastroenteritis
runny nose sore throat cough stuffy nose,42,male,common_cold
chest tightness,51,male,respiratory_infection
fatigue cough fever shortness of breath,42,male,respiratory_infection
runny nose sneezing hives swelling itching,41,male,allergic_reaction
rash swelling sneezing runny nose,63,female,allergic_reaction
diarrhea abdominal cramps,35,female,gastroenteritis
fatigue fever cough shortness breath,37,female,respiratory_infection
fever nausea,33,male,gastroenteritis
nausea cramps,49,female,gastroenteritis
dizziness dark urine fatigue dry mouth headache,72,male,dehydration
sensitivity to light nausea severe dizziness,50,female,migraine
cough fatigue fever shortness of breath chest tightness,43,female,respiratory_infection
runny nose,68,female,allergic_reaction
sore throat,12,male,common_cold
dizziness dry mouth fatigue dark urine,36,female,dehydration
runny nose rash,15,female,allergic_reaction
vomiting difficulty breathing,53,female,gastroenteritis
throat chills bumps,13,male,flu
dizziness sensitivity light nausea,38,female,migraine
sore throat fever,70,male,flu
runny nose cough,8,female,common_cold
fever shortness of,56,male,respiratory_infection
mouth dizziness headache,54,male,dehydration
sore throat body ache,78,male,flu
cough chest tightness bruising,36,female,respiratory_infection
dizziness dry mouth dark urine neck,60,male,dehydration
chest tightness shortness of breath,50,female,respiratory_infection
sneezing rash swelling hives runny nose,68,female,allergic_reaction
cramps vomiting,61,male,gastroenteritis
rash sneezing,70,male,allergic_reaction
rash hives runny nose,50,male,allergic_reaction
mild headache cough stuffy nose sore throat nose,16,female,common_cold
fever fatigue chest tightness cough,52,male,respiratory_infection
headache fever chills throat hives,18,female,flu
dark urine headache dizziness dry,50,male,dehydration
runny nose cough mild headache stuffy nose sore throat,69,female,common_cold
cough fever chest tightness shortness of breath,22,male,respiratory_infection
sneezing rash,24,female,allergic_reaction
chills throat cough headache fatigue pain,38,male,flu
severe headache sensitivity to light nausea dizziness,47,male,migraine
runny nose cough mild headache,81,male,common_cold
mild headache runny nose,56,female,common_cold
fatigue chills,6,male,flu
sneezing itching runny nose,35,male,allergic_reaction
chest tightness fever fatigue cough shortness of breath,30,male,respiratory_infection
sneezing swelling itching runny nose rash,45,female,allergic_reaction
headache fatigue dry mouth,24,male,dehydration
fever abdominal cramps diarrhea stomach pain,55,female,gastroenteritis
mild headache runny nose sore throat stuffy nose,5,male,common_cold
fatigue sore throat,54,male,flu
severe headache sensitivity to light nausea,55,female,migraine
dizziness severe headache,31,female,migraine
nausea vomiting diarrhea abdominal cramps fever,7,male,gastroenteritis
fatigue urine headache dry mouth dizziness,54,female,dehydration
to light nausea dizziness severe headache,48,female,migraine
sensitivity to light dizziness nausea bumps,48,female,migraine
cough stuffy nose headache,7,female,common_cold
fatigue dizziness,67,female,dehydration
severe headache nausea,50,female,migraine
shortness of breath chest tightness,22,female,respiratory_infection
cough sore throat chills fever body,64,female,flu
stuffy nose sore runny nose,87,female,common_cold
sore throat mild headache runny nose stuffy nose cough,29,female,common_cold
chills headache throat cough,58,female,flu
sneezing rash swelling,35,male,allergic_reaction
dizziness dry mouth,40,female,dehydration
runny nose cough,65,female,common_cold
sensitivity to light nausea severe headache,48,female,migraine
sneezing swelling itching,55,male,allergic_reaction
fatigue dizziness dark headache,29,male,dehydration
severe headache sensitivity to light,29,male,migraine
shortness of breath chest,48,female,respiratory_infection
sensitivity to light nausea dizziness,44,male,migraine
fever cough,28,male,respiratory_infection
abdominal cramps fever diarrhea,51,male,gastroenteritis
runny nose cough,29,female,common_cold
severe headache,35,male,migraine
dark urine dizziness,30,male,dehydration
sensitivity to light severe headache nausea,29,male,migraine
cough stuffy nose mild headache runny nose throat,81,male,common_cold
sneezing runny nose,37,male,allergic_reaction
diarrhea fever cramps vomiting nausea,17,female,gastroenteritis
fever abdominal,14,male,gastroenteritis
stuffy nose runny nose cough sore throat sweating,41,male,common_cold
body ache fever cough,17,female,flu
dry mouth dizziness fatigue dark urine,17,female,dehydration
body ache headache sore fever vomiting,72,male,flu
fever fatigue shortness of breath cough chest tightness,30,female,respiratory_infection
dizziness headache fatigue,56,female,dehydration
headache sensitivity to light dizziness nausea,45,female,migraine
dry headache dizziness,47,female,dehydration
swelling hives runny nose,32,male,allergic_reaction
runny sneezing hives swelling itching,42,male,allergic_reaction
cough body ache sore throat chills fever,5,male,flu
vomiting abdominal fever,21,male,gastroenteritis
hives swelling sore throat,21,female,allergic_reaction
fatigue mouth dark urine headache,28,male,dehydration
sensitivity to light severe headache,42,female,migraine
cough chest tightness shortness of fever,37,male,respiratory_infection
vomiting fever abdominal cramps,18,male,gastroenteritis
dizziness sensitivity to light nausea severe headache,44,female,migraine
swelling rash runny weakness,44,male,allergic_reaction
chills sore throat fatigue fever headache,22,female,flu
cough fatigue,31,female,respiratory_infection
nausea diarrhea vomiting,37,female,gastroenteritis
abdominal cramps fever nausea,14,male,gastroenteritis
sore throat mild headache runny nose stuffy nose,20,female,common_cold
itching sneezing rash hives runny nose,65,male,allergic_reaction
cough runny nose mild headache sore throat stuffy,86,female,common_cold
runny nose,25,female,allergic_reaction
rash swelling sneezing hives,30,female,allergic_reaction
nausea severe headache sensitivity to light,41,female,migraine
stuffy nose runny nose mild,21,male,common_cold
chest tightness shortness of breath cough,37,female,respiratory_infection
body ache chills fever headache,51,female,flu
sensitivity to light severe headache nausea,48,female,migraine
cough sore throat runny nose headache,43,female,common_cold
dark urine dizziness dry mouth,47,male,dehydration
sneezing itching,61,female,allergic_reaction
fever abdominal cramps,66,male,gastroenteritis
swelling itching rash sneezing,25,male,allergic_reaction
fever fatigue sore throat,60,female,flu
shortness of breath cough chest tightness fatigue fever,21,female,respiratory_infection
vomiting nausea diarrhea phlegm,48,female,gastroenteritis
sore throat nose,21,male,common_cold
mild headache nose sore throat cough stuffy nose,9,male,common_cold
hives swelling itching rash,46,male,allergic_reaction
runny sneezing hives itching indigestion,49,female,allergic_reaction
fever shortness of breath chest tightness joint,68,male,respiratory_infection
diarrhea nausea vomiting abdominal fever,25,male,gastroenteritis
dizziness dark urine headache,48,female,dehydration
fever fatigue chest tightness abdominal cramps,14,male,respiratory_infection
headache ache chills fever sore throat,11,male,flu
abdominal cramps diarrhea vomiting nausea fever weakness,35,male,gastroenteritis
cough sore throat mild runny nose stuffy nose,17,male,common_cold
abdominal cramps diarrhea nausea vomiting fever,37,female,gastroenteritis
cough fatigue fever shortness of breath chest tightness,48,female,respiratory_infection
fever throat fatigue chills,78,male,flu
runny sneezing rash,22,male,allergic_reaction
vomiting nausea,20,female,gastroenteritis
itching sneezing rash hives,25,female,allergic_reaction
diarrhea vomiting fever abdominal,67,male,gastroenteritis
cough stuffy nose,9,female,common_cold
mild runny nose cough,14,male,common_cold
rash sneezing spots,47,male,allergic_reaction
hives swelling itching,42,female,allergic_reaction
nausea diarrhea vomiting fever,59,female,gastroenteritis
chills fever,18,female,flu
headache fatigue,22,female,flu
shortness of breath fatigue chest fever,58,male,respiratory_infection
sneezing swelling,43,female,allergic_reaction
fever fatigue,63,female,respiratory_infection
cough fever fatigue chest pain,33,male,respiratory_infection
fever nausea,52,female,gastroenteritis
fever abdominal cramps nausea diarrhea,52,male,gastroenteritis
fatigue cough tightness fever,34,male,respiratory_infection
severe headache nausea sensitivity to light bumps,43,female,migraine
urine fatigue,26,female,dehydration
fever diarrhea cramps nausea vomiting,56,female,gastroenteritis
mild headache stuffy nose cough runny nose sore throat,17,female,common_cold
chest cough,63,female,respiratory_infection
runny cough,33,female,common_cold
diarrhea fever vomiting,29,male,gastroenteritis
shortness of cough fever chest tightness,22,male,respiratory_infection
mild headache stuffy nose,82,male,common_cold
dizziness dark urine,32,female,dehydration
stuffy nose cough sore throat mild headache,83,female,common_cold
sore throat headache chills,14,male,flu
diarrhea abdominal vomiting,42,male,gastroenteritis
chills throat,53,female,flu
abdominal diarrhea vomiting nausea fever weakness,36,male,gastroenteritis
stuffy nose headache runny nose sore throat cough,50,female,common_cold
severe headache dizziness sensitivity to light nausea,45,female,migraine
fatigue dizziness dry mouth headache dark urine,20,male,dehydration
nausea dizziness,31,female,migraine
fatigue mouth,20,male,dehydration
stuffy nose runny nose mild headache sore throat,33,female,common_cold
urine fatigue dry mouth,45,male,dehydration
dizziness nausea sensitivity to light,42,female,migraine
body ache sore throat phlegm,71,male,flu
runny nose itching,65,male,allergic_reaction
runny mild headache stuffy nose cough,11,female,common_cold
fever nausea abdominal cramps,40,male,gastroenteritis
dizziness sensitivity to light severe headache,50,female,migraine
fatigue of breath cough chest tightness fever,52,female,respiratory_infection
hives itching sneezing runny nose,58,female,allergic_reaction
headache dark urine fatigue,37,male,dehydration
abdominal cramps nausea,49,male,gastroenteritis
dark urine dry mouth fatigue,32,male,dehydration
shortness breath fatigue fever,30,female,respiratory_infection
nausea severe headache sensitivity to light confusion,22,male,migraine
fatigue sore throat headache,66,female,flu
fatigue cough,66,female,flu
cough chest tightness shortness of breath,42,male,respiratory_infection
dizziness severe headache nausea,22,female,migraine
fatigue dark urine dizziness headache dry mouth,42,male,dehydration
dizziness nausea headache,28,male,migraine
hives itching runny sneezing swelling,58,female,allergic_reaction
sensitivity to nausea,27,male,migraine
dark urine headache fatigue,42,female,dehydration
chest tightness fatigue,48,male,respiratory_infection
severe headache sensitivity to light dizziness,49,female,migraine
dark fatigue,56,female,dehydration
runny nose sneezing hives itching indigestion,45,female,allergic_reaction
cough fever fatigue redness,15,female,flu
cough fatigue sore throat headache,5,female,flu
fever fatigue,55,male,respiratory_infection
abdominal cramps nausea vomiting diarrhea fever,35,female,gastroenteritis
fatigue cough shortness of,38,male,respiratory_infection
throat chills fever body ache cough shivering,12,female,flu
dry mouth headache dizziness dark urine fatigue,64,female,dehydration
sore throat cough mild headache,17,female,common_cold
itching runny nose hives,48,female,allergic_reaction
headache sore throat chills,71,male,flu
abdominal cramps diarrhea nausea fever vomiting,25,female,gastroenteritis
fever chills headache fatigue cough,71,female,flu
sensitivity to nausea dizziness,43,female,migraine
itching runny nose,21,male,allergic_reaction
sneezing nose,53,female,allergic_reaction
fatigue dizziness,44,male,dehydration
headache fatigue dry mouth dark urine,44,female,dehydration
mild headache nose sore throat cough stuffy nose,42,male,common_cold
vomiting fever abdominal cramps,13,male,gastroenteritis
mild headache nose stuffy nose cough,39,male,common_cold
sore throat runny nose difficulty breathing,32,male,common_cold
fever pain,15,female,respiratory_infection
body ache headache sore throat fever vomiting,73,male,flu
hives swelling itching,21,male,allergic_reaction
runny nose mild headache stuffy nose sore,18,female,common_cold
headache fever,17,male,flu
sensitivity to light dizziness severe headache nausea,30,male,migraine
tightness cough fever fatigue,15,female,respiratory_infection
vomiting nausea abdominal cramps fever,62,female,gastroenteritis
hives swelling sore throat,26,female,allergic_reaction
chills headache sore throat body ache,23,male,flu
dark urine dizziness,15,male,dehydration
vomiting nausea abdominal cramps fever,67,female,gastroenteritis
swelling sneezing,67,male,allergic_reaction
severe headache sensitivity to light dizziness nausea,31,male,migraine
hives itching runny nose sneezing,33,female,allergic_reaction
headache fatigue dizziness dark dry mouth,45,male,dehydration
stuffy nose runny nose cough sore throat sweating,40,male,common_cold
sneezing rash swelling hives runny nose,70,female,allergic_reaction
sensitivity to light,51,female,migraine
chills fever fatigue,38,female,flu
abdominal cramps,69,male,gastroenteritis
severe headache nausea sensitivity to light,45,male,migraine
hives rash,71,male,allergic_reaction
dizziness nausea,35,male,migraine
throat body ache,31,female,flu
dark urine fatigue dizziness,47,male,dehydration
headache body ache,39,female,flu
body ache fatigue headache,47,male,flu
swelling rash sneezing hives nose,48,male,allergic_reaction
cough fatigue shortness of breath,66,female,respiratory_infection
fever diarrhea body ache,24,male,gastroenteritis
diarrhea abdominal nausea,43,female,gastroenteritis
vomiting fever pain,13,male,gastroenteritis
swelling rash runny nose weakness,45,male,allergic_reaction
cough stuffy mild headache,10,male,common_cold
dark urine fatigue dizziness headache,64,female,dehydration
sore cough headache chills,60,male,flu
cough fever shortness of breath fatigue chest,65,male,respiratory_infection
sore throat body ache,54,female,flu
